checkpoint,layer,position,pseudo_source,t,off_axis,t_refused,t_answered,entanglement,cos_vbeh_vref,cos_vbeh_vover,cos_vbeh_vover_orth,n_harmless,n_harmful,n_refused,n_answered,pseudo_read_harmful,t_lo,t_hi,off_axis_lo,off_axis_hi,t_refused_lo,t_refused_hi,t_answered_lo,t_answered_hi,entanglement_lo,entanglement_hi,cos_vbeh_vref_lo,cos_vbeh_vref_hi,cos_vbeh_vover_lo,cos_vbeh_vover_hi,cos_vbeh_vover_orth_lo,cos_vbeh_vover_orth_hi
base__none,8,last_prompt,all,0.09335845747516369,1.3365469934256147,0.12062558037196651,0.08748339581170629,0.06968069076538086,0.19582301378250122,0.19001781940460205,0.17680247128009796,942,952,170,789,0.022940563086548488,0.046929683061195424,0.15033060910695864,1.2463753873909416,1.4168251559079905,0.06697807566862424,0.18650572113265498,0.039528593827303116,0.1473648493884049,0.03501279763877392,0.11295053586363792,-0.032452898612245915,0.2991725236177444,-0.16302839629352092,0.43991148769855487,-0.17824470177292823,0.42633454650640484
base__none,8,last_prompt,false_reject,0.19062507065249812,1.6394565933091796,0.17987831494711312,0.19324619320935177,0.1154952272772789,-0.06094139814376831,-0.007791228126734495,-0.0007578562945127487,942,952,80,328,0.04656862745098039,0.13560580308811718,0.25642326229670076,1.5326590382174445,1.752876998886378,0.1068790548161702,0.2732736270693192,0.1401565055890074,0.26317455816245156,0.08446551803499461,0.15949715003371237,-0.24865507073700427,0.1451541673392057,-0.24071915820240974,0.22506768144667144,-0.258217516541481,0.24251581616699686
base__none,8,last_prompt,or_bench,0.019837514746793704,1.5019185031691316,0.07783077490706558,0.008024030812865334,0.013206951320171356,0.2596118748188019,-0.25249725580215454,-0.2559482455253601,942,952,66,324,0.007692307692307693,-0.022363704850174648,0.0846968135748441,1.4109336392589493,1.5852354173824907,-0.004990899895765225,0.16356349759837222,-0.034032448497874554,0.0722838852687701,-0.015142354392446577,0.0551702988334,0.00277856164611877,0.35563128963112817,-0.3848317064344883,0.0017155314155388524,-0.39039655700325965,0.0005968802899587833
base__none,8,last_prompt,xstest,0.024963447121423146,1.4442300904144674,0.04080237522462387,0.02218876604169226,0.01728237420320511,0.036461565643548965,0.18585042655467987,0.18524795770645142,942,952,24,137,0.0,-0.054304793830942465,0.10967176595190853,1.35498455489545,1.5630527398443745,-0.0599813292786265,0.14167816689341958,-0.05419073083087608,0.10898700473526667,-0.03888742700219154,0.07451601121574636,-0.05796560291200876,0.1170928644016385,-0.021050988836213945,0.25875706300139406,-0.02014443455263972,0.258719142526388
base__none,8,post_instr_0,all,0.1960866920921377,1.3496050192193598,0.15985496827843432,0.2041999431152327,0.14378222823143005,-0.21829351782798767,-0.2603186368942261,-0.23133565485477448,164,360,146,652,0.18671679197994986,0.11117227610923751,0.3228154765115467,1.188911277727226,1.5080145727401666,0.07670822505789382,0.2951229787261235,0.11446130983034764,0.3325693804164092,0.08418526574969293,0.23743194639682766,-0.35552572906017305,0.06447374178096624,-0.3869660243391991,-0.03489241395145659,-0.3904219664633274,0.00931666328106058
base__none,8,post_instr_0,false_reject,0.13836091967616734,1.4839352893985789,0.08190074780988758,0.15213168823628878,0.09283651411533356,-0.31368154287338257,-0.1970505565404892,-0.1686578243970871,164,360,80,328,0.04411764705882353,0.05520434025582659,0.2806231345389696,1.3050986569190772,1.6497649563450831,-0.008442317029541024,0.23460977660185914,0.05961694161866309,0.2968782952724718,0.03853752110153437,0.18721663020551202,-0.3804463341832161,-0.052251543663442146,-0.32593308091163636,0.009226713725365664,-0.30480014979839326,0.04499603621661658
base__none,8,post_instr_0,or_bench,0.25647675103922213,1.3115514828150112,0.2543449406277459,0.25691101052563675,0.1919170618057251,-0.00925331749022007,-0.2198287844657898,-0.22218307852745056,164,360,66,324,0.33589743589743587,0.16676778463430542,0.3850750620403389,1.1547315455298144,1.4719170026393262,0.1412600915818033,0.4188368245412465,0.16318814087369654,0.38239881699471423,0.1262253649532795,0.28332855626940723,-0.27385576665401457,0.25924247354269025,-0.2904735065996647,0.005536600784398445,-0.3063327357172966,0.031095310673117525
base__none,8,post_instr_1,all,0.4398532648045012,1.5130238402011704,0.40036889260307573,0.4486948955786933,0.279154509305954,-0.2131572961807251,-0.3929253816604614,-0.34722504019737244,164,360,146,652,0.38596491228070173,0.2791884805456693,0.6346406110420694,1.3105356210645493,1.6287502978709376,0.24458719136792043,0.5931443140442939,0.2850975789346893,0.6441197676347217,0.188888331502676,0.3950745619833469,-0.3409904822707176,0.04051587590947737,-0.4852270945906639,-0.11750350911170244,-0.47174694314599036,-0.05704286117106684
base__none,8,post_instr_1,false_reject,0.4824912913385053,1.64211987513122,0.4162018846173258,0.49865945348152163,0.2819054126739502,-0.27730169892311096,-0.3703538477420807,-0.30453217029571533,164,360,80,328,0.4387254901960784,0.3139935714776465,0.685239642476092,1.4456684073119468,1.7648848578259406,0.23935455441862735,0.6380322801143189,0.3307557545635725,0.7013242441688652,0.19601031094789506,0.3923675343394279,-0.382356958091259,0.0015062471386043663,-0.45150172114372256,-0.11185717061162026,-0.39647396802902224,-0.06770014725625517
base__none,8,post_instr_1,or_bench,0.3952473643988042,1.499618779574816,0.38117741014077233,0.3981135067219388,0.25486165285110474,-0.06031859666109085,-0.2600232660770416,-0.2530052065849304,164,360,66,324,0.33076923076923076,0.21958006629373056,0.5838488164336154,1.2997874968983734,1.6159697680299774,0.19642143869981732,0.5873644942163725,0.2274991908410338,0.5843822558812032,0.1521533749997616,0.37003754898905755,-0.2540053613483906,0.20346808433532668,-0.3712249644100666,0.038948451913892956,-0.3841539457440376,0.05672934390604487
base__none,8,post_instr_2,all,-0.03803584509128313,1.5017080720719194,-0.05264287391360715,-0.03476494427714173,-0.02532026916742325,-0.08785801380872726,-0.3690999448299408,-0.37144359946250916,164,360,146,652,0.17293233082706766,-0.16338420031936454,0.17018785658921626,1.2433945670058284,1.7336241023269894,-0.19307668028493627,0.1414087293528973,-0.16438054445294017,0.16404420492555766,-0.10630667638033628,0.10182500109076494,-0.36333494633436203,0.2795193001627919,-0.5755110859870911,0.044324887823313425,-0.5743802487850189,0.037188530433922784
base__none,8,post_instr_2,false_reject,-0.12942769784208813,1.718408928581886,-0.17929847513054803,-0.1172640911358986,-0.07510560750961304,-0.2598280906677246,-0.297718346118927,-0.3181314468383789,164,360,80,328,0.029411764705882353,-0.2514680534682723,0.11308802805927001,1.423950955725488,1.970618061325563,-0.29916963765278515,0.05598220727784216,-0.2448292096611685,0.12540469100067905,-0.15504224076867104,0.059732281789183495,-0.3678992472589016,0.0017192824569064458,-0.4684220962226391,0.03415430625900622,-0.46662074476480486,0.017775342101230846
base__none,8,post_instr_2,or_bench,0.05757409075525911,1.3706141486814083,0.1008790762344277,0.04875270373383476,0.04196903482079506,0.19197788834571838,-0.34294039011001587,-0.35130706429481506,164,360,66,324,0.3230769230769231,-0.06299319920618596,0.24448301887318014,1.1456843927669371,1.589630353623743,-0.09458963164764286,0.3338212831043143,-0.07663738355482189,0.23181847272497322,-0.0437251191586256,0.18360986337065696,-0.304633542150259,0.4660042747855186,-0.47019739598035815,0.1404084416106331,-0.4890512987971306,0.14233410898595938
base__none,8,first_gen,all,0.4658631598471677,1.4877016258693174,0.4996394815989282,0.4585856597349161,0.29883384704589844,0.099913589656353,0.033386655151844025,0.0036980751901865005,942,952,170,789,0.46506777893639206,0.3413327817986117,0.6131670976176796,1.3816540349726645,1.559829155814509,0.3745677281508246,0.660141364545886,0.3324153123132691,0.6080466051323951,0.2315121240913868,0.3828905448317526,-0.02691064733080566,0.18519411198794833,-0.17945512533187866,0.27160503864288305,-0.19027476012706757,0.23595642559230326
base__none,8,first_gen,false_reject,0.5230334362212619,1.8130827637988753,0.5154489170127289,0.5248833990312717,0.27717477083206177,-0.02038031443953514,-0.10271894931793213,-0.10102838277816772,942,952,80,328,0.45588235294117646,0.37835457408686946,0.7035390314054655,1.7055350429673317,1.893362136782853,0.36335701709712204,0.7029162729778559,0.3835013019652351,0.7097018105288176,0.21045289635658265,0.36158628314733504,-0.12121843341737985,0.08628490548580882,-0.2188292436301708,0.05865859603509305,-0.20757070370018482,0.03974774070084093
base__none,8,first_gen,or_bench,0.5776534748408184,1.8926748314923383,0.6051795706823059,0.5720462724273401,0.2919117212295532,0.057491134852170944,-0.16895872354507446,-0.1941993534564972,942,952,66,324,0.5974358974358974,0.42696043258992683,0.7841214533470734,1.780230330145421,1.9655205210320688,0.4464441197480056,0.8241218927666605,0.4180425795255783,0.7774004340725972,0.22541889026761056,0.3831026829779147,-0.022600785829126835,0.13014221787452693,-0.25100940726697446,-0.01826767423190178,-0.2775984413921833,-0.044785793870687554
base__none,8,first_gen,xstest,0.05018810117928602,1.4633304075568172,0.15670609251708884,0.031528014249638324,0.03427702933549881,0.12910659611225128,0.07433594763278961,0.06995165348052979,942,952,24,137,0.16770186335403728,-0.02934930432096735,0.16553019544808642,1.372626249651466,1.5907500708306719,-0.007844475229393135,0.32199182559306166,-0.04573258593508129,0.14698942056499376,-0.020515121426433323,0.10853833947330713,-0.03571601901203394,0.20492817088961596,-0.12601193357259036,0.1918136149644851,-0.1261515486985445,0.18330203220248215
base__none,16,last_prompt,all,0.03543452497905752,1.3395713496235742,0.057783220041638834,0.03061916602233695,0.026442842558026314,0.14135611057281494,-0.0164596326649189,-0.020204562693834305,942,952,170,789,0.023983315954118872,-0.023062995107290464,0.09917630451527333,1.2480556974589336,1.425113754837489,-0.006487601446378527,0.1247084457982485,-0.029422385865612764,0.09547828041419243,-0.017992839729413387,0.07531304471194743,-0.06875818856060505,0.2575080543756483,-0.2843878172338009,0.27463968917727466,-0.28813623264431953,0.26411697342991824
base__none,16,last_prompt,false_reject,0.12747594832461542,1.555534333295542,0.1248113956393802,0.1281258124849173,0.08167614042758942,-0.012488944455981255,-0.11503592133522034,-0.1143980622291565,942,952,80,328,0.049019607843137254,0.06772033920222575,0.19853905312739792,1.4540205362922975,1.6757635122689132,0.04999709451450383,0.222115437135607,0.07222466315054113,0.2026701871435541,0.04580582138150931,0.12778916507959362,-0.21832973510026932,0.174570906534791,-0.2796383537352085,0.10469602830708011,-0.29459315091371535,0.11368502862751483
base__none,16,last_prompt,or_bench,-0.05616825376179633,1.5083355499716766,-0.0011315554359785226,-0.06737939629488489,-0.03721277415752411,0.20413893461227417,-0.36519813537597656,-0.3578493893146515,942,952,66,324,0.007692307692307693,-0.10866864518095995,0.006068864871862234,1.4115392049912776,1.6086143604359184,-0.0757859385702804,0.08315226612439283,-0.11691214566454233,-0.002328154805244195,-0.073347906768322,0.003947729617357221,0.004033103422261775,0.31189681068062736,-0.4734826125204563,-0.09444217458367352,-0.468612414598465,-0.08595619294792425
base__none,16,last_prompt,xstest,0.024081489337368776,1.474286508316428,-0.0036283684439981996,0.028935788335637643,0.01633216068148613,-0.06564560532569885,0.10236460715532303,0.10345053672790527,942,952,24,137,0.0,-0.05882326088531776,0.11352213080368109,1.3756609945907776,1.5818513962488197,-0.11192184345539959,0.10150060307541074,-0.053444364823711135,0.11416373696260533,-0.041518983989953996,0.07464988883584732,-0.13806614615023136,0.05183965284377336,-0.0628940680064261,0.19517978057265278,-0.06197971254587173,0.1956128165125847
base__none,16,post_instr_0,all,0.01431723281606573,1.39194693200904,0.0009371688827192989,0.017313369463196636,0.010285220108926296,-0.0632043331861496,-0.34101852774620056,-0.3403865098953247,164,360,146,652,0.14786967418546365,-0.04874417559167407,0.14312080684973366,1.2171253529854613,1.5447571620169758,-0.07136760802780112,0.14288641538441285,-0.05132197166258316,0.14809837971746356,-0.037777569890022275,0.10330792721360918,-0.24052148684859276,0.14188123121857635,-0.4169695138931274,-0.15331987887620926,-0.4194362677633762,-0.13231729380786422
base__none,16,post_instr_0,false_reject,-0.024425145256816057,1.4681309465918424,-0.050314514586792446,-0.018110663098637014,-0.016634594649076462,-0.12026284635066986,-0.2508156895637512,-0.2528512179851532,164,360,80,328,0.04411764705882353,-0.08875987729793813,0.1151441405623718,1.2805270499672208,1.6273979320706924,-0.12492878072759324,0.09108915272092154,-0.08579920530513191,0.12014563130355817,-0.06318894345313311,0.07835818082094191,-0.24714984446763993,0.08960874434560519,-0.35187511146068573,-0.04875339409336462,-0.3520315997302532,-0.04564739717170602
base__none,16,post_instr_0,or_bench,0.054847727982947805,1.429202583754478,0.06306042469763197,0.05317475867406119,0.03834822401404381,0.028279583901166916,-0.29254627227783203,-0.29384690523147583,164,360,66,324,0.2564102564102564,-0.02183350014750503,0.18399571764758088,1.244950374520852,1.5804078971242765,-0.04786206944675295,0.23185239253161266,-0.024174007479128616,0.17967196951619907,-0.01683473770972341,0.12893375344574443,-0.2663720592856407,0.25901777148246746,-0.3768482357263565,-0.03913806332275298,-0.38356202021241187,-0.03309386698529137
base__none,16,post_instr_1,all,0.30324171839427627,1.4786276023697826,0.2755004682454081,0.3094537055889002,0.20090186595916748,-0.1336759477853775,-0.3942611515522003,-0.37505218386650085,164,360,146,652,0.24812030075187969,0.15945021713345572,0.4941545294971722,1.309886334884406,1.588791313575385,0.13994634352322777,0.4522572739433082,0.16289996212353675,0.5047082816453949,0.11359464526176452,0.3190628886222839,-0.293292424082756,0.09367276057600944,-0.48248487114906313,-0.1472215577960015,-0.47456661611795425,-0.12232648096978666
base__none,16,post_instr_1,false_reject,0.3069201183990625,1.6393344701869976,0.264722574177495,0.31721216929525375,0.1840249001979828,-0.17840155959129333,-0.39383915066719055,-0.36728137731552124,164,360,80,328,0.17401960784313725,0.16681492757066774,0.48587877939898094,1.4521254569819004,1.755618946978189,0.12581726296125634,0.45982408724946033,0.17884102412143088,0.4955478018979252,0.10797938741743565,0.2949480488896368,-0.29700045883655546,0.033142698742449184,-0.4757802151143551,-0.1457874361425639,-0.45837039574980737,-0.1194661645218731
base__none,16,post_instr_1,or_bench,0.29939353385716244,1.461532232452825,0.2885645758934289,0.3015994006757915,0.20068171620368958,-0.03991527110338211,-0.2763487994670868,-0.27391085028648376,164,360,66,324,0.32564102564102565,0.1758795269235153,0.46723808417466145,1.2801528492251903,1.5777541440935634,0.13817873805141878,0.47904162817479345,0.16565553192494067,0.47484315670127986,0.11868959739804268,0.30894070491194725,-0.27751538455486296,0.23273063041269776,-0.37058006748557093,-0.021920433361083465,-0.3799444705247879,0.006787526165135088
base__none,16,post_instr_2,all,-0.030473307274454887,1.390585792472677,-0.038218970709880944,-0.02873884579437072,-0.021908745169639587,-0.029908552765846252,-0.4813905954360962,-0.48216158151626587,164,360,146,652,0.15288220551378445,-0.1370723941750545,0.1471405813936112,1.2028655700800825,1.5580009508245858,-0.14087414190713587,0.12363915564320807,-0.13565726968184405,0.1541388557154213,-0.09622242785990238,0.10296211391687381,-0.2613154135644436,0.1991506289690733,-0.5714208960533143,-0.23201559782028205,-0.5759429708123207,-0.2249480750411749
base__none,16,post_instr_2,false_reject,-0.17483149052194713,1.486370227367947,-0.17136343348920968,-0.175677360246028,-0.11681778728961945,0.014180111698806286,-0.40567511320114136,-0.40680384635925293,164,360,80,328,0.012254901960784314,-0.26743250841646404,0.01125071032763852,1.2880531770720551,1.674952206767497,-0.25545023830186886,0.007089293599808675,-0.27160128042168497,0.011329466423109863,-0.1784880444407463,0.007225171697791638,-0.09699225444346667,0.12323909103870385,-0.46365911886096,-0.17440671399235744,-0.4631963700056076,-0.17417721636593345
base__none,16,post_instr_2,or_bench,0.12054756019821468,1.4429528522315744,0.12316825422385264,0.12001372477305985,0.08325225114822388,0.0072072958573699,-0.3707660436630249,-0.3726598024368286,164,360,66,324,0.3,-0.006808575250875296,0.2839831385771913,1.2411937730806069,1.611302834359093,-0.039722796503420324,0.3459211473525297,-0.013105698865929483,0.28739422631458916,-0.004970329534262418,0.20320791900157925,-0.32736744955182073,0.2816703401505946,-0.4792906865477562,-0.03561670593917432,-0.4916485384106636,-0.017245597438887504
base__none,16,first_gen,all,0.5030633181457573,1.6878786402315458,0.5541259889611244,0.49206123014634595,0.2856282889842987,0.13712367415428162,-0.013002153486013412,-0.0544363409280777,942,952,170,789,0.5067778936392076,0.38343099302535083,0.6374223342144186,1.570131749326217,1.753132148227665,0.4253287786993056,0.701736987374002,0.3710928386371766,0.6290661737110597,0.22639498487114906,0.36326664686203,0.004613850085297601,0.22033599391579622,-0.22589080221951008,0.24392912015318866,-0.26583670675754545,0.20681691393256182
base__none,16,first_gen,false_reject,0.5325223160137107,2.054504392903399,0.5500154899245341,0.5282557349834602,0.2509061098098755,0.038518380373716354,-0.18685847520828247,-0.2030171900987625,942,952,80,328,0.4534313725490196,0.39080585306248156,0.6943317363266567,1.938241695135511,2.1266074951381717,0.39196054606517744,0.7298968693123382,0.3881456292643513,0.6963793512677949,0.1879641368985176,0.32159720957279203,-0.10420270562171936,0.15072669573128222,-0.29012923017144204,-0.009541336796246695,-0.288186876475811,-0.030735081899911178
base__none,16,first_gen,or_bench,0.5951273868880684,2.1884638695788827,0.6339255694035898,0.5872240994839791,0.2624088227748871,0.06993221491575241,-0.16292066872119904,-0.18785449862480164,942,952,66,324,0.6358974358974359,0.45918554612616874,0.7739919899013642,2.0619522092595495,2.2623438201501607,0.4682807582403833,0.8244377554609833,0.4424541835615923,0.7652843870006328,0.20594358891248704,0.3395488604903221,-0.016869639698415994,0.14603009745478626,-0.3035165950655937,0.016099879122339046,-0.325832112878561,0.0065193331101907484
base__none,16,first_gen,xstest,0.20539684795125968,1.3611682227225557,0.3483784765255455,0.18034893033057733,0.14920827746391296,0.15894290804862976,0.027275901287794113,0.003600616939365864,942,952,24,137,0.32919254658385094,0.11791179672565912,0.31466920067495263,1.2842603285225003,1.4670587390851997,0.16270357650817996,0.5359826783940937,0.08494553670119011,0.30336512921549114,0.08627335578203202,0.2173259790986776,-0.030595195153728126,0.2494716677814721,-0.1471559826284647,0.16673517376184446,-0.15472724735736845,0.13251972496509548
base__none,19,last_prompt,all,-0.026363688266829725,1.4568950260616649,-0.004362932171056236,-0.031104022899587965,-0.018092837184667587,0.142988920211792,-0.10085198283195496,-0.09828099608421326,942,952,170,789,0.02502606882168926,-0.09546879413684341,0.052646459787921734,1.3486830249604047,1.54781007571092,-0.08230808072642616,0.07636257866518122,-0.1013881714967497,0.04841999583791799,-0.06732553616166115,0.036462452355772224,-0.09083017464727162,0.2880674362182617,-0.41665173768997193,0.30926736369729013,-0.41697036921978,0.3103048294782636
base__none,19,last_prompt,false_reject,0.023065240118473204,1.674042086447447,0.03210434149434358,0.020860581528425723,0.01377686858177185,0.041840679943561554,-0.14619216322898865,-0.1467825025320053,942,952,80,328,0.04656862745098039,-0.05410313076543597,0.11369650044827175,1.5613097955036,1.8076685722299373,-0.06755470317880122,0.1439063108539623,-0.05585685504134957,0.11437925037949986,-0.033805413637310266,0.06810151468962428,-0.1699082113802433,0.22412152513861644,-0.3541023053228855,0.10256799422204468,-0.3568211644887924,0.1097392352297897
base__none,19,last_prompt,or_bench,-0.12984547182745138,1.602839762604574,-0.07394626843463468,-0.14123231489117255,-0.08074511587619781,0.21564920246601105,-0.5052667856216431,-0.4894523620605469,942,952,66,324,0.007692307692307693,-0.1870300642728996,-0.05640697230491492,1.485743142039432,1.7149882024244358,-0.15148110999558562,0.011907157414423037,-0.19915415652924195,-0.06329640207929123,-0.11985351871699094,-0.034416968189179956,0.011698711686767638,0.3361776039004324,-0.6064108118414879,-0.15357341095805174,-0.5970966339111328,-0.12919246405363097
base__none,19,last_prompt,xstest,0.09904550195654009,1.7026073765664365,0.06543367195862765,0.10493369379666492,0.05807463824748993,-0.07739739120006561,0.12662872672080994,0.1313452422618866,942,952,24,137,0.012422360248447204,-0.01149165948373315,0.21008967843518425,1.5884266301217305,1.820639614213519,-0.07685652413539865,0.19179856217662886,-0.004561487780197467,0.21465618929052824,-0.006879312545061111,0.12326672095805405,-0.15885213539004325,0.04970342442393296,-0.04643014734610915,0.2197258777916431,-0.03946937099099159,0.22377737872302525
base__none,19,post_instr_0,all,-0.09524440957346313,1.4071974860690664,-0.093392622171989,-0.09565909204666152,-0.06752924621105194,0.008553743362426758,-0.36348074674606323,-0.3637334108352661,164,360,146,652,0.10776942355889724,-0.16273009349331546,0.04186279333536524,1.222853464215686,1.5865346871519632,-0.1609391127523203,0.05579578167692277,-0.16203220271620017,0.04499500207920161,-0.12299711145460605,0.02871940741315479,-0.2012831013649702,0.21392419077455996,-0.45248168259859084,-0.14156166724860678,-0.45079646185040473,-0.15151267908513547
base__none,19,post_instr_0,false_reject,-0.11932344284490831,1.453538564151124,-0.1303947681885179,-0.11662313411166055,-0.08181647956371307,-0.047488439828157425,-0.20905950665473938,-0.21366113424301147,164,360,80,328,0.0392156862745098,-0.17761280436086627,0.017352753378679,1.265743884195768,1.6375758323493645,-0.2011598271362394,0.015995524251605452,-0.17565651227604356,0.01854297087052863,-0.1293761283159256,0.011199771217070479,-0.20632642954587935,0.14484944343566886,-0.34588118344545365,-0.0034941134625115404,-0.3466933831572533,-0.011426563793793523
base__none,19,post_instr_0,or_bench,-0.07005402393140167,1.4640778905149388,-0.04854155983030075,-0.07443622465372066,-0.04779389128088951,0.07796429097652435,-0.34749042987823486,-0.34415751695632935,164,360,66,324,0.1794871794871795,-0.15920390498642178,0.06522871147732598,1.2682882383039975,1.6521754609371277,-0.17322414788211363,0.14018052262768863,-0.16140224698526903,0.06180124042704948,-0.10567571893334389,0.04433509884402154,-0.2794882908463478,0.32680103629827495,-0.44227769821882246,-0.058918137196451476,-0.43784298971295355,-0.06018358701840053
base__none,19,post_instr_1,all,0.18731494530670556,1.3908628343889886,0.1661301589813989,0.19205878070632018,0.13347037136554718,-0.10530772060155869,-0.4123040437698364,-0.40184396505355835,164,360,146,652,0.20676691729323307,0.07736715446143985,0.3581766391501975,1.2123741168641162,1.529625324972084,0.04999737632156797,0.3308558585307223,0.07957035285479432,0.36728148100005525,0.059152932651340966,0.25177896916866305,-0.3099037602543831,0.14919799678027626,-0.4903412848711014,-0.17351177297532563,-0.4965853042900562,-0.14792564548552045
base__none,19,post_instr_1,false_reject,0.15713909578758647,1.5363385794176376,0.12236207965405388,0.16562129979392992,0.1017507016658783,-0.15078561007976532,-0.3850492835044861,-0.3716355562210083,164,360,80,328,0.10294117647058823,0.048815140927956184,0.32703105377774644,1.3326181016394718,1.6783703563291426,0.0052662442327047095,0.30294473246065395,0.056642902407073994,0.3356488413105272,0.032221752451732755,0.20800656005740165,-0.27671313285827637,0.07076421305537217,-0.49532388150691986,-0.12950064633041644,-0.4840573348104954,-0.12115042153745895
base__none,19,post_instr_1,or_bench,0.21888351814705348,1.401614986839589,0.21918235021362903,0.21882264072070756,0.15429511666297913,0.0011473104823380709,-0.2745152413845062,-0.27802160382270813,164,360,66,324,0.3153846153846154,0.10711252059514947,0.3728684813274315,1.2101441948932314,1.5400661017773478,0.0748764777633017,0.3943361323462116,0.09860147352885629,0.37177542587485285,0.07492558546364307,0.261036804318428,-0.3029343456029892,0.2945336036384104,-0.37560479119420054,-0.03514555385336299,-0.3946365587413311,0.0031535652698945664
base__none,19,post_instr_2,all,0.011829228533571755,1.4023966399360503,0.018820467020659735,0.010263702095188511,0.008434695191681385,0.02698490023612976,-0.4551929235458374,-0.45543673634529114,164,360,146,652,0.14786967418546365,-0.08062506403270125,0.16654334335252083,1.2241263365852857,1.5636061468246047,-0.07906420931971483,0.17333428822768313,-0.08562637279967923,0.16867435601915323,-0.057991438638418914,0.11571997422724957,-0.18576037995517253,0.23037118092179296,-0.5736053556203842,-0.16574151292443287,-0.5778009608387947,-0.1600014552474023
base__none,19,post_instr_2,false_reject,-0.1284678560051399,1.4809371575862935,-0.10820610976850942,-0.1334097419840295,-0.0864231288433075,0.07797941565513611,-0.35990527272224426,-0.3544923663139343,164,360,80,328,0.00980392156862745,-0.2108669281581294,0.032941216453983325,1.2946042425654594,1.6531529445976525,-0.1910721144790939,0.057443079321475285,-0.21933769263280897,0.02968874658496289,-0.1422663927078247,0.022691926639527002,-0.059850753936916586,0.17444864735007284,-0.43755251094698905,-0.1271351525560023,-0.4333994843065739,-0.1220205195248127
base__none,19,post_instr_2,or_bench,0.15860157226204352,1.4933368064762111,0.1727920755387432,0.15571090571605953,0.10561219602823257,0.04039715230464935,-0.3486377000808716,-0.3548888564109802,164,360,66,324,0.2923076923076923,0.048178128371144935,0.30296895662856305,1.2858147893995935,1.656590072641919,0.04017853908108912,0.367254143519831,0.04253919445506557,0.30722752658775093,0.032088183192536236,0.21002650596201414,-0.2700956121087074,0.27995645180344536,-0.4738992124795914,0.061720319744199344,-0.49534323886036874,0.07419098671525697
base__none,19,first_gen,all,0.5763535928259774,1.724423188454864,0.6533580852044398,0.5597619857777242,0.316992849111557,0.1897062361240387,0.009035508148372173,-0.05387864261865616,942,952,170,789,0.4869655891553702,0.4558782739047165,0.7170976965635998,1.6064480448280445,1.8039330435241459,0.5151497687370576,0.8090233038840442,0.4383932709982513,0.7019237441434645,0.25655838176608087,0.3938591241836546,0.044382964447140696,0.26972378268837927,-0.1918065920472145,0.2517252031713723,-0.24113660268485546,0.2034101765602826
base__none,19,first_gen,false_reject,0.5883809778137665,2.118735411470744,0.6338286866146073,0.5772961308690577,0.26757773756980896,0.09230473637580872,-0.18194809556007385,-0.21446704864501953,942,952,80,328,0.44607843137254904,0.4388557468539726,0.7482583720059325,1.9924487928693257,2.191475648349531,0.47374915100342835,0.8299383861939611,0.42978795423493366,0.7440933234686448,0.2062588579952717,0.33680204153060905,-0.08435153514146805,0.22264612056314945,-0.2660671785473824,-0.012710087187588284,-0.28166254609823227,-0.04452051538974054
base__none,19,first_gen,or_bench,0.6352130972429804,2.261381586013949,0.7102929306416391,0.619919068272954,0.270429790019989,0.12236152589321136,-0.14541131258010864,-0.18540993332862854,942,952,66,324,0.5743589743589743,0.4862915155871463,0.8306927863647957,2.110561710455578,2.3443384032707297,0.5298348431772684,0.9304862613879413,0.4648932106305243,0.8152504400140513,0.2110699225217104,0.3499975502490996,0.001967582711949949,0.20083538256585598,-0.29413309842348095,0.03375812331214546,-0.32666288539767263,0.011227836704346685
base__none,19,first_gen,xstest,0.40329515744860467,1.3595244021731945,0.5618853345163694,0.3755129624285548,0.2843950390815735,0.16899852454662323,0.039284057915210724,-0.00915638729929924,942,952,24,137,0.37888198757763975,0.2850940729941811,0.5340092730133403,1.286632161191603,1.4841027616898548,0.31337240465038785,0.8164374936411182,0.24308848510327327,0.5174366989159008,0.2036711595952511,0.3511887237429619,-0.06485558915883302,0.3084709405899047,-0.1611762959510088,0.20122632309794425,-0.17421429976820946,0.12891866602003568
base__none,24,last_prompt,all,0.0007225869983011316,1.4710729217765937,0.023649504902398876,-0.004217312048139632,0.0004912009462714195,0.14471381902694702,-0.09646149724721909,-0.09653258323669434,942,952,170,789,0.026068821689259645,-0.06684358233767877,0.07636520847617408,1.3638237439120013,1.56266762304214,-0.05077941093044305,0.10568489276821899,-0.07911806852346193,0.0767083124974941,-0.04713432537391782,0.05176487723365425,-0.1055473856627941,0.28820686489343605,-0.4243515871465206,0.33111222758889186,-0.42509125396609304,0.32701615616679186
base__none,24,last_prompt,false_reject,0.025970528802553513,1.734920513705979,0.03878546600150244,0.022844937590160423,0.014967618510127068,0.05656736344099045,-0.19761185348033905,-0.1984807848930359,942,952,80,328,0.04656862745098039,-0.0496662320204167,0.1167734520639462,1.619102403737809,1.8694868471507835,-0.05852635038871279,0.14611438623640696,-0.05314915577337657,0.10905637049772617,-0.029064939310774206,0.06633943896740671,-0.16914896257221698,0.2210315998643636,-0.4018394239246845,0.09181971698999399,-0.40835978016257285,0.09325092136859892
base__none,24,last_prompt,or_bench,-0.12003308194979534,1.6307719219272179,-0.0653245614795687,-0.13117740355595542,-0.07340648025274277,0.21517309546470642,-0.4860385060310364,-0.4715154767036438,942,952,66,324,0.007692307692307693,-0.1787005349778142,-0.04325880193876831,1.5245961151399534,1.7412699156482334,-0.1489010110430907,0.02406428706962178,-0.19288430568233203,-0.04727528747081748,-0.11433719247579574,-0.026153737120330336,-0.016176812606863676,0.3487859144806859,-0.6197644859552384,-0.08171681948006157,-0.6108980774879456,-0.06478569246828562
base__none,24,last_prompt,xstest,0.22925389414172057,1.5768406200079024,0.21787499925751747,0.23124726348244182,0.14387549459934235,-0.025685587897896767,0.07541780918836594,0.07994510233402252,942,952,24,137,0.018633540372670808,0.12080363731694788,0.3318016728689536,1.4822841942341827,1.6816320961114046,0.08101979301419199,0.3441457007754114,0.12461641421878189,0.3311841554380172,0.07488477788865566,0.20345557704567904,-0.14933081902563572,0.09465168733149766,-0.08298263922333718,0.1903737690299749,-0.07202266342937946,0.1853341359645128
base__none,24,post_instr_0,all,-0.23604354419159715,1.4503269797978353,-0.2006960635008177,-0.2439587687615786,-0.16063833236694336,0.14552468061447144,-0.4870310425758362,-0.469754695892334,164,360,146,652,0.11027568922305764,-0.3033997060481851,-0.08201015440430016,1.2249932398687369,1.6633905923748078,-0.2829145414704414,-0.03699146262512909,-0.3134227410876393,-0.08738105377194556,-0.20804672986268996,-0.05042826123535649,-0.1364885728806257,0.331750325858593,-0.5691705077886582,-0.20300209075212514,-0.5343996316194535,-0.22115949355065825
base__none,24,post_instr_0,false_reject,-0.226157101534413,1.456399114387992,-0.21411724608975508,-0.22909365045203814,-0.15344607830047607,0.04555141180753708,-0.3091038167476654,-0.3057349622249603,164,360,80,328,0.031862745098039214,-0.2947371166846725,-0.07052970674678193,1.2360469951671906,1.6730507797323624,-0.30779698557924695,-0.05376551203870508,-0.29744446698432375,-0.07803654813987407,-0.2037320528179407,-0.05028701573610308,-0.18295579738914966,0.23785595297813403,-0.4437147222459316,-0.047772511932999015,-0.4274860993027687,-0.07834190148860225
base__none,24,post_instr_0,or_bench,-0.24638627919460535,1.5565464788617482,-0.18442792393931925,-0.2590074325672921,-0.15634378790855408,0.2087874859571457,-0.4497835040092468,-0.4223344624042511,164,360,66,324,0.19230769230769232,-0.35284017347105506,-0.0833070015535826,1.317148897633925,1.798480973527502,-0.3417559902246933,0.053480336116708486,-0.3672270380699575,-0.1030405944668902,-0.2195068895816803,-0.05285810958594099,-0.23928404636681078,0.439756891131401,-0.554377657175064,-0.031246694899165133,-0.5229969531297683,-0.05658684521913574
base__none,24,post_instr_1,all,0.07375649315265317,1.3390989849613533,0.061631634757017176,0.07647156440200685,0.054995834827423096,-0.06182529404759407,-0.4345988631248474,-0.4318522810935974,164,360,146,652,0.16666666666666666,-0.021255371668101514,0.23823578114107366,1.1440094216550654,1.491025576820535,-0.04816204361648544,0.22104454710418586,-0.02083996822231808,0.2457591090427074,-0.017436941806226968,0.17701299525797362,-0.3071790270507336,0.1988743253052233,-0.5218133106827736,-0.19367368221282963,-0.5247623965144157,-0.1798747166991235
base__none,24,post_instr_1,false_reject,0.06354250460448357,1.4531326386470742,0.036501352735045324,0.0701378795624136,0.043686188757419586,-0.11515168845653534,-0.40118199586868286,-0.39653000235557556,164,360,80,328,0.07107843137254902,-0.03334649396713989,0.21856497275283243,1.2347365413937361,1.6024375507013517,-0.06551188854760837,0.20132850991364695,-0.026434635346654016,0.22874432472703418,-0.024199486733414224,0.1512756884098052,-0.2746797166764736,0.12960500176995968,-0.517292183637619,-0.13215601481497297,-0.5142721995711327,-0.13226929381489755
base__none,24,post_instr_1,or_bench,0.08444193117400729,1.3746506887118652,0.09209260379677262,0.08288344828659126,0.06131235510110855,0.031507402658462524,-0.2639309763908386,-0.26636388897895813,164,360,66,324,0.26666666666666666,-0.03152122372636771,0.2387305178173293,1.1715816482447783,1.5358510946878954,-0.041555221496508865,0.2857886062217002,-0.033201858684799294,0.23938167013664338,-0.023567639384418724,0.17048968859016894,-0.3168648198246956,0.3405504800379276,-0.4030197076499462,-0.013397013628855422,-0.4112272389233112,0.010770614352076607
base__none,24,post_instr_2,all,0.11798904693412797,1.4673162457715607,0.1515792915312398,0.11046731485651308,0.0801527351140976,0.1135762482881546,-0.3648518919944763,-0.37516236305236816,164,360,146,652,0.15162907268170425,0.02648140613674649,0.2757337623847329,1.2788742971143707,1.5931728573847235,0.051171699186824675,0.310463924863434,0.014899908304504541,0.2768040599843036,0.01836676336824894,0.18685287535190578,-0.05586857050657272,0.2622475571930408,-0.5130778416991234,-0.08235673941671852,-0.5260648161172867,-0.08539134711027152
base__none,24,post_instr_2,false_reject,-0.010174430348665995,1.5480981714850202,0.031064285450567337,-0.02023265978724548,-0.0065720644779503345,0.1348911076784134,-0.2771458923816681,-0.27626538276672363,164,360,80,328,0.01715686274509804,-0.09216773427812355,0.17337837242942256,1.3618302553697281,1.6847044066833479,-0.05357863764871574,0.2120418235735602,-0.10114926632262418,0.16413094656352836,-0.06277479715645314,0.10845722891390319,0.0040478354203514755,0.21684303730726232,-0.37538446113467216,-0.08104819878935816,-0.3745107725262642,-0.08294683359563364
base__none,24,post_instr_2,or_bench,0.25206777652078255,1.5966420446715122,0.297658062976173,0.2427808777467812,0.15594226121902466,0.11311601102352142,-0.28384095430374146,-0.30521446466445923,164,360,66,324,0.2923076923076923,0.13766858881860305,0.406822965634288,1.3850287246908488,1.7382451175769722,0.17113941615921657,0.46851208821215046,0.1271962407501507,0.39440169014629733,0.08808025233447551,0.25101027935743325,-0.1162083087489009,0.272857955098152,-0.4427160009741783,0.09776539281010628,-0.4819318361580372,0.09347646515816423
base__none,24,first_gen,all,0.635356949162633,1.5458083209604185,0.703515366068103,0.6206713892517024,0.38016021251678467,0.15531595051288605,0.007686219178140163,-0.0555276945233345,942,952,170,789,0.45359749739311783,0.5334901015943592,0.7518028486602665,1.4353700923683426,1.6217662747482733,0.5823988818112839,0.8338963547895472,0.5187328710298522,0.7343654031261182,0.3264695003628731,0.44492438733577727,0.0033816169365309193,0.24681499712169155,-0.17228355668485165,0.2276684522628784,-0.23122317530214787,0.16792493313550938
base__none,24,first_gen,false_reject,0.6405059559894958,1.9097524877742225,0.6831432465025306,0.6301065885070857,0.31797945499420166,0.08112805336713791,-0.15781547129154205,-0.19366416335105896,942,952,80,328,0.44607843137254904,0.514374782318666,0.7758834827152028,1.784402693752305,1.97695180307556,0.5381054266495826,0.8593105965395469,0.5073118283448913,0.7701638441599461,0.2617061883211136,0.37978772073984146,-0.0875650918111205,0.201550082117319,-0.2507715404033661,0.003331202059052769,-0.2634335428476334,-0.028587456932291425
base__none,24,first_gen,or_bench,0.658311195459697,2.09382069877805,0.7237334220058329,0.6449844012391885,0.2999316155910492,0.09856650233268738,-0.11706441640853882,-0.15370404720306396,942,952,66,324,0.48205128205128206,0.5231360191631031,0.8239854924662606,1.9422290214891216,2.1868418285482107,0.5587902041750976,0.9255886541291791,0.5073628326865739,0.8061182511159032,0.2457804713398218,0.37014350295066833,-0.033102912735193966,0.19906242154538625,-0.2637375742197037,0.05689040534198283,-0.29097234606742856,0.021639835322275335
base__none,24,first_gen,xstest,0.5667052672771613,1.300248657039931,0.71582245074429,0.5405825158837277,0.3995440602302551,0.1479591578245163,0.06684516370296478,0.008431174792349339,942,952,24,137,0.40372670807453415,0.4452692545753611,0.6943307924514709,1.2236746643516385,1.447746157974796,0.4297406607867853,0.9888609320748246,0.3995594350029062,0.6786940634197357,0.3179310791194439,0.45757206082344054,-0.08069333992898464,0.28733609393239007,-0.1481287181377411,0.23125664368271823,-0.1554482039064169,0.1480387270450592
base__none,26,last_prompt,all,0.00857274909433911,1.43095571401658,0.03083309326857433,0.0037764711325690183,0.005990814417600632,0.13867932558059692,-0.07122097909450531,-0.07205307483673096,942,952,170,789,0.028154327424400417,-0.05531675373561461,0.07867264844483578,1.3310592252474065,1.517149793546062,-0.03919302981525047,0.10524479299961419,-0.06761972826622024,0.076788260862635,-0.04073054054751992,0.055767412949353404,-0.10407785382121801,0.27932069972157436,-0.3906190663576126,0.34099821522831913,-0.3915659673511982,0.3354555726051329
base__none,26,last_prompt,false_reject,0.03175868788711364,1.6950234741645356,0.043008381724688134,0.029014836149536215,0.018733136355876923,0.04885505512356758,-0.17959648370742798,-0.18054336309432983,942,952,80,328,0.04656862745098039,-0.03663054117368764,0.11379090699637474,1.5911736652302477,1.8229621757522931,-0.046392132981834915,0.14606052367433958,-0.03890409527562876,0.11206248132525845,-0.021957701351493598,0.06751128602772949,-0.1665718574076891,0.21027607358992093,-0.3758902378380299,0.10047763492912049,-0.3820628643035889,0.10782607290893784
base__none,26,last_prompt,or_bench,-0.1152308017484774,1.6026256208902319,-0.06222019064041316,-0.12602926843987294,-0.07171612232923508,0.2103065401315689,-0.4618813991546631,-0.4479524791240692,942,952,66,324,0.007692307692307693,-0.17030639090726046,-0.044733873124515905,1.502595349060802,1.7124234332550607,-0.13696101327127538,0.02257769449011389,-0.18068528213791377,-0.04938620963275272,-0.1077036701142788,-0.02778053730726249,-0.01149824250023812,0.3465138189494608,-0.595339073240757,-0.06661165691912184,-0.5897970944643021,-0.04296635938808327
base__none,26,last_prompt,xstest,0.24971265943789167,1.5511362675603695,0.24614527746178672,0.25033761410324684,0.15894049406051636,-0.008154820650815964,0.06955480575561523,0.07176318764686584,942,952,24,137,0.031055900621118012,0.1428366378329288,0.3475346805772463,1.460065899875094,1.657268728441158,0.11024608601347352,0.3778219443996301,0.14483673054888463,0.34559298195424787,0.08902795910835266,0.21835674382746217,-0.13993376009166242,0.11127533707767724,-0.0969768725335598,0.19730261228978616,-0.07811246886849403,0.18933524899184703
base__none,26,post_instr_0,all,-0.23883141953242007,1.4571381763214855,-0.19906767255492638,-0.2477355690803969,-0.16174623370170593,0.159682959318161,-0.5072655081748962,-0.48786139488220215,164,360,146,652,0.10651629072681704,-0.3054205820099683,-0.08127041207141271,1.2411665633833036,1.6737210744809068,-0.2875443231390147,-0.034168770617386365,-0.31892100309779403,-0.08919956424732406,-0.2086213231086731,-0.05031363368034387,-0.12115827891975642,0.3423099420964717,-0.583894269168377,-0.22201053425669684,-0.5521384134888649,-0.24639766253530984
base__none,26,post_instr_0,false_reject,-0.22750395737103182,1.4653404908363672,-0.21254741639034255,-0.23115189314312867,-0.15341868996620178,0.05544375628232956,-0.3240498900413513,-0.3193241357803345,164,360,80,328,0.031862745098039214,-0.296965142034022,-0.06747931083083508,1.2492297892143984,1.6835688074838653,-0.3054301293015026,-0.05519685544048052,-0.2952619900319073,-0.07382540875019171,-0.20283521451056002,-0.049548464827239534,-0.16569467782974243,0.24055245779454706,-0.4575345806777477,-0.05948332352563749,-0.44320771396160125,-0.07470022160559897
base__none,26,post_instr_0,or_bench,-0.2506816982614839,1.5660191926333125,-0.18272859761748228,-0.264523996141272,-0.15806344151496887,0.2229112982749939,-0.4736221432685852,-0.44396916031837463,164,360,66,324,0.18461538461538463,-0.3587906636124686,-0.0880259910925368,1.320625280010124,1.8176460821609646,-0.3469670779221776,0.057874872659063964,-0.3730729754900605,-0.10728361281999148,-0.22105733975768088,-0.054588593542575836,-0.22903965041041374,0.4489951431751251,-0.5769130632281303,-0.031172232562676084,-0.5419293880462647,-0.05374607294797934
base__none,26,post_instr_1,all,0.03775685156834774,1.3069326834267143,0.029296385365284644,0.039651371997594775,0.02887762151658535,-0.04315699264407158,-0.4348315894603729,-0.4337661564350128,164,360,146,652,0.16541353383458646,-0.04967918885118487,0.2005795149799187,1.1028941569051494,1.4599758286870121,-0.07689481978569787,0.1849259009764598,-0.04795890417761311,0.202917360601201,-0.04057213421911001,0.1514305304735898,-0.30933273658156396,0.22633505426347245,-0.5131168678402901,-0.19691323898732663,-0.5188427820801735,-0.19025967977941052
base__none,26,post_instr_1,false_reject,0.02250134630379528,1.4014836977950382,-0.0020262848774648874,0.028483696286130792,0.016053302213549614,-0.10531114786863327,-0.3961944580078125,-0.3945547342300415,164,360,80,328,0.0661764705882353,-0.06322841003824287,0.1754013298911544,1.1821140628446332,1.5647811759983763,-0.10050870080362377,0.15818262495360508,-0.05412152071166115,0.18480140129694794,-0.04979095663875341,0.1250659948214888,-0.2739433765411377,0.14537409208714958,-0.5122467666864395,-0.1329143416136505,-0.5098892450332642,-0.1333652563393117
base__none,26,post_instr_1,or_bench,0.05371644109874894,1.3582699665773066,0.06726326408943584,0.05095690863222448,0.03951679915189743,0.05692707747220993,-0.26844701170921326,-0.2709081768989563,164,360,66,324,0.2692307692307692,-0.058309379785905203,0.20689786738901908,1.1523889789868447,1.5281749753796068,-0.06820102598662882,0.26590232597607383,-0.06031805364524356,0.20194212890232283,-0.043875096086412664,0.14985583648085585,-0.32911394387483595,0.3839125759899614,-0.405860447883606,-0.012942236987874,-0.4174507923424244,0.0027406940935177397
base__none,26,post_instr_2,all,0.18509558293059578,1.4743095057199596,0.21865248415257385,0.17758130967810898,0.12456938624382019,0.11063309758901596,-0.3420266807079315,-0.35860133171081543,164,360,146,652,0.16917293233082706,0.09572244227470451,0.33559946724135153,1.292365625426369,1.582424542404443,0.11596654392668489,0.37504362362044874,0.08361561274437451,0.3349057297708579,0.06816868130117655,0.22434434853494165,-0.046931518334895374,0.24206364639103406,-0.49621603935956954,-0.07374276630580427,-0.5127071216702461,-0.08052527550607932
base__none,26,post_instr_2,false_reject,0.06631910038037947,1.548111226156231,0.10944775290148044,0.055799923387924166,0.0427994579076767,0.13478687405586243,-0.25854238867759705,-0.26455360651016235,164,360,80,328,0.03431372549019608,-0.013905636205162476,0.24347455909980908,1.366045905854031,1.6675583203393265,0.019636536969787902,0.2835013867638438,-0.0259888061222496,0.2352975509886616,-0.009230357920750974,0.15634352006018157,0.0029828837490640595,0.21114148087799547,-0.3545058503746986,-0.06911587342619907,-0.3620442062616348,-0.08067200370132928
base__none,26,post_instr_2,or_bench,0.30935405863556265,1.6136762640076152,0.3510219067917344,0.3008661735859848,0.18827903270721436,0.09893831610679626,-0.2551756799221039,-0.2787896990776062,164,360,66,324,0.31025641025641026,0.20165801120625254,0.45883046335582317,1.4054564729500616,1.7452710884789087,0.232616200846868,0.5238352275382352,0.1889226157402672,0.45161994433316954,0.12416101768612861,0.2792969763278961,-0.10615485012531281,0.24822337254881854,-0.4179865695536137,0.09878973513841596,-0.4666791521012783,0.09343323856592178
base__none,26,first_gen,all,0.6340608575371196,1.476205401732024,0.7002504656687129,0.6197994530014418,0.39465606212615967,0.15241174399852753,0.009729452431201935,-0.05487503111362457,942,952,170,789,0.45359749739311783,0.5380935696708303,0.7431643169644327,1.367761234864573,1.5488348226208677,0.5851036328037794,0.8259778758430861,0.5245343941541156,0.725349202970237,0.3419252522289753,0.45668001025915145,-0.001564081921242177,0.2446540083736178,-0.16280143335461617,0.21743772998452185,-0.22886599004268646,0.15592969655990577
base__none,26,first_gen,false_reject,0.6397066869574445,1.8230478806517498,0.6856989326030597,0.6284890647216848,0.3311065137386322,0.08697029948234558,-0.1472293734550476,-0.1865483522415161,942,952,80,328,0.4534313725490196,0.5205334275114282,0.7656063192683629,1.7047533360299443,1.886583211530383,0.5485376681955317,0.8503369925725905,0.5130523746250142,0.7633753352329975,0.2769589476287365,0.3878437697887421,-0.07844968400895595,0.1990213371813296,-0.23485545665025712,0.004150535946246196,-0.25046876557171344,-0.030322627676650893
base__none,26,first_gen,or_bench,0.6408170704008058,2.0071314848900643,0.7048716527697585,0.6277689055313901,0.30414488911628723,0.09745610505342484,-0.10425229370594025,-0.1405515968799591,942,952,66,324,0.47435897435897434,0.5141419075812139,0.7936827401450537,1.858110717243266,2.096128540737808,0.551677964710861,0.8934619329991709,0.5005615592514029,0.773451002544384,0.25248096212744714,0.37112049758434296,-0.03342450009658933,0.19791488051414474,-0.24911010041832923,0.06885992493480436,-0.27516981661319734,0.023464247165247754
base__none,26,first_gen,xstest,0.603387453484198,1.2666541493908503,0.7360471917380228,0.5801477993681989,0.4300607442855835,0.13217774033546448,0.06845282763242722,0.01285820733755827,942,952,24,137,0.40372670807453415,0.4824485584783822,0.7282135973333205,1.1902885759002837,1.420813509834015,0.4522043383170244,1.0107947770763157,0.44488865747656603,0.7242123719947774,0.3489469975233078,0.4829574219882488,-0.09159587640315295,0.2772931978106498,-0.16068517789244652,0.24378662258386577,-0.15314346067607404,0.15567766949534412
base__none,31,last_prompt,all,-0.13841196414902465,1.1960321208561115,-0.12255491969266812,-0.14182856904930502,-0.11495870351791382,0.11975651234388351,-0.19270159304141998,-0.18012875318527222,942,952,170,789,0.022940563086548488,-0.18989652414464103,-0.079749306710107,1.1081270542286907,1.2946335225861543,-0.18080300621186499,-0.04692893454719958,-0.1912948486825743,-0.08296407714690085,-0.15960020422935486,-0.06741218566894534,-0.18396709114313126,0.3258726231753823,-0.48870468959212304,0.30193304121494224,-0.4767869137227535,0.307423152774572
base__none,31,last_prompt,false_reject,-0.08172784847823066,1.3773728446065523,-0.09085929176014347,-0.07950067391539328,-0.059231869876384735,-0.04845342040061951,-0.16445404291152954,-0.16761833429336548,942,952,80,328,0.04656862745098039,-0.13764986544115745,-0.01610708159148986,1.276934706398815,1.5032002752252274,-0.16744670974235018,0.003245174263583458,-0.13563553896813124,-0.011324226272684949,-0.09734826441854239,-0.012050884310156124,-0.30386983454227445,0.23443934433162208,-0.40602843910455705,0.15094809867441636,-0.3936594299972057,0.14399032928049557
base__none,31,last_prompt,or_bench,-0.2883959986411395,1.3736006557499147,-0.23909354519203832,-0.2984390751807218,-0.20547623932361603,0.22160926461219788,-0.5387776494026184,-0.5039963722229004,942,952,66,324,0.007692307692307693,-0.3378400789966644,-0.2277377796715189,1.2689062189215645,1.490815074166757,-0.31614610045678054,-0.14593495906193799,-0.34799019687722615,-0.23655765567093354,-0.24363758638501168,-0.16498654820024966,-0.05680437069386244,0.4188633777201175,-0.6670400708913803,-0.09009001441299923,-0.639875765144825,-0.02886823769658845
base__none,31,last_prompt,xstest,0.08125671433708123,1.2272745409079726,0.09227407289757147,0.07932663884973341,0.06606443971395493,0.036312367767095566,-0.0008135642856359482,-0.003219548612833023,942,952,24,137,0.0,0.0143386176693884,0.14588928787619687,1.1488792373510526,1.329625680620294,0.01719598070807973,0.17240229404056706,0.012284224655721928,0.14540833389978416,0.011682988284155727,0.11829306501895182,-0.06573145277798176,0.099524094350636,-0.10381689872592688,0.08967855684459206,-0.10305221695452928,0.08506695441901684
base__none,31,post_instr_0,all,-0.24730950734109586,1.4409438593290365,-0.19264741301582206,-0.25954983184558733,-0.16915689408779144,0.21912699937820435,-0.4840778410434723,-0.4535469710826874,164,360,146,652,0.08771929824561403,-0.3158111730458456,-0.07858966325670137,1.228385643482609,1.6689252209712249,-0.27457474032717677,-0.019165857007706715,-0.3334335164198384,-0.08923318440122537,-0.22003409303724766,-0.053761860076338076,-0.04716631677001715,0.38742613792419434,-0.552482271194458,-0.22332842648029352,-0.516631406545639,-0.23110753744840623
base__none,31,post_instr_0,false_reject,-0.23274421208276797,1.4561832930306033,-0.19875666677253515,-0.2410338415901914,-0.1578284353017807,0.12265653908252716,-0.32563164830207825,-0.3101603090763092,164,360,80,328,0.031862745098039214,-0.3037364187733978,-0.05639828235163263,1.2401997264677858,1.6761478506089618,-0.2992256450036133,-0.027592816885373874,-0.3108021076934324,-0.059613214164079616,-0.20939721986651422,-0.03549516014754773,-0.11760781612247229,0.28857028484344477,-0.4356776222586632,-0.044396120589226734,-0.42163852155208587,-0.05276477411389415
base__none,31,post_instr_0,or_bench,-0.2625470857352241,1.5417748856373577,-0.18524222631384235,-0.278294358298882,-0.16787226498126984,0.25668400526046753,-0.39330190420150757,-0.35525327920913696,164,360,66,324,0.14615384615384616,-0.3651349631882919,-0.09098018473633436,1.2934999193697228,1.7887638717745438,-0.32979151838496557,0.05047597283895688,-0.38465456815371196,-0.106845680333439,-0.22573094069957733,-0.05676965955644859,-0.19288546554744243,0.4507883690297603,-0.5209220856428146,-0.002402374055236741,-0.4887082472443581,-0.030038046045229028
base__none,31,post_instr_1,all,0.028954806155384035,1.342219070566694,0.022620632266957458,0.03037320320717779,0.02156732976436615,-0.028737299144268036,-0.541903018951416,-0.5414091944694519,164,360,146,652,0.15162907268170425,-0.08302493532278672,0.19607980563045932,1.1275723225020478,1.4806792750137507,-0.08340367629428941,0.17795782089844217,-0.08105772288917303,0.19789115553975586,-0.05864651650190353,0.14105503968894476,-0.2655258603394032,0.2136169712990522,-0.5816572785377503,-0.2864823788404465,-0.5836453974246979,-0.2822065733373166
base__none,31,post_instr_1,false_reject,0.009179878159112222,1.3876590858345141,-0.00808641731761902,0.013391160380307453,0.006615219637751579,-0.06134510412812233,-0.4866030514240265,-0.4862077832221985,164,360,80,328,0.05392156862745098,-0.09433609870970844,0.1688302567682369,1.1770488289136065,1.543968620323598,-0.09888087319772024,0.14965522957785724,-0.09588629167797391,0.17477580744585972,-0.06638179309666156,0.12129913009703158,-0.22063951268792154,0.15836233645677553,-0.5425707399845123,-0.23025643751025202,-0.5431046515703202,-0.2290371827781201
base__none,31,post_instr_1,or_bench,0.04964247741753706,1.4114661205147843,0.05984133999958272,0.047564915522210975,0.03514911234378815,0.04037437587976456,-0.2940499186515808,-0.29565173387527466,164,360,66,324,0.25384615384615383,-0.07122510406683409,0.20621987920475307,1.1824933214529019,1.5770286524366397,-0.0962010923920174,0.25591912374323705,-0.07778291856827528,0.20204943101366435,-0.050836186110973354,0.14581308029592036,-0.31519081220030787,0.35153645426034924,-0.43674271255731584,-0.0018790766363963574,-0.44108723253011706,0.022528473008423974
base__none,31,post_instr_2,all,0.08970659076616735,1.744586505830743,0.13839398874478703,0.07880418858585587,0.051352132111787796,0.16148793697357178,-0.41524145007133484,-0.42409372329711914,164,360,146,652,0.15413533834586465,-0.05493430945979223,0.35147875830393444,1.4987280651151833,1.8919081200404269,-0.01892447682916748,0.3739049378696277,-0.06996494814177207,0.3469161133066825,-0.03299698559567332,0.19646565094590188,-0.014199458016082644,0.2725989609956741,-0.5307381838560105,-0.13988127186894422,-0.5457736372947692,-0.14159701503813268
base__none,31,post_instr_2,false_reject,-0.016305830038807156,1.7973557989071058,0.0390125593286327,-0.029798100110707715,-0.009071750566363335,0.16966593265533447,-0.2730906903743744,-0.27156269550323486,164,360,80,328,0.0392156862745098,-0.16422047430123504,0.27375597356298403,1.53396387351566,1.9690289533081635,-0.11510942058425981,0.32416528220414015,-0.1779675267470523,0.2634588462373183,-0.09973048157989979,0.14683548733592033,-0.0046921774279326195,0.2388432465493678,-0.34750819206237793,-0.07588271107524637,-0.34727184772491454,-0.07500793635845185
base__none,31,post_instr_2,or_bench,0.2006118566670023,1.8558174564481977,0.2588564246447126,0.18874726363911595,0.10747282207012177,0.1303749829530716,-0.33043310046195984,-0.34645146131515503,164,360,66,324,0.2743589743589744,0.04713117153486576,0.4325064201660008,1.6113087595444524,2.0258863168284473,0.10747887790504725,0.4962831538999339,0.027935627037074313,0.4313254441993356,0.026181867998093366,0.22289006076753132,-0.07224581595510243,0.27915967181324935,-0.47688957676291466,0.05417137760668953,-0.505757349729538,0.049189353361725634
base__none,31,first_gen,all,0.7324205939233907,1.4134480369219402,0.814643399043761,0.7147046569696901,0.4600803554058075,0.17494839429855347,0.02059708908200264,-0.06745664030313492,942,952,170,789,0.5318039624608968,0.6238907684663909,0.8429229928518892,1.2931942672061125,1.5092054254219358,0.6778015015523169,0.9561619298042944,0.6021098148175329,0.8325706782903074,0.4080450564622879,0.5259198948740959,-0.024311649426817895,0.31196477562189096,-0.16394276283681392,0.21802443042397493,-0.25453621745109556,0.14828331954777207
base__none,31,first_gen,false_reject,0.7770181837412035,1.8267132192755908,0.808409226270069,0.7693618478438778,0.39142441749572754,0.058196038007736206,-0.15234051644802094,-0.19030418992042542,942,952,80,328,0.5686274509803921,0.6402965378621738,0.9401792530217764,1.68612770916189,1.9288215192696632,0.6301162177554028,1.0002497352866546,0.629284179462337,0.9433730722671368,0.3301433719694614,0.45851922482252117,-0.1306907046586275,0.22452186159789533,-0.2643391489982605,0.04521245528012508,-0.2920610845088959,0.0302476237528025
base__none,31,first_gen,or_bench,0.6882501406529433,1.9738717575442617,0.7971906208314349,0.6660586451391589,0.3292400538921356,0.14720281958580017,-0.10488928854465485,-0.16240927577018738,942,952,66,324,0.5051282051282051,0.5444140382554855,0.8569005638967726,1.8286923513125255,2.096591448127895,0.5926590118527638,1.0003916035201468,0.5127950879200067,0.8380196719985221,0.2689329616725445,0.40557484701275826,-0.03452446358278394,0.3002030350267886,-0.2694146879017353,0.06655808743089431,-0.31734365969896317,-0.006735705677419931
base__none,31,first_gen,xstest,0.726399964288831,1.2236183252860984,0.883419119229057,0.698892913544788,0.510474681854248,0.1884705126285553,0.02131938561797142,-0.08709225058555603,942,952,24,137,0.5031055900621118,0.5907429414390276,0.8613235885505001,1.138179217828394,1.3735921874731918,0.5551070902550508,1.1873257985730905,0.5341489593872177,0.8571719604681792,0.42128379419445994,0.577088588476181,-0.12821155712008475,0.34966800063848474,-0.24147083126008512,0.24080781340599056,-0.25209427289664743,0.11381362695246929
sft__none,8,last_prompt,all,0.03971368734055668,1.0510575734483456,0.14177013038722458,-0.0415780384864108,0.03775756061077118,0.34743914008140564,0.14588269591331482,0.1328589767217636,1715,1879,552,693,0.028112449799196786,0.003981039623021096,0.08138267123705284,0.9836671158100025,1.1064415154073752,0.0998556357350563,0.18624265599882664,-0.0801031682699475,0.006011587051229652,0.0037519351579248907,0.07564205229282378,0.2779743790626526,0.39452206194400774,0.03406297201290727,0.22230589352548122,0.025992346368730074,0.21447470411658281
sft__none,8,last_prompt,false_reject,0.14051561653792435,1.324993249619055,0.18605218339366644,0.0009441783591768093,0.10545869916677475,0.40370601415634155,-0.002538686618208885,-0.045365966856479645,1715,1879,377,123,0.056,0.09352524799452219,0.1951759086075854,1.2474840375374259,1.3984741331723292,0.13133122761888882,0.24600478521051697,-0.046203768445667225,0.06431193221958309,0.06951834354549646,0.14676542058587072,0.25676072388887405,0.4377285487949848,-0.12109290212392806,0.13805470392107952,-0.16328010633587836,0.11464028097689143
sft__none,8,last_prompt,or_bench,-0.005514667894706838,1.242979038405035,0.0712149469650543,-0.0249398747256506,-0.0044365981593728065,0.1750759780406952,-0.2892727255821228,-0.28849878907203674,1715,1879,100,395,0.014141414141414142,-0.042092804543572476,0.040396745564935096,1.1727297309994305,1.3142140434947167,0.021700710837161203,0.13532747402585654,-0.06397984483060856,0.02441309480494825,-0.0350176946260035,0.03189604030922049,0.08031537905335426,0.257482999563217,-0.36059654131531715,-0.15135163515806208,-0.36122904196381567,-0.15118458904325968
sft__none,8,last_prompt,xstest,-0.07233806482128097,1.2623423342231113,0.01325259167768221,-0.1090197709716957,-0.0572107695043087,0.22059333324432373,0.08767519891262054,0.10046005994081497,1715,1879,75,175,0.0,-0.11407884732121297,-0.018591616421194817,1.1983647489737466,1.33338382490874,-0.03862157305445387,0.07512952651414502,-0.1530166606227176,-0.046796268108474114,-0.08964942097663879,-0.01453535431064666,0.09599853958934546,0.2660075187683105,-0.00733396103605628,0.16034963428974144,0.002876816026400776,0.17110259570181363
sft__none,8,post_instr_0,all,0.42785697658493194,0.9744755745549564,0.5311265588711133,0.34559896124460937,0.40202030539512634,0.35190075635910034,0.2503959536552429,0.118961401283741,1715,1878,552,693,0.37349397590361444,0.3906320346364671,0.4632212483485844,0.9340954433351453,1.0134315570019685,0.48827038701270264,0.5692113847064257,0.30459068969997743,0.38552876959498533,0.36983572691679,0.4317752607166767,0.295310740172863,0.39750362038612364,0.15770165547728537,0.31754018291831015,0.03340588975697756,0.1848819576203822
sft__none,8,post_instr_0,false_reject,0.5264965380466423,1.2739770900418428,0.5773752745824822,0.3705510136624597,0.38193899393081665,0.44958463311195374,0.08823467791080475,-0.09032714366912842,1715,1878,377,123,0.494,0.4767240351637375,0.5682370214173632,1.2267115894276193,1.318192034689004,0.5224059293532586,0.6234942263945442,0.3210578920757753,0.41713152620654254,0.3533615618944168,0.4068418741226196,0.34852844253182413,0.4719870761036873,-0.02816504007205367,0.18568201288580877,-0.18781549409031867,0.022732169553637445
sft__none,8,post_instr_0,or_bench,0.43795135213875497,1.1153205302008988,0.5312342382758906,0.4143353954544289,0.3655003011226654,0.2123243808746338,-0.26662248373031616,-0.36981409788131714,1715,1878,100,395,0.3575757575757576,0.3993597993084245,0.4731200177675792,1.0742791762961101,1.1549294125594525,0.47951681577758426,0.582254829048776,0.3703889952714627,0.45201645354938197,0.3322919078171253,0.39123936444520946,0.12838235534727574,0.2959051877260207,-0.32848268523812296,-0.15537042655050756,-0.42819579094648363,-0.26017971336841583
sft__none,8,post_instr_0,xstest,0.21059103168484633,1.2419791915794787,0.29850594220931037,0.17291319733303523,0.16717466711997986,0.3058675527572632,0.06839011609554291,0.017503123730421066,1715,1878,75,175,0.164,0.14795357290564798,0.2758200402744883,1.2034615801439392,1.292401696980772,0.21842411881334808,0.38511998591822594,0.11093054588868727,0.239472801518714,0.11860574521124363,0.21311279647052286,0.09710440821945668,0.38883943110704416,-0.045070847216993566,0.15636417232453817,-0.07492606565356255,0.10679997652769083
sft__none,8,post_instr_1,all,0.4032507052452141,1.0027976948476782,0.5276798865573473,0.3041383034892667,0.3730902373790741,0.3980920910835266,0.25400447845458984,0.11368909478187561,1715,1878,552,693,0.35180722891566263,0.3624673829517247,0.4392813053241595,0.9568732398289972,1.0420089902278835,0.4807331697232749,0.5714005301227689,0.25656603101144104,0.34430370425138995,0.3359487302601337,0.40215233713388443,0.3467914670705795,0.4368844173848629,0.16574222594499588,0.3266319923102855,0.02396435248665512,0.1922764059156179
sft__none,8,post_instr_1,false_reject,0.5186216717705804,1.310494789855254,0.5718309825159529,0.35553277315995113,0.3679773211479187,0.48214659094810486,0.15069133043289185,-0.02874455228447914,1715,1878,377,123,0.502,0.4640115048146687,0.5669855047878057,1.2645842578820707,1.3510834806828476,0.5122899627614531,0.6262798199121292,0.3055300425654973,0.4012158315935606,0.33564970940351485,0.3941078349947929,0.38467326387763023,0.517817698419094,0.0477380745112896,0.22780775614082804,-0.11273980233818293,0.05442198095843195
sft__none,8,post_instr_1,or_bench,0.4073974565915914,1.0923858288409318,0.5710537796617841,0.3659654844695198,0.34943297505378723,0.32965850830078125,-0.2781427800655365,-0.4197999835014343,1715,1878,100,395,0.3474747474747475,0.36186005765716955,0.44402562809506607,1.0497037191334535,1.144957898481238,0.5077659731093066,0.6313292008853013,0.31559326929947495,0.40306957672523,0.31417240723967554,0.37959411218762396,0.2534653976559639,0.39866822585463524,-0.33726407289505006,-0.1681623034179211,-0.46959911808371546,-0.31508014053106315
sft__none,8,post_instr_1,xstest,0.16429823952692,1.390532605548641,0.24791505377966178,0.1284624749204242,0.11733868718147278,0.3364364504814148,0.13024508953094482,0.09139946103096008,1715,1878,75,175,0.06,0.09187585339133085,0.23084299052507704,1.3450177333702467,1.44441278557557,0.17119020057578352,0.3285004608404123,0.057259620258124595,0.19632194891582125,0.06566684618592263,0.16323446966707703,0.1433401085436344,0.40349140167236325,-0.02373985033482313,0.2153782308101654,-0.042666368838399645,0.18269154652953146
sft__none,8,post_instr_2,all,0.5375620467822076,1.2548755960016234,0.6034925276289175,0.48504588584088876,0.39376968145370483,0.14875489473342896,0.06691411137580872,0.00907188467681408,1715,1878,552,693,0.5622489959839357,0.4298356733664308,0.6434614900226007,1.131293182759343,1.3260361027819099,0.49899723966317017,0.6876211239102354,0.3299725457592766,0.6466165964793374,0.32309996634721755,0.4851466707885265,-0.055183074809610835,0.3390266939997672,-0.05775753268972039,0.1865679986774921,-0.08093570508062839,0.10428772047162053
sft__none,8,post_instr_2,false_reject,0.6869104527906523,1.6579305842107293,0.7168390277430537,0.5951780009961489,0.3827657997608185,0.30888551473617554,-0.03499859943985939,-0.16586041450500488,1715,1878,377,123,0.694,0.5440129547712106,0.7887227088267651,1.5031713661944175,1.7272561337325718,0.5642005317977854,0.8297329796265628,0.3977992983890458,0.7622620814550425,0.3179441154003143,0.4399696342647075,-0.13006821982562541,0.4679686799645424,-0.16631680615246297,0.12016341518610701,-0.260955947637558,0.040788926463574106
sft__none,8,post_instr_2,or_bench,0.29737658024364116,1.5820751538997146,0.07807317095604374,0.3528962736951188,0.1847311109304428,-0.2811805009841919,0.02720208652317524,0.08053086698055267,1715,1878,100,395,0.3696969696969697,0.16894189072615956,0.42368964240461937,1.4322050589890114,1.6851178827849247,-0.14170793897278008,0.2768999979559002,0.20006167145838405,0.5010271522218613,0.10593684315681458,0.26804102808237074,-0.4437944501638412,-0.05936231454834345,-0.1465561505407095,0.1921301145106553,-0.07776821963489056,0.2401112534105777
sft__none,8,post_instr_2,xstest,0.7144324111291072,2.575506466855894,0.7342962308278265,0.7059195048130938,0.26730138063430786,0.06707446277141571,0.046805210411548615,0.029966507107019424,1715,1878,75,175,0.68,0.24515902309870297,1.1317199932645918,2.2417796167796236,2.75746928247936,0.3055362468296875,1.1386598243433617,0.23977915584818066,1.1166911622278963,0.09865601062774658,0.4449637733399868,-0.21781673654913902,0.3221330337226391,-0.5088215574622155,0.5011109784245484,-0.4948664240539074,0.439022035896778
sft__none,8,post_instr_3,all,0.6182421221543385,1.0381403284381046,0.647829311828739,0.5946748778699057,0.5116680860519409,0.09415143728256226,-0.05696573853492737,-0.12237207591533661,1715,1878,552,693,0.6465863453815262,0.5593976839018996,0.6674342234918557,0.9901697066037194,1.08729847778294,0.5938642561966666,0.6950985173538725,0.5260791416801579,0.6517777690689874,0.46630026325583457,0.5452870845794677,-0.001799406507052481,0.19724915102124158,-0.16699795015156269,0.042415576055645846,-0.21648559644818305,-0.036010381765663645
sft__none,8,post_instr_3,false_reject,0.6039103033250903,1.2853976321439207,0.6490830014910175,0.46545402165612043,0.4252304434776306,0.4204392433166504,-0.026665765792131424,-0.22699448466300964,1715,1878,377,123,0.628,0.5455722768985494,0.6604754504924022,1.236409905718532,1.3406841616162455,0.5877998792291789,0.7063887699114367,0.3874124788176507,0.5423942656611273,0.3823006510734558,0.4621330581605434,0.23715388476848603,0.4906057059764862,-0.14542451575398446,0.07229546532034872,-0.3014920294284821,-0.11519132275134326
sft__none,8,post_instr_3,or_bench,0.826615609923146,1.313419695808168,0.9125244146543992,0.804866490290203,0.5326507091522217,0.1769947111606598,-0.2825988531112671,-0.4453025460243225,1715,1878,100,395,0.8828282828282829,0.749516743681184,0.873045122797544,1.254088845329575,1.3786631194564993,0.8267764033480024,0.9827083222374858,0.7256701962114097,0.8553935633030063,0.4869743280112743,0.5611527726054192,0.071953652985394,0.2837365783751008,-0.39596793055534363,-0.13365878500044362,-0.5249182149767876,-0.30789536684751523
sft__none,8,post_instr_3,xstest,0.23432641692123063,1.5552715658825376,0.28860029782469027,0.21106617886603873,0.1489844024181366,0.20126305520534515,0.1636439561843872,0.1351674497127533,1715,1878,75,175,0.216,0.15241621805884634,0.3220363849071591,1.494075422471605,1.6189136013854424,0.18854929352490846,0.3933548581809878,0.12669811807297962,0.3067689397038016,0.0970326418057084,0.20387363135814665,-0.01699948590248823,0.3661152280867099,0.022909388272091748,0.25439037680625903,0.0002890232484787725,0.2289347607642412
sft__none,8,post_instr_4,all,0.47296256610274756,1.3615490802769987,0.5327678893680071,0.42532536255958986,0.32813698053359985,0.1341969221830368,0.049324072897434235,0.005599131807684898,1715,1878,552,693,0.5277108433734939,0.37202386867773374,0.5752571682067238,1.2425050190624645,1.4672399901441426,0.4091211410066756,0.6411355118022866,0.30459327458102714,0.5556874712395596,0.25971914976835253,0.39859835803508753,-0.039251910988241434,0.2914384387433528,-0.07191917076706886,0.16961082518100737,-0.11597488559782505,0.11965061146765947
sft__none,8,post_instr_4,false_reject,0.595694109378265,1.7669147797893607,0.62179992145786,0.5156790134704035,0.31947070360183716,0.2501358985900879,-0.18014389276504517,-0.27443650364875793,1715,1878,377,123,0.618,0.43188964723180556,0.7477843713329978,1.611312088040716,1.8767695554449622,0.4303801968519236,0.7752835033304045,0.30060710882250696,0.7350183117181049,0.2457198567688465,0.38769263625144956,-0.15113797113299368,0.4645633175969124,-0.29348322078585626,0.039458799734711614,-0.3607037730515003,-0.007111790869385236
sft__none,8,post_instr_4,or_bench,0.10585240949142607,1.8115775503907896,-0.1580099898934176,0.1726528436441537,0.058331578969955444,-0.3831910192966461,0.14260488748550415,0.1652383804321289,1715,1878,100,395,0.3474747474747475,-0.03717431612722902,0.26645800393483565,1.6425371756892784,1.9858313355300103,-0.39377271767703054,0.0858500131272954,0.023266307054622886,0.32321778550948416,-0.020514803379774092,0.14140890948474405,-0.4934451714158058,-0.1920023862272501,-0.09623561687767505,0.341118738800287,-0.08712394572794437,0.35444671362638464
sft__none,8,post_instr_4,xstest,0.9543775225265914,2.5720824667272852,1.0062695119648832,0.9321380015638647,0.3478766083717346,0.14478516578674316,0.16380663216114044,0.12099667638540268,1715,1878,75,175,0.704,0.5606098831658028,1.2946093983479017,2.22837812564792,2.8412439686274413,0.6026993837146473,1.333461916058864,0.5215094600303155,1.2943336940437578,0.20095296613872052,0.48811601996421805,-0.22883717007935048,0.366465556621551,-0.547635842859745,0.5520791530609126,-0.5077726036310196,0.49842045828700066
sft__none,8,post_instr_5,all,0.5582327218807613,1.1408984238849782,0.6092700966469052,0.5175795791543327,0.4395025372505188,0.1617622673511505,0.15308405458927155,0.09127739071846008,1715,1878,552,693,0.6088353413654618,0.4991006840889837,0.6085080418486457,1.086385081955775,1.189734215543227,0.5506051829019641,0.6603784323365751,0.45176114294976843,0.5721483880564564,0.39630438983440397,0.47334240674972533,0.08967917896807194,0.23399065285921095,0.04936173623427749,0.2462297093123197,-0.012742972653359174,0.19151120968163013
sft__none,8,post_instr_5,false_reject,0.5854706941203062,1.4627386572562602,0.626359565157007,0.4601445891076841,0.37159597873687744,0.3648614287376404,0.10750965774059296,-0.03023647889494896,1715,1878,377,123,0.594,0.5210689379065605,0.6436366705911586,1.4150172441289686,1.512762282239836,0.5603189232123519,0.686759406732724,0.400054892665647,0.523520422830808,0.3336478881537914,0.4062865190207958,0.232688232883811,0.4147265955805778,0.009938995912671089,0.18676082715392112,-0.13131621479988098,0.07062465548515313
sft__none,8,post_instr_5,or_bench,0.6904805930073282,1.205432556446088,0.7646029007687636,0.6717154621432248,0.4970405697822571,0.13394565880298615,-0.35848915576934814,-0.48986077308654785,1715,1878,100,395,0.8222222222222222,0.6329454524518199,0.7276705137744368,1.1440917057103541,1.2632924953229576,0.704824335875642,0.8107226187418056,0.6091816227965892,0.71252887093617,0.4587868988513947,0.5245378345251083,0.05274213282391429,0.2089981570839882,-0.4283538833260536,-0.2423024896532298,-0.5422890827059745,-0.38400393426418306
sft__none,8,post_instr_5,xstest,0.24190616209121138,1.6865243451267076,0.31625698164280674,0.21004149839466468,0.14198161661624908,0.25631558895111084,0.20603039860725403,0.17137444019317627,1715,1878,75,175,0.216,0.13261057317303826,0.3382548348942284,1.6261479669331236,1.746384855783218,0.20031770098674434,0.42971707431177253,0.10428713589376007,0.3181600255128042,0.07859232239425183,0.19908449314534643,0.03622153326869011,0.373420227319002,0.0527632374316454,0.27281871661543844,0.03023869544267655,0.2435740880668163
sft__none,8,post_instr_6,all,0.5836644110656514,1.1370583097240456,0.6617126587510612,0.5214961507372905,0.45666202902793884,0.2504052221775055,0.1807733178138733,0.07466250658035278,1715,1878,552,693,0.6321285140562249,0.5286265936711181,0.6282653927248957,1.0868093431177075,1.1820985125000971,0.6084965582132994,0.7090940289044205,0.460305476391543,0.5742529009514569,0.41988727226853373,0.48835892304778095,0.18296994492411614,0.3095038458704948,0.08228499889373779,0.2694628268480301,-0.022073658322915433,0.16418628245592112
sft__none,8,post_instr_6,false_reject,0.6345380953194063,1.4461997785892824,0.6834307527894573,0.4846798602070611,0.4017888903617859,0.4078589081764221,0.08808965981006622,-0.08275727182626724,1715,1878,377,123,0.648,0.5717934117243169,0.6880580889619898,1.4030518233951301,1.4938324844165587,0.6165204880398527,0.7384609286325019,0.4280768322165296,0.5507985134058466,0.36526851132512095,0.435057233273983,0.29595658034086225,0.4507479727268218,-0.0075735924183391035,0.17030873857438553,-0.16653799675405026,0.006644426845014009
sft__none,8,post_instr_6,or_bench,0.6814085867020911,1.2425526273383356,0.8064263194711171,0.6497585569571498,0.4808374047279358,0.2185165286064148,-0.2662278711795807,-0.4234656095504761,1715,1878,100,395,0.804040404040404,0.6279844484061591,0.7191727849980257,1.1917797224516218,1.2940446079117711,0.7456198281386754,0.8541007696810685,0.5937620502254723,0.6944771238661798,0.44631178826093676,0.5085798725485802,0.13504959642887115,0.29912167266011225,-0.33896150141954423,-0.1684012167155743,-0.48306531757116317,-0.32370114326477056
sft__none,8,post_instr_6,xstest,0.28838360073520475,1.7337814710415698,0.3595911603380224,0.257866090629958,0.16407792270183563,0.24002870917320251,0.16591498255729675,0.1282699704170227,1715,1878,75,175,0.26,0.18297440543044666,0.3886886376075697,1.6759464615500792,1.7936751980644439,0.2426670044813503,0.47651104426618496,0.15461288644742657,0.36806863514894633,0.10642994586378336,0.2185621473938226,0.031897350586950785,0.35416716784238805,0.007280536531470717,0.25501818731427195,-0.014113961462862786,0.21589626818895338
sft__none,8,first_gen,all,0.24795000438951223,0.34971525091762673,0.7499391383231814,-0.1519028068595935,0.5783824324607849,0.871884286403656,0.3510512411594391,-0.18783730268478394,1715,1879,552,693,0.29477911646586347,0.2268581694223705,0.2733831933955155,0.33466715053178037,0.37071564531111095,0.7076314602697147,0.7960646122002408,-0.17191912408515492,-0.12411524580477142,0.5352649018168449,0.624222069978714,0.8456853449344635,0.8884844735264777,0.2506382055580616,0.4320386469364166,-0.24955215118825436,-0.13975868262350563
sft__none,8,first_gen,false_reject,0.588752435245355,0.4072257090859585,0.802983903253905,-0.06787583914398908,0.8224353194236755,0.8867433071136475,0.7389203310012817,0.01693095825612545,1715,1879,377,123,0.528,0.5473405812033121,0.625686196149309,0.3953660950054451,0.42729165604135927,0.7486483454558561,0.852850682826008,-0.11221341226772841,-0.025475312790287266,0.7964051634073257,0.8389401212334633,0.8492769703269005,0.8876182183623313,0.656722305715084,0.758123005926609,-0.04935812447220087,0.048616464249789694
sft__none,8,first_gen,or_bench,-0.01797347174150318,0.6413384894421731,0.7734685583285236,-0.21833856105562477,-0.02801394648849964,0.8092707991600037,-0.5286359786987305,-0.5061637163162231,1715,1879,100,395,0.14545454545454545,-0.04913549041831059,0.014318098403502746,0.5955800543260042,0.7055415387016299,0.6583205787331879,0.8720997834873451,-0.2487059500411813,-0.18853986447438387,-0.07460307274013757,0.02216937229968605,0.7551500469446182,0.8376691579818726,-0.6028970509767533,-0.4456383407115937,-0.5674187153577804,-0.4493292085826397
sft__none,8,first_gen,xstest,0.0928736443878685,0.5303801773565843,0.451927914246987,-0.06100673891305715,0.17248326539993286,0.8256087303161621,0.04033493250608444,-0.10362181067466736,1715,1879,75,175,0.124,0.04954149193600012,0.1393629433798892,0.5066885485061609,0.5809622302037029,0.32813198062229965,0.5682395945686664,-0.09399365050386614,-0.020296560195056924,0.08729886021465064,0.2554555363953113,0.7083496659994125,0.820257069170475,-0.07776254732161761,0.1201850989833474,-0.19603259712457657,-0.020963921956717972
sft__none,16,last_prompt,all,0.12705101198068036,1.1080743870380234,0.3259478673938602,-0.03137767369895666,0.1139129251241684,0.515197217464447,0.10847562551498413,0.050114210695028305,1715,1879,552,693,0.13413654618473897,0.08914796155442682,0.17131068614971284,1.051220510485233,1.1588591500278143,0.277582184380745,0.3806044285040773,-0.06489881509408545,0.01774168068059496,0.08224048260599374,0.15295173451304434,0.46060348600149154,0.5401510387659073,0.02430768613703549,0.18030457645654677,-0.03668401353061199,0.12295096199959508
sft__none,16,last_prompt,false_reject,0.32147077366984533,1.334540542661681,0.40692343076247567,0.059555025846359716,0.2341863512992859,0.5236086845397949,0.20169688761234283,0.08133669942617416,1715,1879,377,123,0.294,0.2662572130429066,0.3765995002415007,1.270826544959941,1.3974107268012879,0.34931735777164286,0.4724163027240615,0.009318336110307447,0.12552373033133285,0.19728869944810867,0.26966697424650193,0.40425709933042525,0.538738003373146,0.09640546925365925,0.2840559661388397,-0.024395690532401204,0.1858493477106094
sft__none,16,last_prompt,or_bench,-0.02505088200501487,1.3600012399282442,0.12786307340076655,-0.06376324686248996,-0.018416628241539,0.2719016671180725,-0.2571391463279724,-0.25217437744140625,1715,1879,100,395,0.028282828282828285,-0.0629388580011664,0.02511572412776081,1.296810870826879,1.4254203568716195,0.06994840106034274,0.19406484908552082,-0.10579816627520398,-0.008291084496340898,-0.04707739315927029,0.01888567497953772,0.17876723483204843,0.33473624289035797,-0.3507440313696861,-0.1186787188053132,-0.34808908179402354,-0.11524769570678482
sft__none,16,last_prompt,xstest,0.03937316747379578,1.1669126750355134,0.1830240321286174,-0.0221914726514312,0.03372213616967201,0.34505748748779297,0.07248587161302567,0.060884419828653336,1715,1879,75,175,0.024,-0.0012626371700893008,0.09051650922595136,1.1183971352322202,1.2323623592816364,0.10596564412092002,0.25474264970122534,-0.06552376369609714,0.029804225879012387,-0.0010888986755162474,0.0765494778752327,0.21043079309165477,0.3654362291097641,-0.01916877874173224,0.13824310600757597,-0.03174861017614603,0.1266205379739403
sft__none,16,post_instr_0,all,0.40324392732952813,0.6270076960674761,0.6280903901566626,0.22414538688561716,0.5409165620803833,0.6873235702514648,0.3121722638607025,-0.07087638974189758,1715,1878,552,693,0.3204819277108434,0.38180648639062376,0.4236167213659212,0.6051636762170369,0.6507817087248535,0.5969537900860432,0.6578850024482691,0.2030634375750664,0.24662877125242932,0.5216183051466942,0.558438192307949,0.646021494269371,0.7058471351861954,0.23753589168190956,0.3690190061926841,-0.13022507764399052,-0.016199484793469356
sft__none,16,post_instr_0,false_reject,0.6169493337543129,0.7672162299302082,0.7191658591510298,0.303651696068047,0.6266604065895081,0.7190123796463013,0.433271586894989,-0.022205941379070282,1715,1878,377,123,0.588,0.5846659418643636,0.6480565425205292,0.7487628212285425,0.7926269449147179,0.6819209512633851,0.7551094970971641,0.26908403573504097,0.33675072716333676,0.6041799992322922,0.6462882325053215,0.6580297976732254,0.7168705776333809,0.34657866805791854,0.47215351089835167,-0.0835709411650896,0.04263372216373678
sft__none,16,post_instr_0,or_bench,0.2895494513685704,0.8233912455155643,0.49713179387488565,0.23699696837650314,0.33174070715904236,0.4525068402290344,-0.1880088597536087,-0.3584209978580475,1715,1878,100,395,0.1595959595959596,0.26682049195146296,0.31446788817607074,0.7942037392562986,0.853692716478363,0.4457147676374274,0.5640829262444896,0.2120889973139384,0.26339610253818946,0.3066478863358498,0.3565363116562366,0.3419774428009987,0.5202283993363379,-0.26646019965410234,-0.06329185580834751,-0.4199220836162567,-0.23402779102325444
sft__none,16,post_instr_0,xstest,0.2009479055481508,0.6733686043540341,0.34489590891547367,0.13925590135202437,0.28596019744873047,0.5459942817687988,0.16078276932239532,0.00485279830172658,1715,1878,75,175,0.104,0.17325771988872526,0.22803476949374266,0.6591536164883051,0.7007301495196131,0.2857167999443244,0.4014307447808793,0.11260135577665294,0.1675501330100839,0.24731629975140096,0.31565099209547043,0.3509859576821327,0.5759008839726448,0.05983304502442479,0.2105479571968316,-0.0578343465924263,0.06919278912246227
sft__none,16,post_instr_1,all,0.3625039075564579,0.5234141295433988,0.6715353559629872,0.11634901664030817,0.5693589448928833,0.8115918040275574,0.47010475397109985,0.009752800688147545,1715,1878,552,693,0.3469879518072289,0.3431438409566386,0.38142829522032345,0.5064467599041164,0.5408665644592805,0.6410731708511653,0.7025197524388753,0.09486514617427888,0.13613997178641352,0.546304851770401,0.5885700285434723,0.7922088220715523,0.8221851915121079,0.42041720971465113,0.5095067650079727,-0.03579062577337026,0.05259094508364793
sft__none,16,post_instr_1,false_reject,0.6975457464217147,0.7004034761315914,0.8100146050174706,0.35282416192017607,0.7056597471237183,0.7827553153038025,0.5351030826568604,-0.024353744462132454,1715,1878,377,123,0.72,0.6690399777125489,0.7213830176154448,0.6836079303298002,0.720514299433841,0.7760742369249514,0.8376546654622291,0.3122858739772705,0.3861905836948176,0.6863303273916245,0.7201904192566871,0.740537928044796,0.7924448147416114,0.46886660233139993,0.5789966091513634,-0.07959568034857512,0.03760125711560246
sft__none,16,post_instr_1,or_bench,0.1351392161525779,0.6418722041609555,0.4245277879084797,0.06187627905947497,0.2060224711894989,0.6728365421295166,-0.16309669613838196,-0.3083307147026062,1715,1878,100,395,0.09494949494949495,0.11298335404991161,0.15893663675707984,0.619721326064753,0.6652219383445511,0.37088893892505126,0.48874422396606865,0.04139908839807875,0.08541954660389069,0.17134373150765897,0.24097316488623616,0.5779510557651519,0.7257863029837608,-0.2197508666664362,-0.08352370392531167,-0.3538226380944252,-0.2379038598388434
sft__none,16,post_instr_1,xstest,0.1426024476569507,0.644526558358088,0.3047899289244892,0.07309353086521424,0.2160271555185318,0.7058119773864746,0.15777722001075745,0.005430905614048243,1715,1878,75,175,0.1,0.11375633131589076,0.16682321872736208,0.6290886276283848,0.6668777666414675,0.23910902429079586,0.36121206707191245,0.044675135672412186,0.10017483267106565,0.17351527139544487,0.251002487540245,0.5571130737662315,0.7087510094046592,0.07086037658154964,0.21470205858349795,-0.06132324505597353,0.0743312196806073
sft__none,16,post_instr_2,all,-0.24745428524868437,3.857665719166371,-0.08954235605915031,-0.3732371268136257,-0.06401454657316208,0.5451052188873291,-0.03718280792236328,-0.0022928453981876373,1715,1878,552,693,0.0891566265060241,-1.7913935876672056,2.302646888464496,1.1248289458270453,4.488055864768914,-1.7191940911958574,2.4436398857639468,-1.858125211552226,2.2780345361861007,-0.773974995315075,0.7812661692500114,-0.1646722115576267,0.684026451408863,-0.7495641127228737,0.6251288071274754,-0.7563037797808647,0.5774119034409521
sft__none,16,post_instr_2,false_reject,-0.07309224539005357,3.851253420730214,-0.09765270342733877,0.0021859588053301095,-0.018975410610437393,-0.08587755262851715,0.8549946546554565,0.8535189628601074,1715,1878,377,123,0.102,-1.6214748708530866,2.3317971605434247,1.1027038822001427,4.542927694736766,-1.7551552654600417,2.489412147704518,-1.6675557118946953,2.2480293314999393,-0.7392060413956643,0.815899209678173,-0.671273049712181,0.7119363144040107,-0.22680137865245342,0.913602600991726,-0.2926887847483158,0.8966038018465042
sft__none,16,post_instr_2,or_bench,-0.3524487177615466,3.8050144290983186,-0.10322644831608176,-0.41554322260044657,-0.0922326073050499,0.27563950419425964,-0.8724717497825623,-0.8506748676300049,1715,1878,100,395,0.09292929292929293,-1.7575109023036453,2.2322667361994455,1.045127100360896,4.6843349931258365,-1.6367057764398139,2.3003637452586614,-1.8576783664455352,2.2813766577976122,-0.7724835112690925,0.7498718708753584,-0.5993618205189705,0.7595674961805342,-0.930736654996872,0.549188247323036,-0.9259082734584808,0.49962307810783346
sft__none,16,post_instr_2,xstest,-0.3882895148552473,4.1862319257359735,-0.030527892528558524,-0.5416153387229976,-0.09235750138759613,0.5771075487136841,-0.3062702417373657,-0.25405585765838623,1715,1878,75,175,0.056,-1.9479840693815407,2.392373379979347,1.2101535982822313,4.876156938876437,-1.7784423388152995,2.4950002607842956,-2.046691787985434,2.3644359841721156,-0.7802359998226166,0.7639924183487892,-0.09777415879070758,0.6978626683354375,-0.4097708657383919,0.3287008821964264,-0.650977548956871,0.4009304404258723
sft__none,16,post_instr_3,all,0.444215057651281,0.4886279187559679,0.7333805600260435,0.21388409089271548,0.6726793050765991,0.8417012691497803,0.48582684993743896,-0.10861531645059586,1715,1878,552,693,0.43614457831325304,0.42286513720875074,0.46201879580828775,0.47341087243551777,0.504144591753971,0.7075602258809306,0.7596527603850034,0.18721300735364474,0.2354782514615586,0.6542237952351571,0.6895020842552185,0.8212789073586464,0.8554180473089218,0.433545683324337,0.5253760993480682,-0.15246025770902633,-0.067310206219554
sft__none,16,post_instr_3,false_reject,0.7366063199926114,0.5977208350673168,0.8419640278015221,0.4136808392595955,0.7765121459960938,0.823894739151001,0.5372300148010254,-0.16272631287574768,1715,1878,377,123,0.812,0.7096399029341116,0.7609431807860978,0.5831008824235694,0.6160130505639073,0.8138614051214774,0.8668331041324624,0.3733498826754549,0.45286930053564434,0.7583563402295113,0.7887092411518097,0.7800516679883003,0.8393890246748924,0.4755840539932251,0.5743601098656654,-0.20930952876806258,-0.11337183546274901
sft__none,16,post_instr_3,or_bench,0.254525738547527,0.6162118241024422,0.5788594720959678,0.1724159269892361,0.38176465034484863,0.7646483182907104,-0.040923260152339935,-0.36011409759521484,1715,1878,100,395,0.20606060606060606,0.2306738626070929,0.2784413932814967,0.5958789693289862,0.6378790011414618,0.5250346430649414,0.6415232442147504,0.14779455895727556,0.19648226160144394,0.34521415680646894,0.414004398137331,0.6836718872189522,0.8103698894381524,-0.12362923361361026,0.044357741810381275,-0.41055711433291436,-0.2868830166757107
sft__none,16,post_instr_3,xstest,0.23501728261147234,0.6354264798083912,0.3935957067595742,0.16705507510092168,0.346891313791275,0.7524828910827637,0.2647230625152588,0.003937786445021629,1715,1878,75,175,0.14,0.20569059962688968,0.25907700501946823,0.6203556501675843,0.6563752962717697,0.33691745713107196,0.4445864199867539,0.14015097011892377,0.19486868773545685,0.3063715897500515,0.38052769750356674,0.6106173604726791,0.7680527329444885,0.17792150042951108,0.30955500826239585,-0.05516210161149502,0.07587505709379905
sft__none,16,post_instr_4,all,0.23952149330801156,1.3567073492156083,0.44846692891010304,0.07308892104939413,0.17385753989219666,0.5795998573303223,0.033718135207891464,-0.06808656454086304,1715,1878,552,693,0.22088353413654618,0.016425765203782684,0.5250952995629177,1.1278600667809704,1.5423281393719523,0.24058659423098402,0.7367999638788405,-0.15215180744709067,0.35764191914076215,0.013872824609279633,0.354143227636814,0.37331488728523254,0.6417619869112966,-0.2995359793305397,0.3988199874758718,-0.4324470549821854,0.3226669616997235
sft__none,16,post_instr_4,false_reject,0.4649793941282281,1.5169584179888391,0.5228669641066919,0.2875515455897829,0.2930625081062317,0.3763284981250763,0.31383493542671204,0.21289467811584473,1715,1878,377,123,0.342,0.20330916259167806,0.7476840519830342,1.2733582129290129,1.7600787486777938,0.24083664336859972,0.8273802896201743,0.011071890857689897,0.49102514476008974,0.1304332658648491,0.4513895064592361,-0.009200398996472356,0.5783299416303634,-0.39881667867302895,0.578501360118389,-0.5238549321889877,0.5742883667349814
sft__none,16,post_instr_4,or_bench,-0.022318981501802178,1.8925269356995442,0.12272678823090363,-0.05903936057400938,-0.0117923803627491,0.3017836809158325,-0.053776271641254425,-0.050221022218465805,1715,1878,100,395,0.1292929292929293,-0.306388137403987,0.413923206139149,1.5484288432455477,2.1999022105722688,-0.24260579856408584,0.5889094999285436,-0.3469319186027827,0.3750087823576093,-0.1827237367630005,0.20742628909647426,-0.009373457729816431,0.4716441735625267,-0.6646229177713394,0.5441289737820623,-0.6608425557613373,0.5276903346180906
sft__none,16,post_instr_4,xstest,0.3070495903038756,1.3811285987215296,0.5088035261706626,0.22058403360738452,0.2170194387435913,0.4491465389728546,0.2632511854171753,0.16982504725456238,1715,1878,75,175,0.16,0.21034915234703763,0.4140843785925135,1.2360842854129048,1.5286939669623203,0.3367314186715154,0.7041405167489888,0.1370567405867918,0.3443338837621665,0.15033783502876757,0.29082954376935954,0.1317250370979309,0.5324644029140471,-0.04735004855319857,0.47406764551997177,-0.12158186696469782,0.4150717042386532
sft__none,16,post_instr_5,all,0.4343743596727705,0.5279107207834209,0.7455447241534674,0.1865156889013163,0.6353797316551208,0.7543869018554688,0.3545691967010498,-0.16155532002449036,1715,1878,552,693,0.39759036144578314,0.4134750109437472,0.4538618455864325,0.5118972739903705,0.5472547792730181,0.7150701809322748,0.7741597862529228,0.1620568489196568,0.2072696010457049,0.6149406284093857,0.6531220719218254,0.7281896337866783,0.7719750136137009,0.29782626032829285,0.40067790672183035,-0.2062878780066967,-0.11396745555102826
sft__none,16,post_instr_5,false_reject,0.7248601702984392,0.6402314875809144,0.8499143057586439,0.34156403122348844,0.7495048642158508,0.8070875406265259,0.5899018049240112,-0.02268008515238762,1715,1878,377,123,0.738,0.6953724956953818,0.7522083161033277,0.6239552564050084,0.6603706333000283,0.8139847520027722,0.8803059003905489,0.299334383210176,0.38440477905999376,0.7314069658517838,0.7632120281457901,0.7676135942339897,0.8173830687999726,0.5343776777386665,0.6234311178326607,-0.06556443013250828,0.02002188111655414
sft__none,16,post_instr_5,or_bench,0.22654193078653878,0.7385236908189675,0.5707373381697712,0.13940388700916503,0.2932625412940979,0.6592041254043579,-0.21424531936645508,-0.42630916833877563,1715,1878,100,395,0.16767676767676767,0.20036267976632285,0.25208155699656404,0.7083801427031143,0.7686683889607768,0.5084208643023214,0.6365458187014557,0.11131016607098833,0.16376848938067573,0.26254736334085466,0.32591162770986554,0.5801532283425331,0.7100339531898499,-0.2857603020966053,-0.13334576599299916,-0.4774772457778454,-0.34869739264249805
sft__none,16,post_instr_5,xstest,0.2649109251242451,0.7027780792978818,0.45399009064376916,0.1838769784175945,0.3527211546897888,0.653048038482666,0.33246150612831116,0.10913169384002686,1715,1878,75,175,0.172,0.2323793000311553,0.2912641747191389,0.6832809935528391,0.7289024035205327,0.39511125842582845,0.5065555922507935,0.15495841035767197,0.21518317724142985,0.31448764353990555,0.3815789237618446,0.5356713443994522,0.6633940741419792,0.22970967814326287,0.3828993737697599,0.03250391390174627,0.17825607433915136
sft__none,16,post_instr_6,all,0.37425765489978474,0.5378746658022607,0.6954292904275667,0.11843268251742575,0.5711508393287659,0.7740799784660339,0.337556928396225,-0.12738031148910522,1715,1878,552,693,0.3397590361445783,0.35377909417140635,0.3945761918794482,0.5191606103207872,0.5595559213141195,0.6658543209863846,0.7263036927629349,0.09547430752001862,0.13925425093662328,0.549022875726223,0.5942676246166229,0.7508288264274597,0.7912556827068329,0.2827760882675648,0.3888016067445278,-0.17332297824323178,-0.08161624670028686
sft__none,16,post_instr_6,false_reject,0.6841749515139167,0.6502590961149828,0.8188234684659546,0.27147183134132946,0.7248444557189941,0.8245029449462891,0.595145046710968,-0.0036163702607154846,1715,1878,377,123,0.702,0.6551791089947152,0.710162147995667,0.6326027485145204,0.6713692003510962,0.7826962448826589,0.8496284054369339,0.2318770502849005,0.31038000082819595,0.7051810875535012,0.741413551568985,0.7926540300250053,0.8303764745593071,0.5422940716147423,0.6268135532736778,-0.04814110770821571,0.04115683138370512
sft__none,16,post_instr_6,or_bench,0.13121367716105872,0.705066456468762,0.45343586952777504,0.04963844138638021,0.18295985460281372,0.6527546644210815,-0.3047826886177063,-0.43149396777153015,1715,1878,100,395,0.09090909090909091,0.10868671510911361,0.1565274899096457,0.6737913491700284,0.7375760189006805,0.3910491495756248,0.520217892511578,0.024529645124951496,0.07129832628192488,0.15149673335254193,0.21687971502542494,0.5711265683174134,0.7054786026477814,-0.37204488813877107,-0.2072863597422839,-0.4842068783938885,-0.34711795896291736
sft__none,16,post_instr_6,xstest,0.23565012541092673,0.7217072336025466,0.39782540951147016,0.1661464465301909,0.3103905916213989,0.6150602102279663,0.3050607144832611,0.1200828030705452,1715,1878,75,175,0.108,0.20452246051672643,0.2610250591347363,0.6983330176333288,0.7529489311724797,0.34576143112462543,0.4408391745156314,0.13564968514392398,0.19461566678000247,0.2746695317327976,0.3399907477200031,0.4891770273447037,0.6253195255994797,0.18017956465482712,0.3662333153188228,0.015402689645998181,0.19099359177052974
sft__none,16,first_gen,all,0.2682807010082077,0.292576704505776,0.7057907127689201,-0.08021212364538739,0.6758414506912231,0.8619906902313232,0.4918072819709778,-0.12314243614673615,1715,1879,552,693,0.29397590361445786,0.2500621436951139,0.28980174042696805,0.28161950873259706,0.30873763569233137,0.6634218994787211,0.7432694359984715,-0.09278830202347603,-0.06145210062522282,0.6437279000878334,0.7082699954509735,0.8415863022208214,0.8757010892033577,0.41328491643071175,0.5553121179342269,-0.1774657554924488,-0.07560019809752705
sft__none,16,first_gen,false_reject,0.5862844704004688,0.3533478897480113,0.785736669223485,-0.02504464858251394,0.8564748764038086,0.8783081769943237,0.7971560955047607,0.08699759095907211,1715,1879,377,123,0.528,0.5508405098874172,0.617827137715731,0.3457317282002546,0.3698823974610969,0.737014191891418,0.8288837162093466,-0.05282133833351139,0.0023577038586642977,0.8350322738289833,0.8687901198863983,0.8509781002998352,0.8807350009679794,0.7396213948726654,0.8139458119869232,0.03688011951744556,0.11747913174331187
sft__none,16,first_gen,or_bench,0.03198352952310368,0.5184122320298932,0.6541855148501605,-0.12553598057730644,0.06157808005809784,0.7728762626647949,-0.39345991611480713,-0.44189077615737915,1715,1879,100,395,0.14343434343434344,0.00980832143011939,0.056084390119149174,0.4816161940348084,0.5644416688011611,0.5706861319433676,0.7342979920082882,-0.1451968989495756,-0.10536742158627314,0.01773992250673473,0.10634518917649981,0.722681550681591,0.8004467725753784,-0.48323648497462274,-0.30215101167559627,-0.5030028983950615,-0.3824663668870926
sft__none,16,first_gen,xstest,0.10014152127919788,0.3844428194217293,0.3727357939735678,-0.01668460177350957,0.2520732879638672,0.7582188844680786,0.1486409604549408,-0.04390350729227066,1715,1879,75,175,0.124,0.0704829021868443,0.13362624936141154,0.3713240711934918,0.41948749229655247,0.2777598148575154,0.46416699165802006,-0.03438016694359392,0.0038968399799350663,0.17113563641905785,0.3227142721414565,0.6594276800751686,0.7571390151977538,0.03853627946227789,0.21609967462718477,-0.11549398601055146,0.020448388252407263
sft__none,19,last_prompt,all,0.13981371920924637,1.0692843361980569,0.3039254062186963,0.009092669708697244,0.12965087592601776,0.4702032804489136,0.08045053482055664,0.0196541678160429,1715,1879,552,693,0.12610441767068273,0.10302461022473651,0.18360355719405994,1.013182362439803,1.11815412367986,0.2550730977063811,0.34977116520058155,-0.028007148426794783,0.05673759123557384,0.09611178711056709,0.16846592798829071,0.4037059932947159,0.4980025827884674,-0.01048889253288507,0.15208974294364447,-0.0644080625846982,0.09181216936558483
sft__none,19,last_prompt,false_reject,0.2960137716083404,1.2712718534999603,0.3729831377502786,0.06009953564948727,0.22678178548812866,0.4918464124202728,0.13067743182182312,0.01964752748608589,1715,1879,377,123,0.26,0.24381567390841283,0.35029049532653445,1.2098312804316096,1.3355325575464017,0.31787116490442563,0.43142393432259135,0.009943523815912677,0.131950012852726,0.18754136115312575,0.26798320189118385,0.36275133192539216,0.5045614570379257,0.03583812806755304,0.2168569307774305,-0.07381164748221636,0.1298559106886386
sft__none,19,last_prompt,or_bench,0.02693629927124024,1.2576495630628044,0.14046850673645167,-0.0018060377698402481,0.021413065493106842,0.19511005282402039,-0.268133282661438,-0.27237361669540405,1715,1879,100,395,0.03838383838383838,-0.011432307119184762,0.07652140455910915,1.1984764522695082,1.3190339448393045,0.07850865821104422,0.21055886649112973,-0.0439851181389511,0.051007220209510304,-0.0090958520071581,0.06160540701821446,0.10707912985235453,0.26290856674313545,-0.335214713960886,-0.1399641197174788,-0.34057250916957854,-0.14683176949620255
sft__none,19,last_prompt,xstest,0.05091076426743854,1.2262347763511057,0.17473780338170275,-0.0021579551077550658,0.04148222506046295,0.2947768568992615,0.007113703526556492,-0.005118701606988907,1715,1879,75,175,0.032,0.004227491072387903,0.10792053508783198,1.1729046589779002,1.292387311776154,0.09760647722503081,0.24591848639063413,-0.047761507625123246,0.05617518002299719,0.003563163802027703,0.08517084810882805,0.16187430880963802,0.3211629658937454,-0.07655390705913305,0.08805389013141393,-0.08472522012889386,0.08183293696492906
sft__none,19,post_instr_0,all,0.4098151291052545,0.6255445595895267,0.623500027963484,0.23960726362251877,0.5480034351348877,0.6658657789230347,0.30117660760879517,-0.07617688179016113,1715,1878,552,693,0.3301204819277108,0.3868539054830348,0.4313690969434206,0.602930860910397,0.6519525877171438,0.5901035298542752,0.6519473533073462,0.2146897330327076,0.2625364785226039,0.5269897118210792,0.5656701073050499,0.6188791811466217,0.6811207741498947,0.21935445293784142,0.35800338014960287,-0.1393961500376463,-0.012889952631667282
sft__none,19,post_instr_0,false_reject,0.6103221823563322,0.7582147654726152,0.7067610326699535,0.31473328751624036,0.6270416975021362,0.6771785020828247,0.4417749345302582,0.022023174911737442,1715,1878,377,123,0.574,0.5779300066093495,0.6414009979724122,0.7383864394524916,0.7862407028458002,0.6696732386109698,0.7439363933123098,0.2800958193371607,0.3497403725457635,0.6045679360628128,0.6455185085535049,0.6046496942639351,0.6733596071600914,0.3487697660923004,0.47953998893499367,-0.04985700072720647,0.09154118951410053
sft__none,19,post_instr_0,or_bench,0.31898591500821694,0.8131734713783794,0.5284081033874535,0.2659676333427979,0.3651811480522156,0.4496963620185852,-0.17303314805030823,-0.3622736930847168,1715,1878,100,395,0.20404040404040405,0.29277080468621813,0.34564536217363934,0.7848630037879296,0.8467777920591256,0.47455166851046454,0.5919874603882795,0.23744200547033675,0.2943978387442551,0.3391177639365196,0.38923039585351943,0.3354642018675804,0.5071439355611801,-0.27004368901252745,-0.026291359495371598,-0.433314611017704,-0.2192064147442581
sft__none,19,post_instr_0,xstest,0.1886427923044492,0.7068496042168101,0.3317638827942834,0.12730518593565818,0.25785350799560547,0.5140410661697388,0.08896307647228241,-0.04510965198278427,1715,1878,75,175,0.092,0.15980930749600383,0.2162444370172126,0.6900941409892729,0.7389576102218735,0.27165444138635203,0.38718146724061164,0.09920881347080844,0.15816809126638562,0.2194082222878933,0.2894528679549694,0.3334879964590073,0.5299812227487564,-0.0024735212558880445,0.15531663708388793,-0.11428422164171934,0.03036790005862709
sft__none,19,post_instr_1,all,0.3146772360838947,0.49442093188619146,0.6171178648165522,0.07377211721078909,0.536931037902832,0.8036976456642151,0.447971910238266,0.019489338621497154,1715,1878,552,693,0.3164658634538153,0.2953717351067152,0.33396619095993774,0.4793093661928652,0.5110301665469094,0.5853053666993214,0.648177242360271,0.05298835836364048,0.09375113359349362,0.5135407671332359,0.5592078670859336,0.7848563894629479,0.8135758504271507,0.39929530397057533,0.49029547497630116,-0.024343745689839123,0.06101742004975676
sft__none,19,post_instr_1,false_reject,0.6360335271751338,0.6629852116650133,0.7466459494121298,0.29700184120651296,0.6922868490219116,0.7745826840400696,0.5601041316986084,0.033079132437705994,1715,1878,377,123,0.666,0.6074170406667979,0.6595548215689562,0.647756206086039,0.6824031297082903,0.7118500474210185,0.7751384850024944,0.25422161737223736,0.3308144629001062,0.6708431288599968,0.7069997966289521,0.734208057820797,0.7820314913988113,0.49765077605843544,0.6007092908024788,-0.021659710304811598,0.08785347342491147
sft__none,19,post_instr_1,or_bench,0.1056213092699185,0.5895370126363099,0.41090492458043143,0.028334317371649362,0.17635184526443481,0.6935666799545288,-0.1679287850856781,-0.2948618531227112,1715,1878,100,395,0.09292929292929293,0.08497060704347541,0.1283731700347701,0.5695184237760226,0.6133202037216939,0.3595955066178224,0.4712451460472842,0.008625503377607396,0.04954240612565798,0.13871962316334246,0.2109576702117919,0.6160623580217361,0.7324670910835266,-0.2278027180582285,-0.0873679833486677,-0.34246277138590814,-0.22435008734464645
sft__none,19,post_instr_1,xstest,0.08589539368426057,0.6256566815707806,0.240974030223496,0.01943311686770811,0.13601255416870117,0.6966514587402344,0.0990552306175232,0.004342231433838606,1715,1878,75,175,0.06,0.059184163124116375,0.10889654801440647,0.610240514820278,0.6489437951057889,0.18254758078305755,0.29585754747305903,-0.006051784124050951,0.04536763381427323,0.09443281348794699,0.1719208724796772,0.547836422920227,0.7001132771372794,0.019338131695985795,0.15791446231305598,-0.060792607814073564,0.06798342969268557
sft__none,19,post_instr_2,all,-0.18590627757986883,3.0688631702168663,-0.027562177539572862,-0.31203333110840276,-0.060467369854450226,0.5736347436904907,-0.08800682425498962,-0.05341838300228119,1715,1878,552,693,0.08995983935742972,-1.3190631989231623,1.914114733543244,1.2011500479610682,3.6256909583478594,-1.2437457627233959,1.9939059102208148,-1.398555549319766,1.840035846296246,-0.6957524418830872,0.7082072153687476,-0.11695898715406655,0.6890945732593533,-0.7121138721704483,0.561428327858448,-0.7317475110292435,0.5101741284132
sft__none,19,post_instr_2,false_reject,-0.0035933466025721847,3.053673419109889,-0.03419872832855797,0.0902126693728415,-0.0011767279356718063,-0.13091887533664703,0.8097561597824097,0.8096027970314026,1715,1878,377,123,0.102,-1.2315397995594182,2.0114834858324935,1.1982828131153171,3.681579172639056,-1.3163557182296144,2.016945125108662,-1.2302594865406258,1.829570064004746,-0.648774354159832,0.7541446179151534,-0.6172831237316132,0.6462505504488942,-0.24014778174459933,0.8837642922997474,-0.27745080292224883,0.8708701491355896
sft__none,19,post_instr_2,or_bench,-0.24968325640841815,3.0272276938467364,0.013448936117504353,-0.3162984767053887,-0.0822000503540039,0.34005963802337646,-0.8385424017906189,-0.8133417367935181,1715,1878,100,395,0.09494949494949495,-1.30876124146326,1.8303541351708656,1.1284263963503025,3.805825420610363,-1.1482562329851322,1.8586797879043795,-1.3934610881203613,1.8982088452764838,-0.6822838798165322,0.6742697983980175,-0.4922679327428341,0.7322905555367467,-0.9079623863101005,0.5274108096957204,-0.9115154817700386,0.47775363624095885
sft__none,19,post_instr_2,xstest,-0.42425558560585275,3.3855076110204245,-0.0488848829408391,-0.5851295527642291,-0.12434270232915878,0.6085636615753174,-0.3173438012599945,-0.24356356263160706,1715,1878,75,175,0.056,-1.5379621597015485,1.9398463651255482,1.2674373526577118,4.024919859705947,-1.3933212439230416,2.065358515887429,-1.650064020017514,1.9029846311212004,-0.7183267086744308,0.6734314739704129,-0.11310877017676829,0.7160077780485151,-0.42721488922834394,0.30652946159243577,-0.6407556310296059,0.38623752072453493
sft__none,19,post_instr_3,all,0.4312666182854732,0.46429517708758533,0.7073431635894629,0.2113614503546226,0.6805657744407654,0.8461031913757324,0.5120208263397217,-0.08708766102790833,1715,1878,552,693,0.41285140562248995,0.41050100928153543,0.44867553608972677,0.4501953580438927,0.47897988354283433,0.6824193325866807,0.732418262101972,0.18616134041514806,0.23153870571610147,0.6628668308258057,0.6970602661371231,0.8268869996070862,0.8601701915264129,0.464399017393589,0.5512393027544021,-0.1320617251098156,-0.04644932830706242
sft__none,19,post_instr_3,false_reject,0.7063187606662596,0.5697473692335356,0.8099142687291403,0.3887944412966636,0.7783400416374207,0.829887330532074,0.5580912828445435,-0.13991279900074005,1715,1878,377,123,0.784,0.6809569330075329,0.7294955336587571,0.5557091154873457,0.5859353791350042,0.7815409247554693,0.8358981174339063,0.35103591585618643,0.42286406538472765,0.7601615697145462,0.7911584854125977,0.7897791355848313,0.8420678958296776,0.5039110571146012,0.5905944257974625,-0.18559367656707765,-0.09062941633164885
sft__none,19,post_instr_3,or_bench,0.2514615931352424,0.5745262970001651,0.5586974290138583,0.17368038849792375,0.40096116065979004,0.7627735137939453,-0.01289810985326767,-0.3479340672492981,1715,1878,100,395,0.18383838383838383,0.22897764564403028,0.27470764426494676,0.5546066827762173,0.5945773175418984,0.5086123750571884,0.6142471095040186,0.150700326714852,0.1972119242275473,0.366192464530468,0.43345192223787304,0.6803175270557403,0.8072694957256317,-0.091103895008564,0.05937757510691864,-0.39494768530130386,-0.27920539379119874
sft__none,19,post_instr_3,xstest,0.23717620002274561,0.6231950858549135,0.3899470645824334,0.17170294958683038,0.35569220781326294,0.760876476764679,0.27737072110176086,0.007204000372439623,1715,1878,75,175,0.124,0.2103670467733387,0.2614563388834911,0.6082007365692917,0.6437135767820156,0.3378784307694523,0.43943302620606184,0.1469921593785164,0.19718317552090317,0.31696737855672835,0.3876276321709156,0.6228901788592338,0.7728115394711494,0.17940814644098282,0.32830886244773866,-0.058915183693170545,0.09284034669399253
sft__none,19,post_instr_4,all,-0.22020944545001125,1.720376540002799,0.0027458179483373993,-0.3978012417854993,-0.12696480751037598,0.6079297065734863,-0.027693267911672592,0.04989621043205261,1715,1878,552,693,0.10040160642570281,-0.4872567315728503,0.39825887876184607,1.1939307361177445,2.1639423224359913,-0.3090525002487065,0.632978432859227,-0.7055796453412715,0.21129609263188617,-0.3437976539134979,0.1882357925176619,0.19596830233931542,0.7346202403306961,-0.5114384576678276,0.5349303677678106,-0.46757570579648017,0.5530355557799329
sft__none,19,post_instr_4,false_reject,0.016517336916402277,1.898693236001461,0.04941812101202684,-0.08432543009767349,0.008698981255292892,0.18705418705940247,0.4958118200302124,0.4942033886909485,1715,1878,377,123,0.12,-0.3898252368802938,0.6556239771910275,1.399464990244065,2.3630801735989713,-0.3737330579167477,0.7476246441012669,-0.6190810646927344,0.3831898824547599,-0.22467465773224832,0.31765711233019794,-0.2709991030395031,0.6533862859010696,-0.5671950116753578,0.7383807629346847,-0.5314997404813766,0.7333730593323707
sft__none,19,post_instr_4,or_bench,-0.5897071802398818,2.389964483792112,-0.40535245571031364,-0.6363789331320674,-0.2395583987236023,0.3670336902141571,-0.007436878979206085,0.08290309458971024,1715,1878,100,395,0.09696969696969697,-0.9812645940052062,0.33419082241187015,1.6695313730252848,3.085304099938725,-0.9961858899742277,0.5665682879230163,-1.0254041548704664,0.2817274624592284,-0.4653996452689171,0.12065200861543399,-0.14643542394042014,0.6221874237060546,-0.7787331759929657,0.7193421542644497,-0.7018229708075523,0.7025487095117569
sft__none,19,post_instr_4,xstest,0.03794305641308954,1.4123667045895043,0.3122729442203559,-0.07962620621801193,0.026855191215872765,0.5129780769348145,0.15411797165870667,0.1403924524784088,1715,1878,75,175,0.068,-0.1002742458682785,0.24463510194167695,1.1733942392338443,1.6441114660977016,-0.044614652907076544,0.7388843818809966,-0.205188848771238,0.13935854838699133,-0.06984607502818108,0.17302295640110968,-0.056212787982076406,0.6439490914344788,-0.15084823593497276,0.42356515899300573,-0.14936843216419218,0.4072509720921513
sft__none,19,post_instr_5,all,0.3479319222836737,0.5070728084902394,0.636417059981565,0.11814283130730859,0.5657770037651062,0.7528862953186035,0.35807859897613525,-0.08233161270618439,1715,1878,552,693,0.3044176706827309,0.32859965077828124,0.3665283026723341,0.48970363539445705,0.5256477078299487,0.6051484418546904,0.6637927556974483,0.09811065251884961,0.13666627175715504,0.543757313489914,0.587126874923706,0.7267489150166512,0.7737912744283676,0.2973636776208878,0.4110472813248634,-0.13108750507235528,-0.030879120342433484
sft__none,19,post_instr_5,false_reject,0.5981730210927326,0.6172842374715588,0.725002075111826,0.20943685669678408,0.6959026455879211,0.8231719732284546,0.6121980547904968,0.05479530245065689,1715,1878,377,123,0.598,0.5667564301227093,0.6259368478504898,0.6018401977994011,0.6354326324921545,0.6869642274829842,0.757872977251589,0.17650396326410592,0.24033894341565118,0.6739792406558991,0.7137639939785003,0.7916084960103035,0.8321657031774521,0.5589325174689292,0.6399852365255356,0.006074308510869743,0.0972268462181091
sft__none,19,post_instr_5,or_bench,0.16274900476251766,0.6731743903161381,0.4949875290478556,0.07863798266878474,0.23499339818954468,0.6859732270240784,-0.2159004509449005,-0.38796377182006836,1715,1878,100,395,0.09898989898989899,0.14113496507690435,0.18564097437299854,0.6436795588521331,0.7030547917184911,0.4363612353279734,0.5613814892139033,0.057221126900882054,0.09858571797446469,0.20735947489738465,0.2655110046267509,0.612871952354908,0.7296666994690895,-0.28257971704006196,-0.13321834653615952,-0.4383629061281681,-0.3177009671926499
sft__none,19,post_instr_5,xstest,0.2141117695297208,0.6373459013741213,0.37970272526736293,0.14314423120396355,0.3184531629085541,0.6376358270645142,0.28219884634017944,0.08348821103572845,1715,1878,75,175,0.124,0.18592739828556656,0.2399297270363877,0.6184510482366709,0.6652134126073556,0.32363518410811987,0.4326647377109033,0.1161203885102659,0.169256593052225,0.28099074214696884,0.3503535494208336,0.49015482142567635,0.6493514776229858,0.15613187178969384,0.3489621259272098,-0.012757896189577875,0.16995192505419246
sft__none,19,post_instr_6,all,0.3177402975212916,0.5329493561365982,0.6132346376716872,0.08236815205478336,0.5120888948440552,0.768872857093811,0.31766432523727417,-0.08855987340211868,1715,1878,552,693,0.2819277108433735,0.2986702960074263,0.336789543229218,0.51338567393803,0.5537200622287779,0.5809141027090303,0.6417057933871155,0.060641851446022646,0.10012626262570556,0.4883080020546913,0.535190287232399,0.7433431833982468,0.7871436089277267,0.26084795519709586,0.3764633476734161,-0.13853555768728257,-0.03893600879237064
sft__none,19,post_instr_6,false_reject,0.5814157759032904,0.6321387919974052,0.7150496514456004,0.17182257616575658,0.6769607663154602,0.8240585327148438,0.5840669870376587,0.03561289608478546,1715,1878,377,123,0.572,0.5503536208451076,0.6091256330833895,0.6155711178483559,0.6524111413635924,0.6760887840918499,0.7468401105708994,0.14010202189659476,0.2019068225506016,0.653964115679264,0.6964940160512925,0.7921755120158196,0.833032539486885,0.5261717155575752,0.6177007794380188,-0.013059501466341317,0.08643873352557419
sft__none,19,post_instr_6,or_bench,0.1147770264001823,0.6715317107418943,0.43503459917187665,0.0336991729990379,0.16847512125968933,0.6809813976287842,-0.28222736716270447,-0.40271222591400146,1715,1878,100,395,0.08080808080808081,0.09373511630221174,0.1384150282658557,0.639133928331389,0.7046494114754968,0.37553605534488527,0.5005147749971579,0.012114953148512608,0.05265593319370529,0.1380180511623621,0.20096475183963775,0.5982207462191582,0.724876134097576,-0.35825092494487765,-0.16966527029871942,-0.46186519265174864,-0.3087609551846981
sft__none,19,post_instr_6,xstest,0.19225646734240656,0.6449287341565257,0.3390444200007509,0.12934734477454468,0.2856813371181488,0.6156333684921265,0.229922354221344,0.05639778822660446,1715,1878,75,175,0.1,0.16558286663735086,0.21496990271597924,0.6226985022642234,0.6775509339827022,0.291029824926034,0.3810485527380545,0.10539088843062312,0.15488691401674448,0.2495886106044054,0.31673543974757196,0.45740472674369814,0.6213630601763726,0.09528530407696963,0.32231517881155014,-0.06350240083411336,0.16075760647654527
sft__none,19,first_gen,all,0.27898890307092455,0.26311879998565124,0.7021232331547219,-0.05805322046539686,0.727495551109314,0.858818769454956,0.6214356422424316,-0.004884369671344757,1715,1879,552,693,0.2963855421686747,0.2610427431520096,0.299377827155461,0.25397019163313933,0.2768285818492462,0.660799488694655,0.7404168238155358,-0.07019393348551245,-0.04152649449269085,0.6978499293327332,0.7543009713292121,0.8410109460353852,0.871039904654026,0.5584682881832123,0.6706176221370697,-0.056496899109333754,0.03889022264629601
sft__none,19,first_gen,false_reject,0.5776513983692715,0.35838862403123284,0.7763274590930486,-0.031299011682965734,0.8497414588928223,0.8723263144493103,0.8507077693939209,0.20761750638484955,1715,1879,377,123,0.534,0.5417454158434489,0.6081019026173307,0.3484662321356355,0.3786024791131466,0.7281778389461715,0.8166546736046144,-0.054299860761040465,-0.006220399905409467,0.8295298755168915,0.8611325398087502,0.8481405436992645,0.8770860478281974,0.8059015035629272,0.8602342262864113,0.1584572684019804,0.23776646889746186
sft__none,19,first_gen,or_bench,0.06631755607556353,0.43521030622420004,0.6658703402249805,-0.0854679529027955,0.15064159035682678,0.7835342288017273,-0.25292569398880005,-0.37524062395095825,1715,1879,100,395,0.14343434343434344,0.04600641051036642,0.08890461065851074,0.4055085622400001,0.4742837785039996,0.5798658056848435,0.751151857344962,-0.10265433108222133,-0.0688240259218541,0.09940330479294061,0.1994496278464794,0.7372363448143006,0.8095562875270843,-0.3623928248882294,-0.15449789986014367,-0.4391529247164726,-0.31384634375572207
sft__none,19,first_gen,xstest,0.1027532482513961,0.33559514784771954,0.3774609171871885,-0.014978609003717133,0.2927665114402771,0.7668964862823486,0.2225610613822937,-0.0020503662526607513,1715,1879,75,175,0.124,0.07110253395616499,0.13527479352599603,0.32287778931710825,0.3675243161278016,0.27688418743943044,0.4732573947205107,-0.031790607327947105,0.004973159646693922,0.19881052970886232,0.3681674025952816,0.665942533314228,0.7650848269462586,0.09740004315972328,0.29682935029268265,-0.07158659473061561,0.06351344231516122
sft__none,24,last_prompt,all,0.12680315001699438,0.9862297428337665,0.27123877859033324,0.011754871675056889,0.12752389907836914,0.442028284072876,0.03156471624970436,-0.025008630007505417,1715,1879,552,693,0.09799196787148594,0.0947463233697024,0.1676074794194638,0.9358766563354596,1.0306829445317562,0.23074651718354353,0.31596404560276725,-0.02176546767967717,0.0554765901739435,0.09665035028010607,0.16565519869327539,0.3725829318165779,0.46371308043599124,-0.054524739645421504,0.09957392904907447,-0.10437279623001813,0.0481912686489522
sft__none,24,last_prompt,false_reject,0.2638120451510449,1.1587374741355851,0.33161161803264316,0.056003503137170604,0.22199124097824097,0.4409525990486145,0.06244463473558426,-0.03634996339678764,1715,1879,377,123,0.178,0.21852879806484538,0.31554384290140675,1.109615453940898,1.2204228888047872,0.2812894494058789,0.3841765839145592,0.010635685607957565,0.13103545560293353,0.18554454557597638,0.26371819376945493,0.31368067264556887,0.45168002769351007,-0.01907124752178788,0.14135317392647265,-0.11271066926419734,0.0666898740455508
sft__none,24,last_prompt,or_bench,0.02631702755513619,1.160734872426667,0.11450023401469296,0.003992170562475591,0.02266690880060196,0.15382099151611328,-0.2939959168434143,-0.2975590229034424,1715,1879,100,395,0.046464646464646465,-0.00922077978293094,0.07510949121012345,1.1109791870028007,1.223802122023372,0.053479270899374654,0.18410030068394628,-0.033541413541843,0.056407764560343104,-0.007933048391714692,0.06446329392492771,0.0642038168385625,0.22529293522238722,-0.34500734508037567,-0.16530423536896707,-0.3475318677723408,-0.169889322668314
sft__none,24,last_prompt,xstest,0.05174796459268082,1.2073415866143484,0.17674936312694714,-0.001824074370202122,0.04282177612185478,0.27577757835388184,0.005806002300232649,-0.006008789874613285,1715,1879,75,175,0.04,0.002327502504193026,0.10844657389986194,1.1510347593492292,1.2802264566949897,0.1043169758353223,0.24727344857823869,-0.04818715992693254,0.05710043184708292,0.0019265444017946723,0.08858640510588883,0.15647196695208548,0.2877585500478743,-0.06437032036483288,0.09831552356481549,-0.07379740998148918,0.08700638264417637
sft__none,24,post_instr_0,all,0.3873275221567691,0.6369729308523698,0.5866976288835446,0.2285218823407827,0.5195600986480713,0.622911810874939,0.24215207993984222,-0.09537087380886078,1715,1878,552,693,0.3244979919678715,0.36399566718576204,0.411141750197073,0.6145973864874356,0.6642615604192117,0.5537812472902944,0.6164972229041732,0.20128205955421435,0.25499414037692153,0.4980201430618763,0.5390167474746704,0.5675808519124985,0.6374566599726676,0.15216118432581424,0.3071329139173031,-0.16626152507960795,-0.023259490123018634
sft__none,24,post_instr_0,false_reject,0.5769006080716838,0.7675524528423315,0.6634860914425851,0.31151258180477465,0.6008236408233643,0.6146343946456909,0.38318175077438354,0.017381969839334488,1715,1878,377,123,0.566,0.5433510078524679,0.6078219620816369,0.7468776871689979,0.801712282498308,0.6261515211496641,0.7007226330609555,0.27846779216196105,0.3503670207161005,0.5769490167498589,0.62108693420887,0.5244719475507736,0.599837988615036,0.26630560085177424,0.41657372787594793,-0.07107403855770826,0.09319691359996791
sft__none,24,post_instr_0,or_bench,0.3029418295779251,0.8386243428239725,0.4976603764625702,0.25364602099900285,0.33974894881248474,0.40484654903411865,-0.23980757594108582,-0.40121981501579285,1715,1878,100,395,0.2,0.27204112332174346,0.3311128230775197,0.8062343000179177,0.8756801755847852,0.4414243968473332,0.5662418010641709,0.22048927961259732,0.28356901838701926,0.30596391558647157,0.3680280946195125,0.28951064720749853,0.46216376796364783,-0.3271093420684338,-0.08907401878386736,-0.4626766435801983,-0.25288120657205587
sft__none,24,post_instr_0,xstest,0.17526493155352957,0.7619583186607904,0.3194240077985124,0.11348244287282447,0.22416533529758453,0.4483363926410675,0.009609585627913475,-0.09326538443565369,1715,1878,75,175,0.088,0.14602110837158452,0.20363277024465415,0.738956207633618,0.8085598269030341,0.25709724342427487,0.37428697602973193,0.085692334511245,0.1443623095778332,0.1854704234749079,0.26097255647182455,0.27744302079081534,0.46331164538860314,-0.0980573408305645,0.09441803842782968,-0.17794861197471618,0.009437873121350995
sft__none,24,post_instr_1,all,0.2925990683912449,0.4790983080854134,0.6072527339492932,0.04196578421133222,0.5212123394012451,0.7997174859046936,0.4194600582122803,0.0030904309824109077,1715,1878,552,693,0.30522088353413657,0.2733176123885893,0.31505267607667686,0.4632337453993214,0.49808215824755164,0.5738267099974764,0.6423799350931686,0.020521829942254845,0.06621638075852142,0.49541542381048204,0.548696257174015,0.7818639144301415,0.8070395231246948,0.368019912391901,0.4706803664565086,-0.03915680292993784,0.04795149834826583
sft__none,24,post_instr_1,false_reject,0.6367892866788566,0.635022922882392,0.7452945704204346,0.3042163811506325,0.7080881595611572,0.7471792697906494,0.5709623098373413,0.059328772127628326,1715,1878,377,123,0.66,0.6060814006137877,0.6619832391477587,0.6202348478371261,0.6555325356977848,0.7106639639168223,0.7760709018876637,0.25808716446125746,0.3477379929946733,0.6874425515532494,0.7233339726924897,0.7016859471797943,0.7566730409860611,0.5061867415904999,0.6074044212698937,0.004771024826914072,0.11624469012022015
sft__none,24,post_instr_1,or_bench,0.07967700931839593,0.5690353986184807,0.4079034776178701,-0.003418300002779668,0.13866841793060303,0.6813367605209351,-0.19610978662967682,-0.29342448711395264,1715,1878,100,395,0.08888888888888889,0.05790334748111792,0.10391917219182153,0.5492722583879626,0.5961081374603058,0.35169253276163054,0.47423025746274083,-0.023671585890473027,0.019209864873287023,0.10013441517949104,0.17927965670824048,0.6118005022406579,0.7130451321601867,-0.2600303128361702,-0.10506287142634395,-0.33637748584151267,-0.22617070823907853
sft__none,24,post_instr_1,xstest,0.025804093091496023,0.6440281400720939,0.17916162137165167,-0.039920572190957994,0.040034595876932144,0.6553282737731934,0.04022080823779106,0.013996224850416183,1715,1878,75,175,0.024,0.0024977221704564584,0.050726910694500346,0.6262371967299524,0.6700056301101082,0.11913767341248667,0.23282378932741934,-0.06356628402702601,-0.015501171631086006,0.003916350321378559,0.07924549616873264,0.5071845352649689,0.6535092025995254,-0.02989599867723882,0.10376825146377085,-0.0480569651350379,0.0794041872024535
sft__none,24,post_instr_2,all,-0.10791045582622866,2.7283260275023657,0.05747487135573285,-0.23964574945058037,-0.039520978927612305,0.5451966524124146,-0.06824131309986115,-0.04673108085989952,1715,1878,552,693,0.08995983935742972,-1.0332303848838678,1.6713422294714297,1.305424887604035,3.2035864101372793,-0.967759648162335,1.7644005617239005,-1.168605749154235,1.6056275332487353,-0.610717362165451,0.6465192064642904,-0.05862960126250981,0.6731290444731711,-0.6110915899276733,0.48929675742983814,-0.6476445883512497,0.4714907176792621
sft__none,24,post_instr_2,false_reject,0.09320077480071026,2.737072447259292,0.0660475151272998,0.1764277471252179,0.03403153270483017,-0.12122288346290588,0.7331434488296509,0.7376959323883057,1715,1878,377,123,0.102,-0.9626520500553728,1.80087415685086,1.3048064261647334,3.297562626174083,-1.0574511001599933,1.8307548287279503,-0.9452087903453413,1.6399252667588693,-0.534597647190094,0.7025166347622869,-0.5747511312365532,0.5879797533154484,-0.2357755985110998,0.83601985424757,-0.2653828002512455,0.8260928139090538
sft__none,24,post_instr_2,or_bench,-0.1725874229162361,2.727257105296881,0.08188968940071871,-0.2370122514356327,-0.06315607577562332,0.3593912124633789,-0.7856395244598389,-0.7644680142402649,1715,1878,100,395,0.09494949494949495,-1.0462355568616515,1.603821229800501,1.2762175897323158,3.4486918036465117,-0.9070535709818185,1.663032099099241,-1.150416150433063,1.622144227560925,-0.5872685089707375,0.6108827397227279,-0.4160521239042282,0.7126879885792732,-0.8808182358741761,0.4792907468974587,-0.8926410228013992,0.43908101767301505
sft__none,24,post_instr_2,xstest,-0.3820730338568014,2.998731600354489,-0.018171078818317667,-0.5380309095207849,-0.12638980150222778,0.5786888599395752,-0.3400670289993286,-0.26908451318740845,1715,1878,75,175,0.056,-1.2893710484822747,1.6466416680886624,1.3623419304389226,3.577144973996587,-1.1774085853705125,1.8139225151173275,-1.4075254764883423,1.5942476747281022,-0.6569292917847633,0.6032174408435813,-0.12173343114554881,0.7074362128973006,-0.46207376644015313,0.32314825803041447,-0.6029496431350708,0.38875510022044163
sft__none,24,post_instr_3,all,0.4303557964349064,0.4367914885205341,0.699275372988019,0.21615146804581634,0.7018395066261292,0.8539085388183594,0.536696195602417,-0.08789488673210144,1715,1878,552,693,0.40401606425702813,0.4104744505574812,0.44753842172007463,0.4239228267681693,0.44988478249272734,0.6742025305061837,0.7239943657137017,0.19245757361958876,0.23684195765179294,0.6844360277056694,0.717341984808445,0.8346522018313408,0.8684827297925949,0.4883982382714748,0.5758403271436691,-0.13001935444772245,-0.050049383379519
sft__none,24,post_instr_3,false_reject,0.6979491761445752,0.5271222808314721,0.7977138331614304,0.3921667285310553,0.7979867458343506,0.8269196152687073,0.5802757740020752,-0.13206979632377625,1715,1878,377,123,0.77,0.6733794416560602,0.7216990789847535,0.5151897755150361,0.5425524676930611,0.7692607890111623,0.8245173123611791,0.35722231632002804,0.42316356376731107,0.7817989319562912,0.8106622010469436,0.7890234842896462,0.837983939051628,0.5315071135759354,0.6110487669706345,-0.17728754505515099,-0.08219327218830587
sft__none,24,post_instr_3,or_bench,0.25432848595497565,0.5525177092595561,0.5543424538748676,0.17837558709821405,0.41813671588897705,0.779262900352478,0.02198905311524868,-0.334494411945343,1715,1878,100,395,0.17373737373737375,0.23269240919619413,0.2765385839059699,0.5314940566384067,0.5714418982913992,0.5076490460338726,0.6085623431930942,0.15502411713049868,0.20129803107476799,0.383814150840044,0.44978506341576574,0.7043726995587349,0.8153629809617996,-0.04802302103489637,0.08818835038691757,-0.3827366940677166,-0.2677590742707254
sft__none,24,post_instr_3,xstest,0.24370302536233288,0.5840870206157324,0.39770201564252045,0.177703480239946,0.3850642442703247,0.7713718414306641,0.2923630475997925,-0.005054413806647062,1715,1878,75,175,0.128,0.21865995802275226,0.2658730795774954,0.5710275235037225,0.6048315973217703,0.34470891645617485,0.4473935575594367,0.15321327957644917,0.20340949973164188,0.3457467153668404,0.41578890234231947,0.6371317476034164,0.777331057190895,0.1993998471647501,0.3472421929240226,-0.06937705837190151,0.07596805430948729
sft__none,24,post_instr_4,all,-0.037682840274395335,1.6085547258214916,0.15820965700212938,-0.1937180353536596,-0.023420102894306183,0.5626201629638672,-0.023709464818239212,-0.010535718873143196,1715,1878,552,693,0.10763052208835341,-0.31627519742150056,0.463912993476803,1.1782293137125583,1.9550588276323164,-0.1319455914993215,0.6597877567823972,-0.4816346706437723,0.30789144926404793,-0.2300049874931574,0.24932752884924403,0.23824217021465302,0.6663871541619301,-0.4596407242119312,0.5048920750617976,-0.48142099007964134,0.4949978813529008
sft__none,24,post_instr_4,false_reject,0.1805104636206784,1.7719351411893551,0.2051187553611627,0.10508274296183509,0.1013474315404892,0.15602585673332214,0.4337952136993408,0.42014575004577637,1715,1878,377,123,0.14,-0.188078569987211,0.6874444918480362,1.3707898287543652,2.1308195831634134,-0.16529945564069862,0.7486227752535555,-0.3324525650276156,0.5074877232311497,-0.11100478582084179,0.3581733837723732,-0.2213561914861202,0.5198408007621764,-0.5002068988978863,0.6853901773691177,-0.5234367102384567,0.6928564459085462
sft__none,24,post_instr_4,or_bench,-0.30223023443253394,2.2425479157858366,-0.10633060936475922,-0.3518250012902863,-0.13356342911720276,0.39650458097457886,-0.06853419542312622,-0.01571650803089142,1715,1878,100,395,0.09696969696969697,-0.6608325935347129,0.4485442045235457,1.6620315114669735,2.789393582914984,-0.6056100869998365,0.6843296881652982,-0.7312891931097029,0.3948842996377839,-0.3481943130493164,0.1778936367481944,-0.06248804265633225,0.5787887707352637,-0.735497884452343,0.645294240117073,-0.6922015279531479,0.6464842692017553
sft__none,24,post_instr_4,xstest,0.049735877469603354,1.1201279103749067,0.27513232602824716,-0.04686301051171737,0.044358253479003906,0.49286043643951416,-0.040349822491407394,-0.0622735396027565,1715,1878,75,175,0.064,-0.06859984406880948,0.2025834845111714,0.9628295631643903,1.3074861784926213,0.024771867316992605,0.606728303977328,-0.16328516630856663,0.13702439831829707,-0.055018164590001105,0.19009273312985894,0.004924233909696346,0.5981120020151138,-0.2142190385609865,0.26977304592728596,-0.2199893057346344,0.25096535496413697
sft__none,24,post_instr_5,all,0.2990221224631355,0.4306880307006641,0.5713054392134502,0.08213842262510102,0.5703098177909851,0.7597447037696838,0.4068605899810791,-0.03217475861310959,1715,1878,552,693,0.2642570281124498,0.2821020689310015,0.31538556961527053,0.4157187382205609,0.44674828811797584,0.5405921172744796,0.5989107023038392,0.06452312899249044,0.09633177656275702,0.5470159202814102,0.5936384052038193,0.7342390894889832,0.7802996560931206,0.3489165849983692,0.45957704856991766,-0.08257428910583257,0.01697260083165014
sft__none,24,post_instr_5,false_reject,0.5337542721470753,0.5459212697794816,0.6529865924920154,0.16830254272396944,0.6990939378738403,0.8189895153045654,0.6540506482124329,0.1139812171459198,1715,1878,377,123,0.534,0.5036909945769085,0.5611410957111749,0.5329622481592692,0.560996525936975,0.6181741461194428,0.6890626913266864,0.1393700214598915,0.19589744152585015,0.6757136046886444,0.7181048914790154,0.7821098044514656,0.830373677611351,0.5997765675187111,0.6775569200515746,0.06546733509749174,0.15878033377230164
sft__none,24,post_instr_5,or_bench,0.124363113386369,0.5633691899672861,0.44233188642123134,0.04386470268255105,0.2155592441558838,0.7099206447601318,-0.1862400472164154,-0.3474379777908325,1715,1878,100,395,0.08484848484848485,0.10610428612783138,0.1424686009924586,0.5372531238204227,0.5917007329954708,0.3826379312441208,0.5033544300833612,0.027534937398600915,0.06120723220201416,0.1815326303243637,0.24771824367344378,0.6420917809009552,0.7476663440465927,-0.2566541627049446,-0.10675985328853135,-0.40296256765723226,-0.2785331934690476
sft__none,24,post_instr_5,xstest,0.17538256924014126,0.5309345046763064,0.33268647275445856,0.10796663290094216,0.3136584162712097,0.6615056395530701,0.2536466717720032,0.04861311614513397,1715,1878,75,175,0.08,0.15090885893778702,0.19880627957050398,0.5147083087294702,0.5579848944097485,0.27699325389613144,0.38923665323481005,0.0867891554700272,0.12963318031998108,0.275102087110281,0.3506666585803031,0.5081567525863647,0.6688464522361754,0.11353279538452626,0.3269936054944992,-0.05929173557087779,0.142954733222723
sft__none,24,post_instr_6,all,0.28159101165144296,0.4478255884845492,0.5547795236212143,0.0639862892338215,0.5323078632354736,0.7601181864738464,0.35815978050231934,-0.05487807095050812,1715,1878,552,693,0.25622489959839356,0.26503768870962097,0.29911551927289176,0.432325700578297,0.46553814728044135,0.5242746984038494,0.583076503657739,0.04512061479745693,0.0784839743021762,0.5064575359225273,0.5562505543231964,0.7336261883378029,0.7807240843772888,0.2999163091182709,0.41402611434459685,-0.10515302643179894,-0.006206757586915073
sft__none,24,post_instr_6,false_reject,0.524648773494942,0.5519094609141773,0.6476318110133409,0.1477008808041362,0.6889804601669312,0.8175565004348755,0.638170063495636,0.10332740098237991,1715,1878,377,123,0.53,0.495340780502439,0.5536850119150813,0.5372818939957696,0.5694336122472313,0.6126222825484154,0.6824674809257423,0.11858808235301194,0.17440632020463628,0.6655923932790756,0.7083036705851554,0.78186105042696,0.8272929340600967,0.5789243638515472,0.665813073515892,0.053014594502747064,0.1490241251885891
sft__none,24,post_instr_6,or_bench,0.09961961623173411,0.57539448675807,0.4027907247945567,0.0228674250451827,0.17059479653835297,0.6958926320075989,-0.24679778516292572,-0.3709511160850525,1715,1878,100,395,0.0707070707070707,0.08207655842434095,0.11954767462406614,0.5456228657413466,0.6037858470140153,0.3470564023046056,0.46725895399916884,0.006714386201342783,0.04015065197589499,0.13980599269270896,0.20407050661742682,0.6242790311574936,0.7346371263265609,-0.3246467761695385,-0.1389026183634997,-0.43477572649717333,-0.2795279271900656
sft__none,24,post_instr_6,xstest,0.15577866681318495,0.5250191358379263,0.29069349122422755,0.09795803222953733,0.2844533324241638,0.626764178276062,0.21929560601711273,0.04277759790420532,1715,1878,75,175,0.076,0.1337766755746104,0.17732047394859937,0.5066460148289432,0.555456320016422,0.24542134734810736,0.3354976782266102,0.07929802590134367,0.1187866789498258,0.2473186731338501,0.3215626209974288,0.46888984739780426,0.6353603422641754,0.05812904518097639,0.30879752710461617,-0.09077160656452178,0.15129480883479118
sft__none,24,first_gen,all,0.28111420475507326,0.23186477574287764,0.6975276982430418,-0.05057446233675148,0.7714465856552124,0.8567876219749451,0.718315839767456,0.09013129770755768,1715,1879,552,693,0.29397590361445786,0.2613361210094956,0.30292415326013067,0.22420650746170828,0.24432476066028305,0.6531602452197323,0.7383715557494225,-0.061501722412112526,-0.035647078954072146,0.7425671651959419,0.7934730380773544,0.8397682800889015,0.868947422504425,0.6624572992324829,0.7566857546567917,0.0365801889449358,0.13112811744213101
sft__none,24,first_gen,false_reject,0.5714837852898139,0.34723378762143203,0.7715359095139842,-0.041683951329176246,0.8546140193939209,0.8707600235939026,0.9002329111099243,0.30055874586105347,1715,1879,377,123,0.528,0.5345870548708059,0.6032952583792578,0.33663025465550067,0.36983052129431043,0.7228664250526546,0.8138704051856775,-0.05870662588561064,-0.021452805276730547,0.8335243910551071,0.8658817261457443,0.84707762748003,0.8766439318656921,0.8668059781193733,0.9050926879048348,0.2582590579986572,0.32583458870649334
sft__none,24,first_gen,or_bench,0.08191572450198426,0.36409437493333796,0.6617685360376072,-0.06488244247701272,0.2194981575012207,0.7867162227630615,-0.1287716180086136,-0.3089897632598877,1715,1879,100,395,0.14343434343434344,0.06255084519605969,0.10526985216826104,0.33910748096452464,0.3994857989385847,0.5754657768187318,0.7504062776847917,-0.0800372438916192,-0.04869279901310092,0.16095946729183197,0.2713814057409763,0.7416866675019265,0.8102739661931991,-0.25157157629728316,-0.024001092882826938,-0.37454332411289215,-0.24302089735865592
sft__none,24,first_gen,xstest,0.09478802318027016,0.27412233320747664,0.37319213285809777,-0.024528036769069048,0.32680124044418335,0.7671775817871094,0.25856414437294006,0.008305569179356098,1715,1879,75,175,0.124,0.060371188840064406,0.12597203064682583,0.26669151746543407,0.30471654225959344,0.26526435300665097,0.47932674393545727,-0.03899844004806499,-0.009274329582067236,0.20427409820258619,0.4083885096013546,0.6610760733485221,0.7708690524101257,0.11734967585653067,0.34032011106610294,-0.06770279332995414,0.061570273712277405
sft__none,26,last_prompt,all,0.10471316957214495,0.9389029769059286,0.23602505618144515,0.00011841271089063528,0.11083996295928955,0.42669957876205444,0.012735709547996521,-0.03477391600608826,1715,1879,552,693,0.06345381526104418,0.07640460689609593,0.14192603495958997,0.8908603207506607,0.9824220577268141,0.1992951475740082,0.27799826334374095,-0.029870714881182085,0.04249713907523765,0.0816830551251769,0.14907023571431635,0.3576038837432861,0.4489263832569122,-0.06999295502901078,0.08303345609456275,-0.11298846565186976,0.04125079344958063
sft__none,26,last_prompt,false_reject,0.22868124372774154,1.1004121559132913,0.290819642894856,0.03822452895974569,0.20346704125404358,0.42576998472213745,0.04225967824459076,-0.045318469405174255,1715,1879,377,123,0.126,0.185626832349584,0.28066196000513594,1.0573170721138025,1.1624111621809732,0.24423490867368236,0.342701291318594,-0.0059616763553702705,0.10569704973127461,0.16752944141626358,0.24534574300050732,0.2970936484634876,0.43397604972124093,-0.0372189518995583,0.12231769133359194,-0.11687197219580411,0.05555332526564592
sft__none,26,last_prompt,or_bench,0.012992835496895843,1.1087955225550357,0.09171676651437252,-0.006937282841995014,0.011717169545590878,0.14161700010299683,-0.2839928865432739,-0.28567183017730713,1715,1879,100,395,0.022222222222222223,-0.019003225458607432,0.059346890866202706,1.0600241330101974,1.1711662407289287,0.03333882768150209,0.15573448423436792,-0.04048495710107128,0.04304477809812581,-0.017261696141213177,0.053021345846354956,0.05656036362051964,0.2146206770092248,-0.33267834037542343,-0.161988127604127,-0.33515590056777,-0.16539524793624885
sft__none,26,last_prompt,xstest,0.03838324936426774,1.146583004280742,0.1530019429823841,-0.010739052440187196,0.03345746546983719,0.2610321044921875,-0.009811438620090485,-0.01855531521141529,1715,1879,75,175,0.02,-0.006676658006581775,0.08990669754408837,1.0946321277283895,1.2171721557264883,0.08685701591867886,0.21840032922804103,-0.05205611804202016,0.043560134676373916,-0.005648115463554859,0.076744594424963,0.14549811519682407,0.27272029593586916,-0.07911786027252674,0.08261756636202326,-0.08306400906294584,0.07616818919777865
sft__none,26,post_instr_0,all,0.38587197981966675,0.6442286085924309,0.5812298916534663,0.23026222339004457,0.5138442516326904,0.6111789345741272,0.23145423829555511,-0.09627942740917206,1715,1878,552,693,0.3236947791164659,0.36262044431319806,0.4097753320245677,0.6213921988003793,0.6728343523780042,0.5495599919494433,0.6113158216085084,0.20274142579116428,0.2566769220438128,0.49128040820360186,0.5339227914810181,0.5549575686454773,0.6226170063018799,0.14018326811492443,0.29605011343955995,-0.17050162553787232,-0.025124636339023714
sft__none,26,post_instr_0,false_reject,0.5724736065719959,0.7751916700654427,0.656123704153991,0.3160826722921819,0.5940593481063843,0.5957504510879517,0.3695228695869446,0.01940741389989853,1715,1878,377,123,0.57,0.5396872344466601,0.6037116514821582,0.7534498113673083,0.8121568089744333,0.6191711387575238,0.6925058035329766,0.2826796450809479,0.35493433842473054,0.5693582549691201,0.613681249320507,0.5006235703825951,0.5772210791707039,0.24755721129477024,0.4034815296530724,-0.07009538654237986,0.09656198676675555
sft__none,26,post_instr_0,or_bench,0.30768359789728444,0.8456671163189154,0.4988286983871118,0.2592924131105001,0.3419082760810852,0.39590132236480713,-0.24429966509342194,-0.4040099084377289,1715,1878,100,395,0.19797979797979798,0.2762931228032266,0.3375590773559512,0.814214719994684,0.8830501827848952,0.44063948449655904,0.5704734511902049,0.22495248102292736,0.2907228853738842,0.3068386510014534,0.3705741889774799,0.2794585354626179,0.452335324883461,-0.3272815518081188,-0.08913238719105723,-0.4621819220483303,-0.25398903861641886
sft__none,26,post_instr_0,xstest,0.16748176449939564,0.7828704989983255,0.31463201796752166,0.10441736509099143,0.2091992199420929,0.4319794178009033,-0.010416497476398945,-0.1030668169260025,1715,1878,75,175,0.08,0.13842894385474153,0.19685798308342814,0.7564257630468704,0.8330646092662692,0.2519030833004359,0.36957393195592547,0.0747456060828765,0.1378960406547738,0.16843134500086307,0.2471886280924081,0.2661478020250797,0.4447432145476341,-0.12131850086152554,0.08818807546049352,-0.19773376137018203,0.016003373824059905
sft__none,26,post_instr_1,all,0.287706003916016,0.47627235721817934,0.6130050462214224,0.028593367383148074,0.5170605182647705,0.8026893734931946,0.40357744693756104,-0.013390415348112583,1715,1878,552,693,0.3132530120481928,0.2686397230284367,0.3101240907065114,0.46034713819180934,0.4957306372079846,0.5792471024368887,0.6493927013722066,0.005863996296996073,0.055142594649220854,0.49012676551938056,0.5459378987550735,0.7853631377220154,0.8096948459744453,0.35123146176338194,0.45816950052976607,-0.056274250894784925,0.031761980708688485
sft__none,26,post_instr_1,false_reject,0.6447376769923149,0.6315514595664683,0.7543864458973066,0.30865975663631207,0.7143741846084595,0.7359669208526611,0.5556790828704834,0.042761966586112976,1715,1878,377,123,0.68,0.6136672669116993,0.6707131689202638,0.6162195176891846,0.653936983709728,0.7202909538469816,0.7864713255165029,0.2596034185038562,0.3566670584043146,0.6933428660035134,0.7301666408777236,0.6863916546106339,0.7442440435290336,0.4885511316359043,0.5925960093736649,-0.008381731761619448,0.10111541971564286
sft__none,26,post_instr_1,or_bench,0.0632910910727709,0.5706771535030527,0.4088081201674457,-0.024181574158108825,0.11022940278053284,0.6854525208473206,-0.22471341490745544,-0.3021114468574524,1715,1878,100,395,0.08686868686868687,0.040673411454196555,0.08907653973267744,0.5498317162917483,0.5994922839446615,0.3493246095820939,0.47908011734917466,-0.04615449949162893,-5.496293947606372e-05,0.07137590646743774,0.15358699224889275,0.614301186800003,0.7142279103398322,-0.28547696098685266,-0.13344695940613757,-0.3438796676695347,-0.23445569761097437
sft__none,26,post_instr_1,xstest,0.017984232758682345,0.6512660769729374,0.17459043348870373,-0.04913271450475528,0.027603745460510254,0.6367879509925842,0.026090290397405624,0.008515806868672371,1715,1878,75,175,0.028,-0.006352537858214624,0.04455635986171457,0.632749900189971,0.6786138868354781,0.11195725331908851,0.23250530635543118,-0.07301434654146975,-0.02233965351351946,-0.009695095987990498,0.06879030652344224,0.4795774191617966,0.6348293513059615,-0.04078405555337667,0.09286744184792035,-0.05290974751114845,0.07772487886250017
sft__none,26,post_instr_2,all,-0.02138631651452744,2.6037256218950273,0.14241837791306952,-0.15186243195960186,-0.008213445544242859,0.5256638526916504,-0.05646723136305809,-0.05215150862932205,1715,1878,552,693,0.08995983935742972,-0.9244255598026211,1.5918045681633481,1.3385204360232825,3.022434016543626,-0.8537091352631465,1.6930799081337713,-1.0526941424181904,1.533721198808977,-0.5607189401984215,0.6382807582616804,-0.029723489563912152,0.6477961048483848,-0.5760906025767326,0.45886745750904073,-0.6194831430912018,0.4467063784599304
sft__none,26,post_instr_2,false_reject,0.17595533961179546,2.6212641800581387,0.15773408020225943,0.2318045166492647,0.0669754147529602,-0.08323834836483002,0.7036491632461548,0.7108202576637268,1715,1878,377,123,0.102,-0.8370085185884331,1.718974043799435,1.3216184462531588,3.122615392168399,-0.9299544712216541,1.753384357688317,-0.8210105752695982,1.5641283093284586,-0.4766192868351936,0.6939775407314297,-0.5365257263183594,0.5672845184803005,-0.2207499671727419,0.8089818298816681,-0.2602694883942604,0.807992735505104
sft__none,26,post_instr_2,or_bench,-0.07764881767812382,2.6218135455207014,0.1656987924028913,-0.13925537509548688,-0.029603462666273117,0.34839895367622375,-0.7547372579574585,-0.7447497844696045,1715,1878,100,395,0.09494949494949495,-0.9257390122685737,1.5411335099413042,1.3274449366510552,3.274473006797628,-0.8007048611571087,1.596928685882952,-1.0221884153192122,1.5420708865711341,-0.5345517337322235,0.6033383250236503,-0.37829159349203106,0.6914666563272476,-0.8598819479346276,0.44812931865453665,-0.8783141732215881,0.42132981568574907
sft__none,26,post_instr_2,xstest,-0.3046698361272442,2.8539289438644846,0.03438905237551198,-0.4499805307534922,-0.10615135729312897,0.5585342645645142,-0.3378019332885742,-0.28009533882141113,1715,1878,75,175,0.056,-1.1881814350197304,1.539687781532263,1.3851789886765917,3.368692570194028,-1.0839361969008965,1.728390992732041,-1.276034930985499,1.4759148594303841,-0.6267993167042732,0.586408901214599,-0.09939320087432861,0.6874050587415693,-0.4594017632305622,0.31071841642260545,-0.585830819606781,0.37065558657050107
sft__none,26,post_instr_3,all,0.4397693597638768,0.43801977002883036,0.705393710739594,0.22818977262342885,0.7085147500038147,0.8474656343460083,0.5302261114120483,-0.0994986891746521,1715,1878,552,693,0.40963855421686746,0.4197419644984086,0.45744855348153446,0.42518628574781736,0.45118356178755575,0.6794446676489103,0.7301780565512268,0.20429021137900313,0.24849909166789608,0.691728588938713,0.7239763513207436,0.8279089152812957,0.8623337924480439,0.48164883330464364,0.5684600621461868,-0.14159127473831176,-0.0608418006449938
sft__none,26,post_instr_3,false_reject,0.7019523837215512,0.5240026668158732,0.8012359202526432,0.3976442569584304,0.8013468384742737,0.826168417930603,0.585253119468689,-0.12837576866149902,1715,1878,377,123,0.774,0.6771972242258412,0.7261985799228985,0.5113903593871381,0.5394711848056809,0.7727472445970384,0.8287706485305467,0.3646487946407457,0.42911140216903343,0.7855014026165008,0.8141151025891304,0.7902872681617736,0.8366564184427261,0.5360652312636376,0.6167447492480278,-0.17332135699689388,-0.077944765239954
sft__none,26,post_instr_3,or_bench,0.2683396905570898,0.557239512312875,0.5642911141677477,0.19341528890555665,0.43386703729629517,0.769286572933197,0.012993298470973969,-0.3560299873352051,1715,1878,100,395,0.17575757575757575,0.24686321669954267,0.2904344531970386,0.5364015248814578,0.5765945751765166,0.5175509567964001,0.6197973012530507,0.16936855743200233,0.2169493586814224,0.3998013839125633,0.46533234938979146,0.6914636313915252,0.8082466736435889,-0.05739024644717574,0.08034888394176957,-0.4036450982093811,-0.288173945248127
sft__none,26,post_instr_3,xstest,0.25483408120710505,0.5862401956777075,0.41176373201868954,0.18757852081209478,0.39865642786026,0.7786310911178589,0.31348028779029846,0.003351915627717972,1715,1878,75,175,0.144,0.2286966346028923,0.2772188027659706,0.5729952491227338,0.6072498663211642,0.3585732081104761,0.46256814634745924,0.16370092795254104,0.2131924653358573,0.36123702079057696,0.4289961017668247,0.6440619975328445,0.7833379879593849,0.22082318216562272,0.36716270670294754,-0.05929259499534965,0.07979298960417508
sft__none,26,post_instr_4,all,0.26619544118008404,1.3226341241324422,0.45906685886987786,0.11256617906022458,0.19730521738529205,0.5513896346092224,0.09362132847309113,-0.015474921092391014,1715,1878,552,693,0.20562248995983937,0.0629952161035849,0.52116566714557,1.1041573528595359,1.5056125786129617,0.2681192210927857,0.7184217047851216,-0.09669783201475286,0.3722774867670752,0.051849791500717404,0.3680886179208755,0.3755438603460789,0.6074261263012884,-0.23060381151735782,0.43440858870744664,-0.36715400516986846,0.3321332216262815
sft__none,26,post_instr_4,false_reject,0.4808742925474843,1.5297504882346904,0.5209846592351732,0.3579342386541407,0.2998808026313782,0.27634549140930176,0.24371656775474548,0.16860565543174744,1715,1878,377,123,0.318,0.2464788787863618,0.747770304373116,1.3015227525354915,1.7463840468932552,0.27234323937453037,0.8067529146326423,0.11587321984062747,0.576518133061965,0.16025942079722882,0.4498050041496752,-0.04930265713483095,0.46144743114709846,-0.3758506372570991,0.4985253371298312,-0.5130170896649361,0.5217808499932284
sft__none,26,post_instr_4,or_bench,0.13878159476792282,1.8223265799951167,0.36590279541005627,0.0812825571490585,0.07593637704849243,0.45394986867904663,-0.09453786909580231,-0.12938274443149567,1715,1878,100,395,0.15353535353535352,-0.1203104931040657,0.5236982548644928,1.5398379125919335,2.1293037409657636,0.03354142385506526,0.7814254975406203,-0.18006589689624547,0.4572865960515633,-0.07459985259920358,0.26446833908557865,0.13785190582275392,0.5666004717350005,-0.5887183755636215,0.466512307524681,-0.6230487555265427,0.45144270285963994
sft__none,26,post_instr_4,xstest,0.08911700506990573,0.9893195266762634,0.27204626800881293,0.010719001089333541,0.08971583843231201,0.4815762937068939,-0.03088085725903511,-0.07438584417104721,1715,1878,75,175,0.084,0.012336667542823705,0.17727991516603883,0.8982404771762624,1.10291358915429,0.12559867609103684,0.441770712791207,-0.060209492555248545,0.11996139822871064,0.012744421092793345,0.17971885018050662,0.145506089925766,0.5317544460296628,-0.17188429944217204,0.19506870359182352,-0.20880685411393643,0.17112259045243255
sft__none,26,post_instr_5,all,0.29736658168356334,0.44149997349617953,0.5691513692679318,0.08088000306897401,0.5586389303207397,0.7480603456497192,0.41055893898010254,-0.008845651522278786,1715,1878,552,693,0.25943775100401606,0.2800616741839235,0.31389807766961,0.4272117015874252,0.45811364223282214,0.5377297831528958,0.5970927273045469,0.06276527498945092,0.09560469382104034,0.5356829285621643,0.5815926119685173,0.7218092784285546,0.7679934605956077,0.35317105129361154,0.46296020001173016,-0.060042135510593654,0.03959948467090724
sft__none,26,post_instr_5,false_reject,0.5318275429005596,0.5658822299331846,0.6516597547159775,0.1645368782403895,0.6848404407501221,0.8042700290679932,0.6567833423614502,0.1454474925994873,1715,1878,377,123,0.522,0.5004243591501499,0.5606274714753772,0.5527939606857879,0.5822610083142077,0.6159240337089004,0.6881031617394916,0.13576247457054247,0.19119467419264266,0.6600944936275482,0.7047539949417114,0.763172960281372,0.8152948975563049,0.5995394602417946,0.6798975035548209,0.09219591692090034,0.1884346604347228
sft__none,26,post_instr_5,or_bench,0.12553384020133376,0.5694217802018993,0.4423329031362387,0.045331553174360356,0.21528878808021545,0.7010859251022339,-0.18099577724933624,-0.33990228176116943,1715,1878,100,395,0.08484848484848485,0.10737875532304597,0.14371790759286754,0.5433969722583664,0.5974706468598047,0.3822429351760774,0.5053695647114508,0.029503484420449328,0.062326810313463744,0.18197511546313763,0.24650737345218654,0.6322998598217964,0.7369703620672226,-0.25078853219747543,-0.09479612465947873,-0.3946811154484749,-0.2682105012238026
sft__none,26,post_instr_5,xstest,0.16867353265505297,0.5265097988252417,0.3235005836143573,0.10231907719139269,0.3050881028175354,0.6410473585128784,0.23588746786117554,0.042329661548137665,1715,1878,75,175,0.08,0.14448382525845563,0.19236761027915908,0.5109692668289284,0.5549166152869126,0.26753736114109933,0.38045607616346544,0.08152242749892473,0.12341365950679507,0.2635372281074524,0.3415343403816222,0.4901284709572792,0.6448585420846938,0.09240168854594231,0.30733298435807216,-0.07045052535831928,0.13597077503800387
sft__none,26,post_instr_6,all,0.2849251127168414,0.4571093763582828,0.5565505687907255,0.06856544350601071,0.5289729237556458,0.7479983568191528,0.36743807792663574,-0.0332682728767395,1715,1878,552,693,0.25783132530120484,0.267814963580036,0.30276782102502714,0.44165310942246433,0.4753721097202156,0.5257936872212233,0.5857725861484804,0.05012827694139991,0.08333062087580469,0.503771623969078,0.5515942722558975,0.7211531281471253,0.7690581843256951,0.31122229546308516,0.4213916428387165,-0.0841466698795557,0.015818986715748846
sft__none,26,post_instr_6,false_reject,0.5270816744163306,0.5704428625742785,0.6497156254725569,0.15120376604679542,0.6786409616470337,0.8023501038551331,0.6442382335662842,0.13578572869300842,1715,1878,377,123,0.53,0.49724471273164916,0.5566681003090137,0.5561904911162815,0.5892727235681121,0.6139864381610194,0.684374846396625,0.12143658753492104,0.17725719745556529,0.6539584189653397,0.6979658171534538,0.76414455473423,0.8122037410736084,0.5856583073735238,0.6701752290129661,0.08227903936058283,0.18274988941848275
sft__none,26,post_instr_6,or_bench,0.10806955491930105,0.5796057764164955,0.41000594223723147,0.03162995835803864,0.1832946538925171,0.689143180847168,-0.22228379547595978,-0.35460785031318665,1715,1878,100,395,0.07676767676767676,0.09091366540632058,0.1283425228197601,0.550953913503709,0.6087239199974604,0.35348166548891424,0.47461890994150896,0.01570146280349729,0.04870148254828523,0.1539536841213703,0.21685416661202905,0.6166386023163796,0.7255151644349098,-0.29958841800689695,-0.10958793349564083,-0.41821073070168496,-0.2620004065334797
sft__none,26,post_instr_6,xstest,0.15078593657557673,0.5267174551038261,0.2836337618713945,0.09385116422752815,0.2752193212509155,0.6062334775924683,0.20953001081943512,0.04439740628004074,1715,1878,75,175,0.072,0.12911610875740404,0.17185731544122848,0.5076423811991572,0.5580022618880615,0.2384769486896615,0.32849685329397865,0.07559028085012877,0.11467820728434415,0.23754439391195775,0.3117374062538147,0.44792900010943415,0.6112796142697334,0.04542993111535907,0.29888661354780194,-0.08876280151307582,0.1509740624576807
sft__none,26,first_gen,all,0.276436532079441,0.2171929673103189,0.690536171721115,-0.05340909816670824,0.7863283157348633,0.8612220287322998,0.7575440406799316,0.1300414502620697,1715,1879,552,693,0.29477911646586347,0.2562441745534748,0.29800974437752437,0.21048659130023717,0.2292294827354313,0.6454909732024912,0.7313238213322047,-0.06431099286308899,-0.03892264639699512,0.7593059077858925,0.8060537874698639,0.8457577362656593,0.8719283998012543,0.7066173315048218,0.7906165003776551,0.07908167243003845,0.167845019698143
sft__none,26,first_gen,false_reject,0.5647152094889988,0.3377270553350336,0.7632273471334023,-0.043732636863344054,0.8582310676574707,0.8717160224914551,0.9156099557876587,0.326296865940094,1715,1879,377,123,0.528,0.5275564315408111,0.5966978590909781,0.3261750146422686,0.3590664221609029,0.7144084462049624,0.805833567474581,-0.059784963811461395,-0.022851333284389368,0.8379662528634071,0.8697141230106353,0.8490950107574463,0.8777804955840111,0.8854289427399635,0.9182527974247933,0.2875832475721836,0.35047745779156686
sft__none,26,first_gen,or_bench,0.07707260352931503,0.3268096300983062,0.6524973093161358,-0.06860453356708668,0.22953659296035767,0.8000653982162476,-0.07528206706047058,-0.2660292983055115,1715,1879,100,395,0.14545454545454545,0.05858447857530192,0.09994154026697963,0.30537732929320227,0.358653940299823,0.5667699567370588,0.7402779093932804,-0.0826084482698289,-0.052381877347662496,0.1675952948629856,0.2851548172533512,0.7588671296834946,0.8203055322170257,-0.19689204394817353,0.02786503564566362,-0.32866356819868087,-0.20273338519036774
sft__none,26,first_gen,xstest,0.09461965015236279,0.25258935727441684,0.37586019483778743,-0.0259120080370958,0.3507940173149109,0.7725894451141357,0.29222923517227173,0.02264873869717121,1715,1879,75,175,0.124,0.05937216102912052,0.1258829801126183,0.24758176002612056,0.28207459089585274,0.2681384687331527,0.4857882234079124,-0.04055126914655139,-0.010299690971527189,0.2162608653306961,0.4352119371294975,0.6725487217307091,0.7762812912464142,0.13875674158334733,0.3810264617204666,-0.05745775513350963,0.0750223426148295
sft__none,31,last_prompt,all,-0.18382951504157694,0.7750387199994202,-0.0897936356785697,-0.25873256562459623,-0.23078463971614838,0.44640636444091797,-0.09072832018136978,0.012636498548090458,1715,1879,552,693,0.021686746987951807,-0.2141047578534873,-0.14558695454047618,0.7178779257976441,0.8357925250498125,-0.13041625717876776,-0.03958652231018207,-0.28850125071445076,-0.2166903988359501,-0.26239493414759635,-0.18601343631744388,0.3476616024971008,0.4986189536750316,-0.18603877760469914,0.015106684435158946,-0.0804342046380043,0.10188069697469461
sft__none,31,last_prompt,false_reject,-0.08028985896153526,0.8855275744572859,-0.04124641158181046,-0.19995954653568865,-0.09029854089021683,0.40531155467033386,-0.025861650705337524,0.010781419463455677,1715,1879,377,123,0.044,-0.1249987048394398,-0.03156064856501694,0.8307142122847935,0.9574224805492062,-0.09405598179578468,0.011972516116331808,-0.25184580255938316,-0.1327646981930461,-0.13614555411040782,-0.03624420678243043,0.2029654283076525,0.46658264622092244,-0.12601407505571843,0.10294490437954654,-0.09271623231470584,0.12811898812651634
sft__none,31,last_prompt,or_bench,-0.2960716108207915,0.8637929310033908,-0.2683353500223086,-0.3030933923845566,-0.3242400884628296,0.06967367231845856,-0.22580856084823608,-0.2148234099149704,1715,1879,100,395,0.010101010101010102,-0.32954711853156293,-0.24873537292562414,0.8040466032463417,0.9363045318146029,-0.31277282636152254,-0.2069141665516819,-0.3397614223384913,-0.2553230569890523,-0.35262446478009224,-0.28044860810041433,-0.022797031980007886,0.19173230603337288,-0.31272627115249635,-0.10664052721112968,-0.291938754171133,-0.09054235182702544
sft__none,31,last_prompt,xstest,-0.16866962338530236,0.8819836168431342,-0.09576876574288265,-0.19991286946148326,-0.18783505260944366,0.24987922608852386,-0.10782453417778015,-0.0619918629527092,1715,1879,75,175,0.0,-0.20233956074255516,-0.128743530935389,0.8257046699542899,0.9482149751918939,-0.1362128305688394,-0.0496278843682971,-0.23189634691267638,-0.15492542267123358,-0.22022747211158275,-0.14216527044773103,0.15611802004277706,0.24768866077065466,-0.17354216575622558,0.03321745279245068,-0.14019008055329324,0.07458770480006922
sft__none,31,post_instr_0,all,0.3035809758526451,0.6388862544038,0.5103274237897426,0.13889983724476554,0.4291837215423584,0.6204270124435425,0.16030766069889069,-0.11732447892427444,1715,1878,552,693,0.26104417670682734,0.2837956639438626,0.327799454602364,0.612490592530329,0.665619326763998,0.48064940643440673,0.5421927760708329,0.11446961848035227,0.16730057580650573,0.40253975987434387,0.45909946858882905,0.5699599415063858,0.630470196902752,0.08061944451183081,0.2278522614389658,-0.18099926300346852,-0.041303517203778055
sft__none,31,post_instr_0,false_reject,0.48847933293799023,0.764794421855966,0.5710721630182136,0.23532887066688987,0.5382803082466125,0.5921006202697754,0.34636199474334717,0.03280377760529518,1715,1878,377,123,0.448,0.45620218213668157,0.5233092972448267,0.7425925353559485,0.7951754630104987,0.5353761312199965,0.6120339050029542,0.19988268747685245,0.27785561786236257,0.5056512594223023,0.5643050491809845,0.48137705251574514,0.5870262190699577,0.23942371606826782,0.37749345898628234,-0.04687041714787483,0.103657342121005
sft__none,31,post_instr_0,or_bench,0.20257776124412089,0.8530240510956064,0.45443681393225466,0.13881598600045938,0.23105575144290924,0.48902541399002075,-0.29713189601898193,-0.42153045535087585,1715,1878,100,395,0.1595959595959596,0.16824619774896746,0.23904046663735,0.8179830632950218,0.895451475024978,0.38382543384840867,0.5337778856689142,0.1079217599432952,0.1749797844157507,0.19600122570991516,0.2691181436181068,0.36203097105026244,0.5326955944299698,-0.36426901146769525,-0.1539905969053507,-0.4703616201877594,-0.2912148497998715
sft__none,31,post_instr_0,xstest,0.13377069874575015,0.7769905424801775,0.27950477617015473,0.07131324431172341,0.16966897249221802,0.41249358654022217,0.03749620169401169,-0.032969169318675995,1715,1878,75,175,0.088,0.10459242411197696,0.1660611913080171,0.7506456925174425,0.8268537268174436,0.21653821957805905,0.3418674581516983,0.04239955143795488,0.10708309836303621,0.1309407003223896,0.20991304591298102,0.23592486195266246,0.42862527966499325,-0.07433626689016819,0.13341395929455757,-0.1280054621398449,0.08794377036392685
sft__none,31,post_instr_1,all,0.2697969583539548,0.47036031446227317,0.591734491914895,0.0133618600881611,0.49755579233169556,0.751319408416748,0.3498130738735199,-0.027679704129695892,1715,1878,552,693,0.3092369477911647,0.2503918860912753,0.29104791411631775,0.4563346154732542,0.4911363204810293,0.5589862540587427,0.6302549544865815,-0.009236873820437752,0.03869854292927614,0.46500263810157777,0.5297486782073975,0.7291960403323173,0.7630819752812386,0.2867983028292656,0.4005147077143192,-0.07627809643745423,0.019375165458768558
sft__none,31,post_instr_1,false_reject,0.625605056062667,0.6495653244024608,0.7304336965126178,0.3043010152224397,0.6936979293823242,0.6696605086326599,0.5704385042190552,0.14702406525611877,1715,1878,377,123,0.666,0.5935187771560253,0.6516633401656727,0.6338184842334901,0.6732529914212485,0.6960560714316452,0.7626569975156958,0.25276582882012283,0.35338270701486785,0.6680221423506737,0.7097072690725326,0.6108011871576309,0.6825484871864319,0.4977182149887085,0.6036687284708023,0.08613923229277134,0.20185183696448802
sft__none,31,post_instr_1,or_bench,0.03699107884666457,0.5945182290049725,0.383099936043274,-0.05063141636510665,0.062100157141685486,0.665050745010376,-0.31214699149131775,-0.35413026809692383,1715,1878,100,395,0.08686868686868687,0.01348486579070065,0.06170020857737234,0.5719271598783672,0.6257564406863204,0.32104119949034315,0.451430791539509,-0.07306479008632713,-0.02414170185249169,0.022500989632681014,0.1042930783703923,0.595125587284565,0.686595644056797,-0.3660873845219612,-0.21570216566324238,-0.3983762823045254,-0.2780296079814435
sft__none,31,post_instr_1,xstest,0.01913652318747477,0.6667812541600321,0.17271948304322612,-0.04668474659083369,0.028688039630651474,0.5881204605102539,-0.039643824100494385,-0.05653911083936691,1715,1878,75,175,0.036,-0.003880993771578055,0.046197720770740455,0.6467820860885446,0.6968944405185061,0.11026116748931249,0.22659174109980126,-0.07001465441243215,-0.019788776869499005,-0.0056995867751538755,0.06948112808167926,0.4249632731080055,0.5968526154756546,-0.10853354260325432,0.05056486967951058,-0.12691637761890887,0.03414311781525611
sft__none,31,post_instr_2,all,0.37010948762088475,0.5190131631197296,0.6461714965441192,0.15021591710846594,0.5806000232696533,0.692196249961853,0.2859455347061157,-0.1424037516117096,1715,1878,552,693,0.3550200803212851,0.3475959539066924,0.39196251170734364,0.49502109068923,0.5477727960436585,0.6124618092173574,0.6807005671188032,0.12525782190811355,0.17345861273863764,0.5491596072912216,0.6076451241970062,0.6590746954083443,0.7105448082089424,0.2128017943352461,0.3463060960173605,-0.19795980788767337,-0.08081381712108852
sft__none,31,post_instr_2,false_reject,0.6752159915156023,0.6615184605067139,0.7663362107950865,0.3959288052677607,0.7143149971961975,0.664002537727356,0.5372627973556519,0.08995941281318665,1715,1878,377,123,0.72,0.6445804804287204,0.7035808411744242,0.6437217954647388,0.6912418555703713,0.732631331090431,0.7974503881184473,0.3526189297853276,0.4347216716981021,0.6899895712733268,0.7298483476042747,0.5669778391718865,0.6678777635097504,0.4380786970257759,0.5608358651399612,0.003231499344110489,0.1700030695647001
sft__none,31,post_instr_2,or_bench,0.2055794356532872,0.7158930180129495,0.49285319455465426,0.13285190607107666,0.27601003646850586,0.5963850021362305,-0.23503008484840393,-0.4157898426055908,1715,1878,100,395,0.13333333333333333,0.18006672902495,0.23289176342547926,0.6842725165502291,0.7575060801401649,0.440355281242479,0.5590443072736716,0.10523160903255296,0.16377938002364867,0.2398376103490591,0.3149331390857696,0.4996027112007141,0.6246920347213745,-0.31117664724588395,-0.12359866444021464,-0.4654515229165554,-0.2988643944263459
sft__none,31,post_instr_2,xstest,0.08566587649043694,0.7490507254730963,0.24656772281258313,0.016707939030627134,0.11362525075674057,0.5485407114028931,-0.08805933594703674,-0.15136772394180298,1715,1878,75,175,0.064,0.05312382997974254,0.11787556773556528,0.7206955003723546,0.7935691972140116,0.1797176181688532,0.31540578986532264,-0.011860052266382164,0.047185183087804804,0.07077224664390087,0.15689147002995013,0.3638207994401455,0.5644612282514571,-0.152855809032917,0.02788571566343287,-0.218378546833992,-0.0226286697201431
sft__none,31,post_instr_3,all,0.42988002981798124,0.4329046039190945,0.7149140309204247,0.20284008406051046,0.7046236395835876,0.8649522066116333,0.566460371017456,-0.06060683727264404,1715,1878,552,693,0.40160642570281124,0.4087020713845611,0.44812473175762446,0.41876274920385664,0.4467712629694975,0.6873651500714009,0.7416616425959414,0.1771236630260044,0.2244151020866281,0.6854301795363427,0.7216808825731278,0.8469400182366371,0.8764979913830757,0.5207633063197136,0.6028755709528922,-0.10513650514185428,-0.023213564185425677
sft__none,31,post_instr_3,false_reject,0.734062083553913,0.5267747464271624,0.8319947934106371,0.43389440556499587,0.8124517202377319,0.8155978918075562,0.5986260771751404,-0.10978510230779648,1715,1878,377,123,0.798,0.7074409584965339,0.7588618112023761,0.5133062553084953,0.5434202163437398,0.8023610598034301,0.8592149276939812,0.4005797053158668,0.4715719287136775,0.7972584560513496,0.8233007833361625,0.7743941307067871,0.8281988024711608,0.5431371331214905,0.6301129087805747,-0.15823740065097808,-0.05670687239617115
sft__none,31,post_instr_3,or_bench,0.23906365021787224,0.5419345207848624,0.542321677203659,0.16228942134239344,0.4036046862602234,0.7675353288650513,0.001340111717581749,-0.3371182084083557,1715,1878,100,395,0.1595959595959596,0.21642398682918024,0.25979063087727733,0.5236288611084183,0.5610715233737248,0.4873208097580741,0.6002766699029934,0.1378273537358048,0.18415992177203522,0.36938357874751093,0.43679269105195995,0.6954626426100731,0.8028166979551316,-0.07768336348235608,0.07419592253863803,-0.3845751389861107,-0.27389305382967
sft__none,31,post_instr_3,xstest,0.19933250644723954,0.5762881335326542,0.35651063646044384,0.13197047079215088,0.32688820362091064,0.7783266305923462,0.28122109174728394,0.028352953493595123,1715,1878,75,175,0.088,0.1723921355469567,0.22221979512707893,0.5615856278223408,0.5969612197016451,0.2975053054945981,0.41052976418709036,0.10549613239830932,0.1582531234361451,0.2850502669811249,0.3611092537641525,0.6315353199839592,0.7880650505423545,0.2007168736308813,0.3307446151971817,-0.040173016488552094,0.09949977993965138
sft__none,31,post_instr_4,all,0.4398102473607505,0.45168157110078794,0.7145183413253158,0.22099523872701535,0.6976289749145508,0.8006805777549744,0.5446102619171143,-0.01949547417461872,1715,1878,552,693,0.41044176706827307,0.41710695614278753,0.4589511576987651,0.4354820871839679,0.4702606344927541,0.6825459576523579,0.7430938421442608,0.19617211702276424,0.24092748843131767,0.6784471139311791,0.7124073058366776,0.7732190966606141,0.8104475557804107,0.49028670117259027,0.5856440767645835,-0.07324198074638844,0.027379400422796605
sft__none,31,post_instr_4,false_reject,0.7501653926379328,0.6246245014611003,0.844652421086863,0.46055914283120675,0.7684798240661621,0.7592175006866455,0.5586426258087158,-0.03875862807035446,1715,1878,377,123,0.774,0.7176109829844177,0.7753236779945906,0.6048489865907577,0.6513621166746969,0.8091303188645481,0.8771107873583288,0.4214149174305954,0.5044336059198861,0.7502632901072502,0.780063520371914,0.6850283414125442,0.758029617369175,0.4581695422530174,0.6004375904798508,-0.11384381763637065,0.038505711872130574
sft__none,31,post_instr_4,or_bench,0.25041193540310214,0.5859096586435967,0.48359196299514295,0.19137903344063573,0.3930012881755829,0.646704912185669,-0.06251780688762665,-0.34438347816467285,1715,1878,100,395,0.17777777777777778,0.22677028342708708,0.2739015714614035,0.5680823377649371,0.60819377936199,0.4312961388060427,0.5425750764864913,0.16584983527441927,0.21616965995375417,0.35892519652843474,0.42349401190876956,0.5191077753901482,0.7028061419725418,-0.14262696132063865,0.03602938633412122,-0.38576162829995153,-0.260686407238245
sft__none,31,post_instr_4,xstest,0.19410885987812018,0.603294840226397,0.36827997641808224,0.1194641098973229,0.30628472566604614,0.6669835448265076,0.20374968647956848,-0.0005643125623464584,1715,1878,75,175,0.144,0.16405416861061292,0.22372322105570785,0.5853916653094898,0.6328432739700292,0.2976797621746055,0.4320476689219544,0.08602850055816469,0.1476211888637949,0.258167564868927,0.3478001102805137,0.500311428308487,0.6678790405392646,0.1012932250276208,0.26935681402683254,-0.07872990500181913,0.09311168789863576
sft__none,31,post_instr_5,all,0.3107098964746606,0.458814449665117,0.5743410870101613,0.1007179421490628,0.5607244968414307,0.711084246635437,0.430591881275177,0.038489699363708496,1715,1878,552,693,0.26265060240963856,0.2930873433105507,0.3289051396610598,0.4446322967446879,0.4748462680048524,0.5439237711990009,0.601966603682628,0.08291793329578281,0.1155946130343441,0.5379215091466903,0.5810778453946114,0.683615529537201,0.732963339984417,0.3725114740431309,0.47607747539877887,-0.01440607625991106,0.08891892507672307
sft__none,31,post_instr_5,false_reject,0.5393520251133656,0.6160206381495302,0.6547733929606547,0.18558093251904575,0.6587355136871338,0.7764979600906372,0.6505687832832336,0.18483078479766846,1715,1878,377,123,0.532,0.5102367568276306,0.5692147301511393,0.601237557357153,0.6349004766958428,0.6167899840916535,0.6903008766986694,0.15641325269580567,0.21629101561957553,0.6328052535653115,0.6796306744217873,0.7260825768113136,0.7859863057732582,0.5853826344013214,0.6755037188529968,0.12465877011418343,0.23399694077670571
sft__none,31,post_instr_5,or_bench,0.14046752864980244,0.5991015892953483,0.4468829947617524,0.06289399012324108,0.22827309370040894,0.6785193681716919,-0.1409374624490738,-0.30384761095046997,1715,1878,100,395,0.08686868686868687,0.12067187293491609,0.1601407952602728,0.574794235320285,0.6245403207962477,0.3852717633684493,0.5110567508789863,0.045919769824475015,0.07904915127521328,0.19683274663984776,0.25712851360440253,0.6001567155122757,0.7123290419578552,-0.20632220432162285,-0.06548306196928025,-0.3507693991065025,-0.2319128330796957
sft__none,31,post_instr_5,xstest,0.19050560245750195,0.5329786649292523,0.3399792394447009,0.1264454470219199,0.33658087253570557,0.5789189338684082,0.24472400546073914,0.05296098813414574,1715,1878,75,175,0.072,0.16420327654474348,0.21354873075378247,0.5171783846235093,0.5632324542486553,0.28626959360315063,0.39204058988769525,0.10611498399275666,0.1481404862075056,0.29375976547598837,0.3710554778575897,0.43751363158226014,0.5815275132656097,0.12483559120446444,0.31800516843795773,-0.040082539338618516,0.14566417746245855
sft__none,31,post_instr_6,all,0.2937441547349519,0.46250341514767634,0.5697387481245041,0.0739043168305989,0.5361267328262329,0.6975870728492737,0.3627632260322571,-0.013305746018886566,1715,1878,552,693,0.26104417670682734,0.2763413582686702,0.3116739937039974,0.4478739337328297,0.47985507613003886,0.5383195538728173,0.5980881664570684,0.054938974424293394,0.09059967530376516,0.5104939669370652,0.5598772704601288,0.6694538056850433,0.7191134437918663,0.30718220174312594,0.41228114366531365,-0.06332475282251834,0.033724705502390845
sft__none,31,post_instr_6,false_reject,0.536456792827429,0.6178432053380342,0.6599458850067393,0.15795779211414163,0.6556230783462524,0.7773179411888123,0.667533278465271,0.20912212133407593,1715,1878,377,123,0.54,0.5070662653799114,0.5678583567877709,0.601492409023304,0.6385097057229715,0.6228297806743139,0.6956460192995291,0.12739397682890233,0.18907944172043917,0.6288623094558716,0.6778763338923455,0.7308837205171586,0.7858272820711136,0.6040804162621498,0.6903551205992698,0.15564553402364253,0.25611074864864347
sft__none,31,post_instr_6,or_bench,0.10337398598554164,0.6139842194645265,0.40973523546548724,0.02581420715044887,0.16602909564971924,0.6821072697639465,-0.24936343729496002,-0.3677166700363159,1715,1878,100,395,0.07474747474747474,0.08192768345246212,0.12451090555361087,0.5891887118426888,0.6415285379574961,0.3493150191799234,0.47391346863276373,0.00578303384153134,0.04501697429465199,0.1337537281215191,0.19893867187201975,0.6043893620371819,0.7130648761987686,-0.3122250534594059,-0.16544541642069818,-0.4112395763397217,-0.2952275477349759
sft__none,31,post_instr_6,xstest,0.18525181878492797,0.5492831628222116,0.3296359154595619,0.12337293548782938,0.31957536935806274,0.5616564154624939,0.2773973345756531,0.10332400351762772,1715,1878,75,175,0.072,0.16316737275997495,0.21127772602137945,0.531434124026168,0.5799775619531917,0.2838119280516446,0.3777646723800929,0.10233394799880687,0.14593222128437547,0.2820606157183647,0.35672655552625654,0.4244043380022049,0.5704688131809235,0.1383993249386549,0.35136570185422894,-0.012032883218489585,0.19692604541778558
sft__none,31,first_gen,all,0.2605016455760246,0.22529544678006969,0.7219756491723893,-0.10707938003730055,0.7563679218292236,0.8714486360549927,0.613386869430542,-0.06993666291236877,1715,1879,552,693,0.29477911646586347,0.23987696757561033,0.2834955805026774,0.21511816072437637,0.24166017914279017,0.6806526555061648,0.7609029513186287,-0.12460623014461163,-0.08677505170700199,0.7159131228923797,0.7873748630285263,0.8529474690556527,0.8847865656018257,0.5267542734742164,0.6768675610423088,-0.13425707183778285,-0.01584367281757296
sft__none,31,first_gen,false_reject,0.5784419309995626,0.30426807978963893,0.7839557998865337,-0.05146627590582343,0.885028600692749,0.8915752172470093,0.8836846947669983,0.20323899388313293,1715,1879,377,123,0.528,0.5419241783931051,0.6125808329520971,0.2948023100873338,0.3264134339371314,0.7348986630807586,0.8290302920514369,-0.08202102893785426,-0.01867577825867863,0.8643232762813569,0.8947705239057541,0.8655053108930588,0.895129320025444,0.8359287589788437,0.8907401040196419,0.1459133166819811,0.23085815310478208
sft__none,31,first_gen,or_bench,-0.0001530895103484471,0.4386636897873952,0.6989321898197917,-0.17713672074460055,-0.00034900009632110596,0.8137783408164978,-0.41748517751693726,-0.4172011613845825,1715,1879,100,395,0.14545454545454545,-0.025899463006131343,0.026918358517285558,0.4008596664371035,0.48845604069967213,0.6060726315594835,0.789244695209196,-0.20175499630607094,-0.15164176497178927,-0.054037855565547945,0.06408712361007929,0.7744085490703583,0.8367375761270524,-0.516271123290062,-0.3131417192518712,-0.4802143633365631,-0.3528545245528221
sft__none,31,first_gen,xstest,0.14071739259016752,0.3095497715693898,0.44114684835824325,0.011961918302214776,0.41383451223373413,0.8051552176475525,0.22866226732730865,-0.11483325809240341,1715,1879,75,175,0.124,0.10264461639598119,0.1797840354096699,0.2959642542600028,0.34925348503008635,0.33161187893551053,0.5484178478824304,-0.014471138690383967,0.039184835283689795,0.297183932363987,0.492257823050022,0.6801808312535286,0.8084489375352859,0.07668547723442316,0.3191358625888824,-0.19898142591118811,-0.02530401214025925
dpo__none,8,last_prompt,all,0.03564947766979192,1.0588613044068873,0.16367661611118753,-0.03349463670431386,0.03364869952201843,0.3509663939476013,0.21391864120960236,0.20222359895706177,1737,1884,438,811,0.02802241793434748,0.004716817030771603,0.07701032011442825,0.9920872481454543,1.1197827740093527,0.11502225798974504,0.21223420348772465,-0.05943980008524005,0.008198934641141119,0.004682432999834419,0.07052709218114614,0.2739924654364586,0.394677411019802,0.12296041175723076,0.29670471772551527,0.10947547648102045,0.281299864500761
dpo__none,8,last_prompt,false_reject,0.13388934833981428,1.3384345779781843,0.19799847101082974,0.008326501342107754,0.09953749179840088,0.4553517699241638,-0.07553905248641968,-0.12146685272455215,1737,1884,331,169,0.056,0.09392324910088821,0.18917190162024927,1.2589240939946045,1.4028120670274997,0.15365989650804546,0.2612977014598497,-0.03362121524085054,0.05957116998747997,0.07061409670859575,0.1383328586816787,0.3347477324306965,0.4678392082452774,-0.17232494056224823,0.054417198710143534,-0.22437149621546268,0.0188893247861415
dpo__none,8,last_prompt,or_bench,-0.006952200779855925,1.2477753750563163,0.070445552534889,-0.018928250430474754,-0.0055715665221214294,0.19937163591384888,-0.25461822748184204,-0.25351136922836304,1737,1884,67,433,0.012,-0.037552552373999425,0.03648563523074437,1.1706519403113986,1.3135956137105094,0.021340909084962223,0.14487301268404684,-0.05146491633142209,0.02449094910506879,-0.030786044662818313,0.028882818669080726,0.06496831085532903,0.28079168722033493,-0.348696169257164,-0.07565841656178246,-0.3489284932613373,-0.07609798237681394
dpo__none,8,last_prompt,xstest,-0.07607382016872467,1.2710356668687766,0.03582521206686827,-0.09748992805177129,-0.059744931757450104,0.15418380498886108,0.061502519994974136,0.07084077596664429,1737,1884,40,209,0.004016064257028112,-0.11821381394408846,-0.02216227006055653,1.202820638783527,1.3418914270604763,-0.04128880605148056,0.1251248950587637,-0.1436548815045175,-0.04086978003799603,-0.09270502366125584,-0.017034853668883444,0.058717412780970334,0.22135115042328832,-0.014359997818246484,0.1293951019644737,-0.010614355513826012,0.13664542883634564
dpo__none,8,post_instr_0,all,0.4313449004669452,0.9882315134496075,0.5548200540673384,0.36465920373556154,0.4000352919101715,0.3426528573036194,0.3242131471633911,0.20418979227542877,1737,1883,438,811,0.3787029623698959,0.39271764639316237,0.4744090293829696,0.9491037516882418,1.0225807840703893,0.5070307713499873,0.6024765767092852,0.32703625173094225,0.41055760911275624,0.37178878784179686,0.42932903245091436,0.2809848733246326,0.38794264718890187,0.25030660033226015,0.380557220429182,0.12725491523742677,0.26966546922922136
dpo__none,8,post_instr_0,false_reject,0.529287294175473,1.294016814677291,0.5923933153108872,0.4056890144998771,0.37858182191848755,0.4536799192428589,0.014864676631987095,-0.16950711607933044,1737,1883,331,169,0.496,0.48789140319729635,0.576407954100204,1.251863625277171,1.3364449461431638,0.5419965898871467,0.6449894705574872,0.361819647980576,0.4545070940081156,0.35107919201254845,0.4073293797671795,0.3527181789278984,0.47585601285099977,-0.09576022829860449,0.1063110779970883,-0.26594963371753694,-0.05639447588473568
dpo__none,8,post_instr_0,or_bench,0.44511830916687145,1.1248925539033696,0.531204915212583,0.43179778815433767,0.36794012784957886,0.26037299633026123,-0.2502301037311554,-0.3721373975276947,1737,1883,67,433,0.368,0.40562419789905,0.48651572680033833,1.0846212047822477,1.163836487567301,0.4777948992644227,0.5917238617169321,0.39076080847732236,0.47596859780396034,0.3418997272849083,0.39711923673748967,0.10507689397782087,0.32694799900054927,-0.33997729867696763,-0.08214383013546468,-0.43127337098121643,-0.18743746988475324
dpo__none,8,post_instr_0,xstest,0.2070158269845171,1.2594418969602046,0.2834555910543131,0.19238621282870483,0.1621946096420288,0.141638845205307,0.0290285162627697,0.006136717274785042,1737,1883,40,209,0.1646586345381526,0.1517169298563881,0.27026774554513006,1.2152982664340064,1.3111527455914846,0.1975478298848834,0.3955371021878286,0.14096236635860898,0.25237508115297863,0.11982018835842609,0.2076491419225931,0.00022554951719939878,0.2560546442866325,-0.056642084196209905,0.12465326115489003,-0.07035430409014225,0.09657067116349931
dpo__none,8,post_instr_1,all,0.3886407171441295,1.0244151223169078,0.5218246497045453,0.31671158006265093,0.3547096848487854,0.35353702306747437,0.33696621656417847,0.2262764871120453,1737,1883,438,811,0.32586068855084066,0.35174977933540164,0.4354449786255706,0.9804724529979725,1.0620420471031735,0.4751062321451284,0.5745131667255312,0.27925586221999554,0.3673404432253624,0.3252603836357594,0.3862115897238254,0.2907058909535408,0.39135047942399975,0.2634332463145256,0.4059313409030437,0.14436627961695195,0.30228633582592
dpo__none,8,post_instr_1,false_reject,0.4957788682232603,1.3364254225831986,0.5594415411487683,0.37109051333487886,0.34781187772750854,0.4808424413204193,0.07886563241481781,-0.09426240622997284,1737,1883,331,169,0.456,0.45288633021898766,0.5487118806743236,1.2966151325709512,1.3789053859460927,0.5087552289102611,0.6178007429300995,0.3293126670702288,0.42379432710398807,0.32227082550525665,0.38181324824690815,0.3806132167577744,0.5178266733884811,-0.01160231912508607,0.15644421465694894,-0.17883419021964073,0.009619506285525842
dpo__none,8,post_instr_1,or_bench,0.3971986062904534,1.105769600716746,0.4994032392139731,0.38138406259454005,0.3380575180053711,0.3329993486404419,-0.28250277042388916,-0.41979068517684937,1737,1883,67,433,0.332,0.3561890441991738,0.44460884072168744,1.059595169948515,1.1511885417398617,0.4387911083292661,0.5728747485547973,0.340581330039138,0.4281481605298974,0.30457150414586065,0.3746201790869236,0.1362337775528431,0.3848769284784794,-0.3855938918888569,-0.04919470213353635,-0.49871819242835047,-0.13794069699943065
dpo__none,8,post_instr_1,xstest,0.1563193885167323,1.4098407427435002,0.24810084006587596,0.13875355100425485,0.11020199954509735,0.19621261954307556,0.06133062765002251,0.03995094075798988,1737,1883,40,209,0.05220883534136546,0.09910375076095801,0.2290294637704836,1.3620349084744783,1.4620428068313667,0.18316235325744912,0.3394092783851281,0.07854078676573878,0.21628463166262385,0.06970124449580908,0.16060445569455623,0.08007094990462064,0.29839879795908925,-0.04659309638664126,0.16232457682490342,-0.05811980944126845,0.13457550443708888
dpo__none,8,post_instr_2,all,0.5555042073722255,1.2694451241706535,0.642544529177068,0.508496047674874,0.4008926749229431,0.15939420461654663,0.11529959738254547,0.05610547214746475,1737,1883,438,811,0.5716573258606885,0.4269295243309925,0.6710764307938776,1.1355748100911112,1.3594093623285257,0.5212342583210222,0.7541346855110868,0.3437184457927908,0.64842978296971,0.3128232263028622,0.4890600107610224,-0.029969979543238875,0.3306325256824493,-0.011838935688138003,0.2354250505566595,-0.03949395464733243,0.15660255998373032
dpo__none,8,post_instr_2,false_reject,0.6987277716081067,1.661835405538879,0.7075937907168703,0.6813630596853371,0.38758939504623413,0.06365451961755753,-0.1658332794904709,-0.206659197807312,1737,1883,331,169,0.702,0.5583872326452618,0.8023417330164558,1.517336879592499,1.753033121808687,0.5463956161067018,0.8272575372327466,0.4933859503485809,0.8364119905802412,0.32341829538345335,0.44740379676222797,-0.22847124934196472,0.37195451632142024,-0.28637991175055505,0.026231469493359277,-0.31052976176142694,-0.03006334914825862
dpo__none,8,post_instr_2,or_bench,0.31946215411499423,1.5958128221076557,0.18499219057475672,0.3402692361826633,0.19629313051700592,-0.30595892667770386,-0.06368087977170944,-0.003695123363286257,1737,1883,67,433,0.372,0.18446542448603712,0.45980514471232414,1.4378276257106402,1.694197314559602,-0.0734760503843627,0.4334352437405562,0.20721918752733423,0.48944114688726986,0.11798347774893045,0.29233489781618116,-0.4457462288439274,0.10829612761735906,-0.3276881314814091,0.17506221346557127,-0.3099571652710438,0.2335739187896251
dpo__none,8,post_instr_2,xstest,0.7418869058234409,2.595116998383741,0.8706625809012323,0.7172409611767361,0.27486661076545715,0.1622130572795868,0.49121546745300293,0.46452072262763977,1737,1883,40,209,0.7108433734939759,0.2587451407956969,1.1382106307023907,2.249729841491214,2.7998206386025806,0.35950688130833347,1.4038997827835917,0.23844003310579392,1.1148070770978238,0.09941139947623015,0.443559418618679,-0.09085020087659358,0.3410883277654647,0.06294715628027917,0.6300681471824645,0.12021625749766827,0.5822311103343963
dpo__none,8,post_instr_3,all,0.5908625510025777,1.0668464300218192,0.6266839832030022,0.5715162746956214,0.4844958782196045,0.09334863722324371,0.040797159075737,-0.005063907243311405,1737,1883,438,811,0.6132906325060048,0.5411745133751843,0.6455631895044674,1.0190272655955195,1.1099559907657703,0.5741719967251778,0.6825126542412376,0.5172249218605293,0.635549952269318,0.44684209674596786,0.522920462489128,0.008495510881766677,0.1673765815794468,-0.05191351631656289,0.13093138560652712,-0.08720474280416965,0.08242896422743792
dpo__none,8,post_instr_3,false_reject,0.5789584951577046,1.3249632979565646,0.6228170981770658,0.4930579736208737,0.4004049599170685,0.3344290852546692,-0.14192107319831848,-0.30101123452186584,1737,1883,331,169,0.592,0.526010521287747,0.6328504890861952,1.276387335395887,1.3722852119438624,0.5675668399019824,0.6853819950420392,0.43053343226218965,0.5559835671456675,0.3677945300936699,0.4403165340423584,0.15932780578732492,0.4364806808531284,-0.24286254048347472,-0.026665392937138724,-0.3571551464498043,-0.18593466915190227
dpo__none,8,post_instr_3,or_bench,0.7840602834844119,1.3467118736827752,0.8499669655076534,0.7738622125797218,0.503142237663269,0.19713395833969116,-0.2741905450820923,-0.43204742670059204,1737,1883,67,433,0.838,0.7099563120678445,0.8518256962111452,1.2874879434126822,1.4103496358472953,0.7703513791889948,0.9383169428958019,0.6959348677125756,0.8416014351237482,0.46420946419239045,0.543413482606411,-0.003974096453748643,0.31011123210191716,-0.41832047179341314,-0.02155522005632524,-0.5323777139186859,-0.15460237115621572
dpo__none,8,post_instr_3,xstest,0.22681909725278018,1.591204700621246,0.284683559749278,0.21574454410062213,0.14111901819705963,0.1107909232378006,0.07966317236423492,0.0646757036447525,1737,1883,40,209,0.20481927710843373,0.15009055027007098,0.3146991122795645,1.5274184060140301,1.6565442353360005,0.18004963886915357,0.4079262385081078,0.13601177707451606,0.3014631793518744,0.09210422951728106,0.19441969506442544,-0.02976312898099422,0.24866205267608157,-0.030580356484279037,0.16477265879511827,-0.03369619017466903,0.14591974131762978
dpo__none,8,post_instr_4,all,0.465130695565539,1.3666337701262277,0.5493608316931394,0.4196402069426154,0.3221977949142456,0.14791983366012573,0.10200940817594528,0.05741158127784729,1737,1883,438,811,0.5188150520416333,0.36433254800305037,0.5783601292462304,1.2591689875469843,1.460566673566475,0.4192385179479441,0.6939967475708022,0.3133764679241837,0.5499899008180198,0.25969696044921875,0.39398663192987443,-0.028070621285587537,0.32254889905452727,-0.02503124801442027,0.22940096817910657,-0.06333348769694566,0.16734472103416903
dpo__none,8,post_instr_4,false_reject,0.5948064619708524,1.7697575135012895,0.5801494831532155,0.6235132298620256,0.3185827136039734,-0.096403107047081,-0.2642661929130554,-0.24639207124710083,1737,1883,331,169,0.614,0.4248722537365791,0.7384702929313538,1.6364500142087335,1.8760134378680506,0.4187312159141368,0.7268719845377581,0.43483621080194745,0.8003936145850109,0.2389317773282528,0.3830238565802574,-0.32095666974782944,0.28394794911146154,-0.3464206770062447,-0.06407519085332761,-0.3625745169818401,-0.02108066566288475
dpo__none,8,post_instr_4,or_bench,0.10175696884587924,1.814568143764772,-0.01709306854092989,0.1201471305174915,0.0559898279607296,-0.2873695492744446,-0.007016919087618589,0.009087108075618744,1737,1883,67,433,0.342,-0.024577693195229535,0.2716700822412051,1.6262689266594386,1.9618173640172023,-0.24951918763876715,0.237235666955516,-0.0048143937673201164,0.3010597227936215,-0.013898051623255015,0.150899963080883,-0.44015089944005015,0.1412229239940643,-0.46236602813005445,0.34185068607330305,-0.4706255979835987,0.36544344052672373
dpo__none,8,post_instr_4,xstest,0.9344037971521165,2.574478179474704,1.2433950698736693,0.8752669047266034,0.3411722183227539,0.2967548668384552,0.5722030997276306,0.5010193586349487,1737,1883,40,209,0.6827309236947792,0.5336380296061598,1.2812606588384818,2.243984558923301,2.81039692277929,0.7428623758091882,1.7642150190063306,0.5000426591584073,1.218778277544507,0.19560710527002811,0.4849381551146506,0.10337143130600453,0.405544028431177,0.29632506147027016,0.6640572533011436,0.26578387916088103,0.592109726369381
dpo__none,8,post_instr_5,all,0.5470287553703226,1.1564303531905704,0.602663105477181,0.516982088466781,0.4276048541069031,0.1454702615737915,0.26001405715942383,0.21882498264312744,1737,1883,438,811,0.5996797437950361,0.4925365876006253,0.6066980228627398,1.1109449514256313,1.2011224828374958,0.5426636151221621,0.6645396243059628,0.4587525615156881,0.5823007127380916,0.39032030999660494,0.4708910398185253,0.07475473787635564,0.20789971724152556,0.1609980698674917,0.34831179976463317,0.11689961832016707,0.3077690601348877
dpo__none,8,post_instr_5,false_reject,0.5774139897896776,1.4846196030088796,0.6196290158824717,0.49473260461498103,0.3624800145626068,0.30535581707954407,0.004065932240337133,-0.11439959704875946,1737,1883,331,169,0.588,0.5216445977014833,0.639620127103503,1.435148666521445,1.5324550971228499,0.5599880426973886,0.6888447024330915,0.43188517225821366,0.5644094054979288,0.32787767946720126,0.3985733166337013,0.19751702025532722,0.369619408249855,-0.08922343347221613,0.09658657927066074,-0.2043127529323101,0.00033620194881216377
dpo__none,8,post_instr_5,or_bench,0.6773006677608278,1.2223251263934567,0.7249032529243358,0.6699349626808409,0.4846753478050232,0.13904350996017456,-0.3284139037132263,-0.4525066614151001,1737,1883,67,433,0.816,0.6283389135494026,0.733134988281761,1.1718920800724115,1.2779806813034758,0.6587424676019035,0.7943508923281399,0.6192341687833428,0.7270069487890893,0.4520513765513897,0.5215920120477676,-0.008285989542491733,0.2269147250801325,-0.43660358488559725,-0.029066097643226697,-0.5352034568786621,-0.10711845736950669
dpo__none,8,post_instr_5,xstest,0.22442407235071013,1.6973666455869743,0.25751841388470786,0.21809021008044427,0.13107819855213165,0.06282167136669159,0.14316171407699585,0.13610140979290009,1737,1883,40,209,0.18875502008032127,0.13498456239718984,0.3318900277145296,1.6358161848591606,1.7556090648735483,0.1359742262572229,0.3907108863679178,0.13262288106345463,0.32635374425037256,0.08063433598726988,0.18918239288032054,-0.07933670021593571,0.208226004615426,0.0253245419356972,0.22188210412859916,0.02216961234807968,0.21089794896543024
dpo__none,8,post_instr_6,all,0.5774860925159458,1.1476708231399377,0.661194225299837,0.5322774825963301,0.4494853615760803,0.22290481626987457,0.2841002941131592,0.20587748289108276,1737,1883,438,811,0.622898318654924,0.5302518674725453,0.6320323419221083,1.1063580711009988,1.188454162829517,0.6121291692424083,0.7166144345699527,0.47712475495593865,0.5907976659874524,0.41446000039577485,0.4873478293418884,0.15442998819053172,0.27930588796734807,0.1890659850090742,0.36166976168751713,0.11256495341658593,0.2903275385499
dpo__none,8,post_instr_6,false_reject,0.6340898881876054,1.4699773216067313,0.6841751701503141,0.5359936238310019,0.3960815668106079,0.34584349393844604,-0.024352606385946274,-0.17570482194423676,1737,1883,331,169,0.648,0.5824060160893112,0.6927349435517546,1.4200635767386387,1.5134047695523452,0.6255033503974049,0.7465559174585027,0.4771505296319907,0.5970070285877473,0.3640190973877907,0.431065359711647,0.24302540868520736,0.40641266405582427,-0.10898279324173928,0.06368327494710681,-0.24830557890236377,-0.06528895832598211
dpo__none,8,post_instr_6,or_bench,0.6811770346787301,1.2523992879402102,0.7649134959330306,0.6682200761606635,0.4777976870536804,0.23019680380821228,-0.25802016258239746,-0.4189189672470093,1737,1883,67,433,0.802,0.6327479451342798,0.7369591509564161,1.2035528950286791,1.3020153325875288,0.6984260178673191,0.8316944603012528,0.619437296510434,0.7256780484383307,0.44659505784511566,0.5147799968719482,0.08956115767359733,0.29932785406708706,-0.36486304104328154,-0.03954637944698345,-0.48188361153006554,-0.15909342095255868
dpo__none,8,post_instr_6,xstest,0.2556092712606341,1.7202303615943368,0.2972972298033614,0.24763070974758475,0.14697645604610443,0.07298776507377625,0.08098989725112915,0.07103383541107178,1737,1883,40,209,0.21285140562248997,0.16781163942137373,0.3626916164081418,1.6560762565906204,1.776196838653746,0.1898962633937125,0.4195758193097281,0.16103619245265488,0.3533705454050991,0.0977477204054594,0.2059201672673225,-0.056926064286381,0.2017025351524353,-0.014652453991584479,0.17966715469956393,-0.021508711390197277,0.16101727373898028
dpo__none,8,first_gen,all,0.17866727817510902,0.34434655631770106,0.6778309313730466,-0.09091805217033473,0.4605553150177002,0.8957492113113403,0.29457610845565796,-0.13289973139762878,1737,1884,438,811,0.20656525220176142,0.15763389391671986,0.2021183194664237,0.33227580640265325,0.3680760336778331,0.6241209979643801,0.7299697582030497,-0.10779050115391413,-0.06774623948785972,0.3970637649297714,0.5085806608200073,0.8733105152845383,0.9025755152106285,0.19578881561756134,0.3615871287882328,-0.17830719351768493,-0.10076189022511246
dpo__none,8,first_gen,false_reject,0.4656449301337995,0.420164834370323,0.7148695993480024,-0.022481647401148903,0.7424337863922119,0.8805925250053406,0.5793666839599609,-0.11108045279979706,1737,1884,331,169,0.402,0.4277740098321609,0.512821346936061,0.4073000731877364,0.44493864985941756,0.6640492621432336,0.7785167092244232,-0.06318958430143373,0.028366578807422903,0.7004295691847802,0.777410340309143,0.8464227125048638,0.8823107302188873,0.4880838647484779,0.6302253007888794,-0.16739168502390384,-0.07030139677226555
dpo__none,8,first_gen,or_bench,-0.05578614901324624,0.5912626777548136,0.5542109560648814,-0.1501736953123444,-0.09393373131752014,0.8257701396942139,-0.5020102262496948,-0.42632758617401123,1737,1884,67,433,0.074,-0.08347343931165703,-0.026313543371592172,0.5453878976763268,0.64649272601347,0.41853843125233126,0.6994671203117954,-0.1702772544059066,-0.1252066599857373,-0.13460683189332484,-0.045183615107089285,0.7161053910851478,0.8636557638645171,-0.56116803586483,-0.4038917623460294,-0.4982406869530678,-0.336355147510767
dpo__none,8,first_gen,xstest,0.07319690612546617,0.5470213539571406,0.5783989412595492,-0.023492532826349638,0.13262787461280823,0.7905126810073853,-0.13202881813049316,-0.23898403346538544,1737,1884,40,209,0.08032128514056225,0.0353238420364484,0.11901364104088452,0.5216257899531398,0.5947652856286413,0.414692983565551,0.7769085535174752,-0.04753315729347157,0.011395068494717088,0.06279999809339643,0.21179791837930675,0.6611357629299164,0.8034594893455506,-0.22768780142068862,-0.027187674399465324,-0.3049202188849449,-0.14918520040810113
dpo__none,16,last_prompt,all,0.13740090662045218,1.0888220203386143,0.4028653786725372,-0.0059695986667327545,0.1251993030309677,0.5387848019599915,0.15366673469543457,0.08689497411251068,1737,1884,438,811,0.1433146517213771,0.10175596645629201,0.18005794614993423,1.0364297864623118,1.138173109728226,0.34791302720725314,0.44908828945450585,-0.036773263907521114,0.037077081431077616,0.09396946914494038,0.16181827001273633,0.4809480935335159,0.557530514895916,0.08136419411748648,0.2246427252888679,0.013966231234371664,0.16055407337844368
dpo__none,16,last_prompt,false_reject,0.3369048998400035,1.3096798956660565,0.46106007304792357,0.09373695615483023,0.2491312325000763,0.5771445035934448,0.17103585600852966,0.02813836932182312,1737,1884,331,169,0.312,0.29442396667662485,0.3854784762159945,1.2471733846079982,1.3715604408869382,0.4046972015386678,0.5206912155065615,0.051664168596014005,0.14817091021097997,0.21875022128224372,0.28498169928789135,0.4863149859011173,0.5835795998573302,0.06036061951890588,0.2405447255820035,-0.07925518937408924,0.11696933843195428
dpo__none,16,last_prompt,or_bench,-0.019598520556024207,1.338110529281904,0.18881586947572487,-0.051847391972059655,-0.014644838869571686,0.3564978837966919,-0.25658172369003296,-0.2513878345489502,1737,1884,67,433,0.03,-0.05212942625084071,0.024553886429237868,1.2685487133168618,1.4044941087658847,0.11671493068592133,0.2754296584348166,-0.08701846985667804,-0.0023532982882578522,-0.03893349505960941,0.01777059771120546,0.22664684392511844,0.39816876947879787,-0.3553853765130043,-0.0988673465326429,-0.358636898547411,-0.09255481213331229
dpo__none,16,last_prompt,xstest,0.052050301210723834,1.1601459713584081,0.2798373251716349,0.0084546977047295,0.04482022300362587,0.29395025968551636,0.08147149533033371,0.06836528331041336,1737,1884,40,209,0.0321285140562249,0.005754912894734055,0.10657487869885861,1.1129377235090807,1.2212901550981137,0.17890928513193607,0.38369890262377704,-0.040383074061276156,0.06544871063852145,0.005011221254244448,0.09053000286221503,0.1815805871039629,0.339241723716259,9.607387473806964e-05,0.1455209031701088,-0.008164755185134709,0.13538691513240328
dpo__none,16,post_instr_0,all,0.3967647172047664,0.6121586334577576,0.6913232860241029,0.23768132690406596,0.5438908338546753,0.7122113704681396,0.3576014041900635,-0.03546882048249245,1737,1883,438,811,0.3154523618895116,0.3759744229411803,0.41924244191058074,0.5930036539320085,0.6374167161554979,0.6587375636113048,0.7232131678536172,0.2187442327604819,0.26148334145818464,0.5254612669348717,0.5613290131092071,0.6752771645784378,0.7286941975355148,0.3008750915527344,0.4038474142551422,-0.08402636740356684,0.017149689653888297
dpo__none,16,post_instr_0,false_reject,0.6139098220362508,0.7507201500162893,0.7526454863348996,0.3421848040437858,0.6330426931381226,0.7397240996360779,0.4286423921585083,-0.051199767738580704,1737,1883,331,169,0.584,0.5861251518965465,0.6448308933026701,0.7309424021071026,0.7754176409017505,0.7146643823023288,0.7907258224005851,0.312321144073996,0.3803440441547669,0.6142393797636032,0.6520642906427383,0.6852105021476745,0.7444908112287522,0.3497981488704681,0.4653366476297378,-0.1077867891639471,0.007163702358957379
dpo__none,16,post_instr_0,or_bench,0.27572247679175027,0.8028309837242121,0.5437277049073339,0.23425283375684172,0.32481563091278076,0.5664845705032349,-0.1642320156097412,-0.3681998550891876,1737,1883,67,433,0.152,0.25202702401745886,0.30616237521524586,0.7783915545380421,0.8302080425610248,0.4742915530344428,0.6132557665200883,0.21299058943169902,0.2615168702344414,0.3027178682386875,0.35328638181090355,0.4278195843100548,0.6012224465608597,-0.27716472148895266,-0.042618724238127535,-0.45009185299277304,-0.2362626954913142
dpo__none,16,post_instr_0,xstest,0.2037871845529162,0.66942900337433,0.4311041974999722,0.16028150952044254,0.29122427105903625,0.45861467719078064,0.14272354543209076,0.0095790084451437,1737,1883,40,209,0.10441767068273092,0.18104381461862093,0.23514550253591468,0.6542619128714776,0.6980757685734316,0.3605373002321128,0.513216687253313,0.13831463664551613,0.19163490551721188,0.26019680947065355,0.32607759237289424,0.323869489133358,0.5244615271687507,0.06783114839345217,0.1961807955056428,-0.048872435465455055,0.07626980282366268
dpo__none,16,post_instr_1,all,0.35188300179151555,0.5240126236593518,0.7323787267879478,0.1463871664355267,0.5574843883514404,0.8179613351821899,0.4858192801475525,0.035917963832616806,1737,1883,438,811,0.3418734987990392,0.3330388497533682,0.37407651598569036,0.5087779801927218,0.541620417433348,0.7032897192111032,0.7653674468357331,0.12730375788397194,0.1705621939677017,0.5380414828658104,0.5773400232195854,0.8010288357734681,0.8264879539608956,0.44630189538002013,0.5225433573126793,-0.0015529614873230453,0.07384007479995489
dpo__none,16,post_instr_1,false_reject,0.6841037660614766,0.7017286117488675,0.8282368204637446,0.4018079283463261,0.6980574131011963,0.7976858615875244,0.5120120644569397,-0.06259198486804962,1737,1883,331,169,0.712,0.6584038141450143,0.7116156130188368,0.6838963417549645,0.7211751201250202,0.7960921909885769,0.8619471179116265,0.36523093322710076,0.44122278226426287,0.6829056978225708,0.7130187302827835,0.7520440295338631,0.8061401844024658,0.4486585333943367,0.5504907697439193,-0.11607024557888508,-0.008981561777181964
dpo__none,16,post_instr_1,or_bench,0.11795914170803884,0.6332723376613343,0.4464340041168095,0.06713277658565335,0.183119535446167,0.7376890182495117,-0.1971578299999237,-0.3379577398300171,1737,1883,67,433,0.09,0.09661795713644998,0.14106547129588576,0.6127200430734419,0.6543764526856085,0.3736750923206127,0.5266632750200031,0.0460300717429672,0.09036810878613427,0.1508034847676754,0.22021838948130606,0.6437516331672668,0.7570073336362839,-0.2815450347959995,-0.10484948940575124,-0.40072019398212433,-0.24420469738543046
dpo__none,16,post_instr_1,xstest,0.154499543654188,0.6439536377704422,0.41811078478453617,0.104047641171221,0.233302503824234,0.6502856016159058,0.15945589542388916,0.007962358184158802,1737,1883,40,209,0.10441767068273092,0.13187836121691554,0.1817520904219445,0.6312231813255035,0.665655716809903,0.35010256707637516,0.4963333716099294,0.08259088842136289,0.13115030980056352,0.19905525743961333,0.26757397055625914,0.5325011998414994,0.6879623726010322,0.0807654593139887,0.220087169855833,-0.05586891006678343,0.07454855106770988
dpo__none,16,post_instr_2,all,0.007034407662901393,3.6533688582261483,0.06794385102217962,-0.02586135449436118,0.0019254088401794434,0.15241080522537231,0.6258249878883362,0.6255325675010681,1737,1883,438,811,0.088871096877502,-1.7243552173826815,2.245092159156081,1.2441533028294267,4.179168975246489,-1.7558481324615094,2.3946403813305692,-1.7080184858966903,2.1804888475200688,-0.7249249055981636,0.7448890358209609,-0.4417697213590145,0.645071719586849,0.014846287295222318,0.7998153537511825,-0.15065969824790953,0.7686345428228378
dpo__none,16,post_instr_2,false_reject,0.16944606348095426,3.635550068460896,0.027167921735033504,0.44810907682597356,0.04655757173895836,-0.2915542721748352,0.6725509762763977,0.6868699789047241,1737,1883,331,169,0.102,-1.6133605525792605,2.3220739113305284,1.225441209025151,4.063402697563853,-1.746748141855975,2.3878498697058466,-1.4061410601560569,2.250383305907611,-0.7109467029571533,0.7861918047070501,-0.6566539481282234,0.516202127933502,0.20735848993062975,0.8873183056712151,0.09997369199991227,0.8787006601691245
dpo__none,16,post_instr_2,or_bench,-0.11360906810405988,3.6138770292159776,0.0827926019827162,-0.14399887704337444,-0.031421393156051636,0.40048182010650635,0.4607454538345337,0.4735627770423889,1737,1883,67,433,0.092,-1.743173017684335,2.0996709370951403,1.2591197950765152,4.234943115019666,-1.8400168865272728,2.389979377425546,-1.733246662803142,2.066371295513361,-0.730823603272438,0.7354317411780356,-0.5121650636196137,0.7098437756299971,-0.44094897657632826,0.8062726020812988,-0.6761548191308975,0.7921345070004461
dpo__none,16,post_instr_2,xstest,-0.07683815559615591,3.9650168629637434,0.3804941402252776,-0.16436587633571195,-0.019375376403331757,0.5191241502761841,-0.2738666534423828,-0.263857901096344,1737,1883,40,209,0.05622489959839357,-1.901776924279221,2.2999941064477896,1.3315833121189766,4.486111867480768,-1.7969625289303335,2.480163175758622,-1.9344691272774908,2.270022773956628,-0.7393009439110756,0.7150158166885374,-0.2541898816823959,0.6647543638944625,-0.4209667958319187,0.356662730127573,-0.6138520047068596,0.41893361434340415
dpo__none,16,post_instr_3,all,0.4097014514272799,0.49082744264282513,0.7522107009675834,0.22472113287255946,0.6408105492591858,0.8359636664390564,0.49013927578926086,-0.0593397356569767,1737,1883,438,811,0.3835068054443555,0.39105783276627804,0.430790564910027,0.4749725742032369,0.508108455790832,0.7267221073524641,0.7766937804184469,0.20294954016401165,0.24964058619192767,0.6227952137589454,0.6586774572730064,0.8139207914471627,0.8465836897492409,0.44750697910785675,0.5279073521494866,-0.09910835288465022,-0.020928378682583574
dpo__none,16,post_instr_3,false_reject,0.6919849708312725,0.6076938752673701,0.8178471677215639,0.44547402895688715,0.7513878345489502,0.8346308469772339,0.5096310377120972,-0.17806845903396606,1737,1883,331,169,0.74,0.6686350315621783,0.7183516374132715,0.5923506337778772,0.6244677860595851,0.7920991203661188,0.8470922581501432,0.40791020326916944,0.487463189323497,0.7387500494718552,0.7656522020697594,0.7857978194952011,0.8502990752458572,0.44337595254182816,0.5512192949652672,-0.2213305164128542,-0.1287907492369414
dpo__none,16,post_instr_3,or_bench,0.2314333663609189,0.6201783112245426,0.60271024257734,0.17398406584457488,0.3496217429637909,0.8199655413627625,-0.036480359733104706,-0.344926118850708,1737,1883,67,433,0.162,0.2046347664871265,0.26045688771657033,0.601882513596469,0.6405906485740278,0.5261429204093634,0.6821554995822742,0.14700453641767783,0.20267003768262143,0.31149783432483674,0.38924363255500793,0.7510012283921241,0.8333375856280326,-0.12600111737847328,0.049728468526154694,-0.4132713884115219,-0.26366143971681594
dpo__none,16,post_instr_3,xstest,0.20083520180292697,0.6252191566404317,0.45948318422152257,0.15133317961597334,0.3058323264122009,0.7138060927391052,0.25691860914230347,0.040556900203228,1737,1883,40,209,0.11244979919678715,0.1798968623065651,0.22704030184520907,0.6104153938265184,0.6463346601464409,0.4055915599995864,0.5230683736791604,0.1287090394580163,0.18006336135030981,0.27498026862740516,0.33912125229835505,0.5947125002741813,0.7490720108151435,0.189489171653986,0.3060626745223998,-0.021736505348235367,0.10538905300199983
dpo__none,16,post_instr_4,all,0.24569081393214912,1.3249633714073514,0.4349942897382153,0.1434529479105278,0.18232402205467224,0.45801323652267456,0.34202754497528076,0.2629278302192688,1737,1883,438,811,0.20896717373899118,0.040228704444847004,0.5158174695488528,1.1172628278069083,1.5078343738378202,0.1625089473753357,0.7332173122988707,-0.037834371639932925,0.3955705655595377,0.031025377567857504,0.3466993831098079,0.22641999684274197,0.5670367643237114,-0.05626973267644643,0.5918263077735899,-0.17607023231685162,0.5432230442762372
dpo__none,16,post_instr_4,false_reject,0.41830407791276675,1.479060642280643,0.451178088653967,0.35391772546694633,0.2721429467201233,0.10744495689868927,0.5696509480476379,0.561607301235199,1737,1883,331,169,0.294,0.1765650125122252,0.6840631980756487,1.243582510964932,1.6911175132747658,0.1687611909571053,0.7757667806269656,0.14766822854201386,0.5200987485497388,0.12545425835996865,0.4263060130178928,-0.1309552850201726,0.43826779127120963,0.13178403228521346,0.6593105584383011,0.05200484865345063,0.6678379148244857
dpo__none,16,post_instr_4,or_bench,0.034837294607649186,1.8680730654632083,0.2346516683282865,0.003919282344472782,0.018645528703927994,0.4417034089565277,-0.25169092416763306,-0.2599719166755676,1737,1883,67,433,0.136,-0.24052872394379762,0.429590889885001,1.5600236820033448,2.1094789937339287,-0.1529532631193292,0.6370663417923214,-0.2762954335491887,0.39648397685404135,-0.14371334351599216,0.20194382667541505,0.06754191163927317,0.5270397156476975,-0.789010526239872,0.4509469576179981,-0.7988180533051491,0.44053630977869
dpo__none,16,post_instr_4,xstest,0.322478579817461,1.2034952358861506,0.6366465131817342,0.2623505155203581,0.2588213086128235,0.34893858432769775,0.3427395224571228,0.26133155822753906,1737,1883,40,209,0.18473895582329317,0.23660225714260122,0.4187613274212023,1.105376992985302,1.3025651337326756,0.42300417238360294,0.9230697225727127,0.17969181380928634,0.3537773737246913,0.19106761813163758,0.32917640581727026,0.136109497025609,0.4638741403818128,0.12668815590441226,0.5006301447749136,0.047670895140618084,0.4325580537319183
dpo__none,16,post_instr_5,all,0.40030269685787145,0.5048857092839021,0.7647398491093769,0.20347967178591692,0.6212766766548157,0.772800087928772,0.4306690990924835,-0.06311137229204178,1737,1883,438,811,0.35708566853482787,0.38085733086728824,0.420642803920889,0.4893668413485912,0.5245436748539497,0.7339287598710005,0.7976952907171786,0.1836746946482875,0.22649496719381415,0.6018657624721527,0.6392323866486549,0.7467655792832375,0.7895784005522728,0.381909204274416,0.4771357007324695,-0.10856024194508791,-0.02261235681362452
dpo__none,16,post_instr_5,false_reject,0.6598762888733017,0.6520536129395295,0.819885286937982,0.3464855772086815,0.7113103866577148,0.8146977424621582,0.531067967414856,-0.06890951842069626,1737,1883,331,169,0.652,0.6344938703076572,0.6903145451585411,0.6351119125499299,0.6714641761622181,0.7858348956380189,0.8568403653908497,0.30573699626059175,0.39040541318039285,0.6959272339940071,0.7276039406657219,0.7806241437792778,0.8224630609154702,0.4811477452516556,0.5595344722270965,-0.10800958797335625,-0.0290147284977139
dpo__none,16,post_instr_5,or_bench,0.21462571102968708,0.6832571631626603,0.6133969383689795,0.1529220853982284,0.29968395829200745,0.7354586124420166,-0.16781099140644073,-0.4069187045097351,1737,1883,67,433,0.158,0.1903506619304163,0.2454559279510556,0.6575127111326886,0.7099300259080445,0.5291594832569275,0.7031702915825763,0.12674110759942367,0.18254503032621675,0.26676263138651846,0.34169430136680595,0.6508079320192337,0.765267564356327,-0.24885946996510028,-0.07667803466320046,-0.46565399765968324,-0.33017563372850417
dpo__none,16,post_instr_5,xstest,0.25191595488759505,0.6505800827504047,0.5619102343584369,0.1925868904574189,0.3610919117927551,0.6416704058647156,0.29369843006134033,0.06648195534944534,1737,1883,40,209,0.1646586345381526,0.22334519731250257,0.2840179834382456,0.6346476206386582,0.6745945040138586,0.48913753353392136,0.6459075342870408,0.1631275052644939,0.22519643304605913,0.3258285939693451,0.39350998401641846,0.5309822231531143,0.676129549741745,0.21780665181577205,0.341064640879631,0.013571144291199745,0.11902118939906357
dpo__none,16,post_instr_6,all,0.3532937479583774,0.5202141595227062,0.7329760086662516,0.14823722467759812,0.561818540096283,0.7928600311279297,0.41390126943588257,-0.038128528743982315,1737,1883,438,811,0.31625300240192156,0.3352135763557144,0.3735329400087796,0.5015368214035058,0.5440141014889877,0.701868892206404,0.7686377762074084,0.13048539427272732,0.16968929519213544,0.5415010616183281,0.5813850536942482,0.7673751562833786,0.8075899690389633,0.36375825107097626,0.4605568461120127,-0.08547077979892492,0.006223863770719578
dpo__none,16,post_instr_6,false_reject,0.6341772505311709,0.671321030374128,0.8040797552007282,0.30140966186542184,0.6867104768753052,0.8203523755073547,0.5009884834289551,-0.08577986806631088,1737,1883,331,169,0.624,0.6084037953440737,0.6640672697092891,0.6525052203220295,0.6923719680031902,0.7717937662204742,0.840855809718844,0.26464093439187586,0.3421232998184589,0.6700306564569474,0.7053245112299918,0.789286556839943,0.826188562810421,0.45152716860175135,0.5307508051395415,-0.12517057359218597,-0.04539723452180631
dpo__none,16,post_instr_6,or_bench,0.13907245945372462,0.672221009509012,0.5319987519927633,0.07827323575889729,0.2025947868824005,0.7347307205200195,-0.22039204835891724,-0.3770639896392822,1737,1883,67,433,0.098,0.11764756588989256,0.16556797058788775,0.6451781431511014,0.7040254213714834,0.4508600965097964,0.6165817524115562,0.057012238087727526,0.10247540723528763,0.17133996970951557,0.24129548519849778,0.6516246318817138,0.7612922936677933,-0.30153043046593664,-0.11697945166379219,-0.4401523515582085,-0.2920742489397526
dpo__none,16,post_instr_6,xstest,0.21943378651537954,0.6627313348713147,0.4812291126305591,0.1693294020174721,0.31432345509529114,0.577727198600769,0.2501286566257477,0.07219459116458893,1737,1883,40,209,0.13654618473895583,0.1913655354781587,0.2512982678789182,0.6429322936454556,0.6909752702298357,0.41783298227015453,0.5518631734901459,0.1392316753959305,0.19962962198567585,0.2817987374961376,0.3449810966849327,0.4576825022697449,0.6193007066845894,0.15764461532235147,0.3072828203439712,-0.0028902376070618625,0.1337350971996784
dpo__none,16,first_gen,all,0.22517696525143843,0.2829152024523244,0.6745996573249801,-0.017544563729224406,0.6227450370788574,0.8928375244140625,0.5182125568389893,-0.04830820858478546,1737,1884,438,811,0.20976781425140112,0.2084548339498126,0.2453446892434836,0.2752914083954292,0.2998817924045408,0.6276083559453637,0.7252714062790168,-0.02901227732760863,-0.0018101710701793959,0.5775276377797127,0.6562339186668396,0.8740862682461739,0.9005130022764206,0.4427893847227097,0.5607829272747039,-0.08715589214116334,-0.017170812748372555
dpo__none,16,first_gen,false_reject,0.48869501882753724,0.3811290644570891,0.7227749051540399,0.03023080660894761,0.7885438203811646,0.8749410510063171,0.6556615829467773,-0.055721864104270935,1737,1884,331,169,0.408,0.45660831896393095,0.5274381222737731,0.3697430407420279,0.4001910460817505,0.6752317629195567,0.7787345183438328,0.0035535883012438835,0.06433016414757334,0.7575157880783081,0.81521205753088,0.8508172363042832,0.8803039491176605,0.5934037908911705,0.6936800375580787,-0.09747490622103214,-0.01211110616568478
dpo__none,16,first_gen,or_bench,0.033629195500494216,0.45754637020705285,0.5550648904292294,-0.04705485981480137,0.07330124080181122,0.8300073146820068,-0.290334552526474,-0.35212242603302,1737,1884,67,433,0.076,0.01590885473521762,0.055640537177042274,0.42663912921573544,0.4946703413169429,0.45297650177441995,0.6822674781377295,-0.06114518982242594,-0.03208430840794177,0.03359659276902676,0.1186882797628641,0.7379274383187294,0.8580402761697768,-0.3832597963511944,-0.19456681720912472,-0.4265026763081551,-0.27103546261787415
dpo__none,16,first_gen,xstest,0.08065826402975106,0.40588347516129814,0.47617022823173005,0.004962181301566888,0.19491136074066162,0.7200450897216797,-0.037774085998535156,-0.18160203099250793,1737,1884,40,209,0.08032128514056225,0.055857606543184384,0.11132326043962193,0.39094801670367463,0.4382255099458654,0.3606933577344698,0.628198734335106,-0.009525677901363721,0.025031613645910854,0.13320084176957608,0.26140194237232206,0.6385735243558883,0.7349998623132705,-0.13441223837435246,0.06469889655709266,-0.24555002190172673,-0.10527056287974126
dpo__none,19,last_prompt,all,0.14269259588804728,1.05810062674838,0.36758579536641106,0.02123363949903924,0.13364751636981964,0.5043083429336548,0.14050835371017456,0.07377059757709503,1737,1884,438,811,0.1321056845476381,0.11115096446051585,0.1852133336874219,1.0041460604914236,1.108650584976346,0.31718281612256416,0.4188570501043348,-0.008306361751868293,0.06408227647069498,0.10528758335858583,0.17008055076003073,0.43978605046868324,0.5227507457137107,0.06758033204823732,0.20906953401863573,-0.00447817537933588,0.15275530070066448
dpo__none,19,last_prompt,false_reject,0.3027063542710356,1.2608456858438055,0.413920547990887,0.08488440406698407,0.2334483414888382,0.5374746918678284,0.10402767360210419,-0.022054284811019897,1737,1884,331,169,0.272,0.2609143515697014,0.35324708447928405,1.2028102716073406,1.3188232127758317,0.35905787040669634,0.4708042812194358,0.03781469011467798,0.14447729159726197,0.19893066249787808,0.26981010809540745,0.43076978251338005,0.5433848649263382,0.005928502208553255,0.17376086302101612,-0.11316143535077572,0.06477065421640872
dpo__none,19,last_prompt,or_bench,0.02364771181619245,1.2454406642963214,0.2153950394031398,-0.006022195071563297,0.018984012305736542,0.3242347538471222,-0.22059497237205505,-0.22679109871387482,1737,1884,67,433,0.04,-0.009434630705052969,0.06755318733287152,1.179687424312514,1.3110555905701362,0.13948809643772325,0.3006875671950379,-0.04086617609726599,0.04125276537630039,-0.007497951632831246,0.05396828707307576,0.19184869639575483,0.3727711588144302,-0.3204295411705971,-0.06349076144397274,-0.32859704121947286,-0.07037230860441937
dpo__none,19,last_prompt,xstest,0.06042594776462908,1.2204986760503926,0.23908545405948087,0.026232731284077007,0.0494486540555954,0.23577937483787537,0.038602180778980255,0.026976216584444046,1737,1884,40,209,0.03614457831325301,0.009652657813478212,0.1164548561770258,1.1672560117639295,1.2876781406373357,0.13991573122220446,0.3344919938966148,-0.024534862803883943,0.08174524763540142,0.007799631450325251,0.09285616576671599,0.1301497545093298,0.28128671646118164,-0.05376837756484747,0.10431732647120952,-0.06601535249501467,0.09143158234655849
dpo__none,19,post_instr_0,all,0.3992050331854854,0.6061111832655194,0.6838102039331851,0.24549715850511858,0.5500468611717224,0.6956512331962585,0.35600173473358154,-0.031897950917482376,1737,1883,438,811,0.31625300240192156,0.37755545292486953,0.4203542018206357,0.5849457997470902,0.6323343260119514,0.650388057168756,0.7139203696944084,0.22585300401216066,0.2711915156846729,0.5299060598015786,0.5673570796847344,0.656770721077919,0.7089885279536247,0.2971076563000679,0.40810831636190403,-0.08311408422887326,0.027767458790913215
dpo__none,19,post_instr_0,false_reject,0.6043483378658957,0.7368391264310516,0.7403561385842946,0.33796609354603596,0.6341676115989685,0.7079883217811584,0.4469029903411865,-0.0026904288679361343,1737,1883,331,169,0.568,0.5753740214735356,0.6357600626058143,0.7165901329399769,0.7638512623437256,0.7002002258275493,0.7784544708136056,0.30704535710186365,0.3741094426882653,0.6143642380833626,0.6524534985423088,0.6460584729909897,0.7080163180828094,0.3629977658390999,0.48409495800733565,-0.06819618046283722,0.060167024005204434
dpo__none,19,post_instr_0,or_bench,0.29817664269033395,0.7876185641638583,0.5677783515868873,0.25646001525659873,0.35405704379081726,0.5689279437065125,-0.10647697746753693,-0.32923662662506104,1737,1883,67,433,0.174,0.27562701708388276,0.3291138841157868,0.76243507229216,0.8219824958834909,0.49932239648575644,0.6316110716497323,0.23220406601254284,0.2888606471105065,0.3312200665473938,0.3818388804793358,0.4267806142568588,0.5928562149405479,-0.2356038972735405,0.036333119496703044,-0.42720266729593276,-0.17906635515391836
dpo__none,19,post_instr_0,xstest,0.19013891027433072,0.6920895979317424,0.4102459914126197,0.14801317617226817,0.2649158835411072,0.44014886021614075,0.08230139315128326,-0.03557198494672775,1737,1883,40,209,0.0963855421686747,0.16836718497004163,0.22218152327463042,0.6753902703910575,0.7246347347702017,0.3391131568188789,0.4850852372045167,0.12431759728210384,0.18070425098064558,0.23321339599788188,0.30134187936782836,0.3020799793303013,0.49207450151443477,-0.0018145618494600055,0.15367700830101963,-0.1077939473092556,0.04123878236860036
dpo__none,19,post_instr_1,all,0.299456609674416,0.49117893061991796,0.6745359212405908,0.09688605385092353,0.5205532312393188,0.8153358697891235,0.4658505618572235,0.04851658642292023,1737,1883,438,811,0.3010408326661329,0.2811806059150357,0.32014622866923126,0.47814805582156106,0.5088902322508372,0.6453088581346161,0.7048645576828415,0.07920286350881264,0.11915972984189306,0.49875549525022506,0.5417566657066345,0.7980477243661881,0.8238858416676521,0.422966093569994,0.49969093427062033,0.013698487612418831,0.08331312499940391
dpo__none,19,post_instr_1,false_reject,0.6248801356929972,0.6615945103781299,0.770409571201305,0.3398489847094435,0.6866472363471985,0.7976187467575073,0.5395183563232422,-0.011230275966227055,1737,1883,331,169,0.654,0.6004501286753949,0.6510808678319374,0.6449109211013838,0.6810210450314252,0.739051887460131,0.804892423481763,0.30633735046240784,0.3815234096064234,0.670994046330452,0.7035426139831543,0.7568757608532906,0.8022510021924972,0.48085269927978513,0.5744718939065933,-0.0648428751155734,0.03609159635379908
dpo__none,19,post_instr_1,or_bench,0.07314877968233058,0.5796664939451747,0.3946422161658724,0.023402685866660455,0.12519824504852295,0.7375763058662415,-0.19257166981697083,-0.2871744930744171,1737,1883,67,433,0.066,0.052592599204325505,0.09577662635025609,0.560106006742894,0.6013858370114273,0.3254827181155877,0.4696223332998491,0.0043222987248063074,0.045295370039319896,0.08964011557400227,0.16536002382636067,0.6541424244642258,0.7516394093632698,-0.27916737347841264,-0.10022487975656989,-0.3528744108974934,-0.20081037916243083
dpo__none,19,post_instr_1,xstest,0.10042909843261401,0.6122472988987236,0.3500027513538014,0.05266381277607334,0.16187027096748352,0.6358014345169067,0.11913814395666122,0.016437558457255363,1737,1883,40,209,0.0642570281124498,0.07869367035628479,0.12539184451883253,0.5988657224975439,0.634516998921758,0.2857755240810359,0.4258566351630782,0.03087097249625164,0.0779093551926074,0.12816512882709502,0.197696266323328,0.5148832634091377,0.6823500409722328,0.04485263936221599,0.18432901129126547,-0.05257130358368158,0.08175901360809797
dpo__none,19,post_instr_2,all,-0.03951340733783016,2.887521812549805,0.01735054003633932,-0.07022325688795746,-0.013682890683412552,0.17306053638458252,0.563481867313385,0.565902829170227,1737,1883,438,811,0.088871096877502,-1.265732431220939,1.7532854794445147,1.2695157346119677,3.3520053533513336,-1.3125445604002823,1.875960171488825,-1.2537383084944815,1.6879072011420242,-0.6441250234842301,0.662132267653942,-0.36816622242331504,0.6253753662109375,-0.043829429149627674,0.7548010483384132,-0.18020608685910702,0.7485086068511009
dpo__none,19,post_instr_2,false_reject,0.13220527648823796,2.866482708549075,-0.018063557784442557,0.42651989550081654,0.0460721030831337,-0.36154699325561523,0.5979192852973938,0.6152299046516418,1737,1883,331,169,0.102,-1.1518621465022174,1.865725056373612,1.261780118730378,3.2893588373320877,-1.2942485144359515,1.8731481128759009,-1.0138310673011213,1.8410270238699926,-0.6118366777896881,0.7183088183403014,-0.6270513832569122,0.3741060107946394,0.11919769197702408,0.8471522212028503,0.06941677164286375,0.853941938281059
dpo__none,19,post_instr_2,or_bench,-0.1081576900242273,2.851948937214442,0.06827165060261782,-0.13545752911204711,-0.03789690136909485,0.399466872215271,0.3800402283668518,0.39546266198158264,1737,1883,67,433,0.092,-1.260431023519974,1.6567785349520585,1.3049091406916125,3.4398652074243463,-1.3362719651299537,1.9577858952146814,-1.2839212629027459,1.610029266673242,-0.6357974439859391,0.6524723008275027,-0.44133853912353516,0.6863290175795554,-0.4191906414926052,0.7633444130420681,-0.6269533559679985,0.7581382989883423
dpo__none,19,post_instr_2,xstest,-0.24649030581954035,3.195425650795575,0.2251097580497659,-0.3367482070787014,-0.07690999656915665,0.5576220154762268,-0.2842746675014496,-0.24210502207279205,1737,1883,40,209,0.05622489959839357,-1.526724329365121,1.7347000923687284,1.3730585673345275,3.7204488716506963,-1.382931713959146,2.0067589111345674,-1.5847376337729056,1.6682960693952527,-0.6765513047575951,0.5973872423171996,-0.22675046063959597,0.6897472828626631,-0.44458315521478653,0.34920046776533126,-0.5723239555954933,0.37200898453593184
dpo__none,19,post_instr_3,all,0.38756298105273446,0.451244337859972,0.7075229446592095,0.21476093686400738,0.6515490412712097,0.8396260738372803,0.5240309834480286,-0.03035377524793148,1737,1883,438,811,0.35628502802241796,0.36955509047569474,0.40544024937227224,0.43759378090994666,0.4663644630752069,0.682345871858779,0.731676069663394,0.19476085275920743,0.2362243599016694,0.6335240647196769,0.6692404866218566,0.8169566452503204,0.8498835101723671,0.4847317703068256,0.5597099974751472,-0.06884056963026523,0.006709227745886888
dpo__none,19,post_instr_3,false_reject,0.6436926140631013,0.5655173024407034,0.7677543116916836,0.40070786571851535,0.7512528300285339,0.8448534607887268,0.5378488302230835,-0.1467387080192566,1737,1883,331,169,0.692,0.621755277075648,0.6679713242431621,0.551761459954634,0.5812247190926401,0.7411494927781799,0.7963934730408571,0.3672319225864668,0.43781401403436143,0.7369002059102059,0.7660448595881462,0.7963640972971916,0.8586196050047874,0.47836681753396987,0.5745435073971749,-0.1893110428005457,-0.10090259164571767
dpo__none,19,post_instr_3,or_bench,0.22975170662888275,0.5642891222590115,0.5754717339027448,0.17625691689327802,0.3770943880081177,0.8183443546295166,0.0005970923230051994,-0.33254629373550415,1737,1883,67,433,0.154,0.20612988637909477,0.25678912124834014,0.5473590885070473,0.5824356483398961,0.5026960352927407,0.6513564553659099,0.1513330565727124,0.2022951340713453,0.33899528309702875,0.4181055001914501,0.7518337517976761,0.8324136704206466,-0.08635885436087846,0.08083692379295825,-0.3971203461289406,-0.25621804669499415
dpo__none,19,post_instr_3,xstest,0.19013663255521648,0.5848784809767033,0.43029435248033826,0.1441734296918496,0.3091612458229065,0.7172379493713379,0.26740455627441406,0.04801464080810547,1737,1883,40,209,0.08835341365461848,0.17156446082667867,0.21590764701933782,0.5714496608472913,0.605204534149132,0.3786868771454526,0.49146312585319957,0.12227710800472817,0.1687013629440664,0.28056336343288424,0.342892561852932,0.591606180369854,0.7545477524399757,0.18928206488490104,0.3204094946384428,-0.0210236094892025,0.11346946787089106
dpo__none,19,post_instr_4,all,-0.37177362321745094,1.898785315630704,-0.24401082265998317,-0.4407754323576538,-0.19214710593223572,0.2743235230445862,0.4925815165042877,0.5556458234786987,1737,1883,438,811,0.100080064051241,-0.6722226860127892,0.37231173492575453,1.2769163490442719,2.4022066020354087,-0.6615848445241778,0.6191619647015834,-0.7284121647317291,0.2389944345556607,-0.4179183542728424,0.16215706691145856,-0.10699797887355086,0.5824044495820998,-0.18481264151632784,0.7736507043242452,-0.08703667391091582,0.7664509654045104
dpo__none,19,post_instr_4,false_reject,-0.20219175288185726,2.1048430977676644,-0.2906655389918374,-0.02890959547855881,-0.09562008082866669,-0.1953560709953308,0.7760980129241943,0.7609043717384338,1737,1883,331,169,0.108,-0.5847093000156306,0.5683971577967994,1.4996625032349145,2.6095179276060785,-0.7236402533550608,0.6640261623593142,-0.49849545376708565,0.4730109835638716,-0.31712527126073836,0.24099703207611992,-0.4523769535124302,0.3009942837059494,0.28088446110486986,0.8317255318164825,0.31069215163588526,0.8257647305727005
dpo__none,19,post_instr_4,or_bench,-0.781449804543391,2.643728705040315,-0.5488744724358298,-0.8174375237405958,-0.2834622859954834,0.49373358488082886,-0.2612946033477783,-0.12652957439422607,1737,1883,67,433,0.092,-1.2047018484783998,0.2592176697356652,1.7892236427490784,3.3406635340594955,-1.2025452685719251,0.49354881388514366,-1.233840198270127,0.2211339215262962,-0.5181450754404068,0.0794659458100793,-0.21735502220690248,0.6855326175689697,-0.900201678276062,0.6934294909238814,-0.8359606519341469,0.6851235538721083
dpo__none,19,post_instr_4,xstest,0.11034271710375995,1.3351473187023528,0.6526994562370172,0.00654210157107675,0.0823637992143631,0.4604640007019043,0.2369997501373291,0.1997528374195099,1737,1883,40,209,0.10040160642570281,-0.05932895388520775,0.35080053305532166,1.0977375464263763,1.5780268316433583,0.11493917001527114,1.3431112801069858,-0.1724987158319187,0.23506837295734784,-0.048466595634818074,0.2553617708384987,0.0023382703773677438,0.622277398407459,-0.04093226566910744,0.5030552059412002,-0.058992090541869394,0.45076578855514515
dpo__none,19,post_instr_5,all,0.30121472585305153,0.4684389923830164,0.6522630917273855,0.11162259046337437,0.5408533811569214,0.7832228541374207,0.4312177300453186,0.009046364575624466,1737,1883,438,811,0.27061649319455566,0.2845443307430362,0.31923901559940143,0.4524965173725246,0.48843281406275557,0.6194064278099458,0.6839445969067436,0.09545903882432662,0.12987706892970508,0.5205426350235939,0.559857776761055,0.7569248989224434,0.7987964019179344,0.38007057905197145,0.48061346784234044,-0.04060540646314621,0.05523279961198564
dpo__none,19,post_instr_5,false_reject,0.530559277635528,0.6087252865957099,0.7001456677002246,0.19841078350866986,0.6570477485656738,0.8393260836601257,0.5667188167572021,0.02021830901503563,1737,1883,331,169,0.52,0.5053655630703889,0.5596837294854848,0.5936593264222197,0.6266196942171292,0.6675007487231333,0.7366151210378037,0.16838185422205568,0.2354480411645402,0.6372006371617317,0.6775253683328628,0.8096574679017067,0.8447867855429649,0.5234272971749305,0.5918394207954406,-0.019912026915699245,0.05918602757155895
dpo__none,19,post_instr_5,or_bench,0.13248723860652453,0.6112811073592992,0.5141685674191065,0.0734280167609436,0.21181903779506683,0.7515348196029663,-0.1653691828250885,-0.33209413290023804,1737,1883,67,433,0.094,0.11216014949484347,0.15732797178684396,0.5866320211831784,0.6403239536141982,0.43532734115667404,0.5968482184057018,0.054130698309280294,0.09729605353126931,0.17874322608113288,0.25092685297131534,0.6742205902934074,0.7783404260873794,-0.24819598384201527,-0.07561468593776231,-0.3944843843579292,-0.2485678546130658
dpo__none,19,post_instr_5,xstest,0.17949362281797943,0.5660371532249348,0.4873435530087662,0.12057497109516409,0.3022720515727997,0.6543349623680115,0.21328386664390564,0.01625717431306839,1737,1883,40,209,0.12449799196787148,0.1545156715285704,0.20680690134588417,0.549439494203573,0.5917818187408104,0.41048577341262293,0.5825705803085902,0.09531878422958955,0.14892168986945528,0.26344284042716026,0.33728362917900084,0.5412833958864212,0.6883052468299866,0.11569107677787542,0.2818338371813297,-0.059539988078176974,0.08599965833127496
dpo__none,19,post_instr_6,all,0.27766970023718796,0.4969658700821441,0.6434948674411297,0.08009705096191115,0.4877590537071228,0.798931360244751,0.38583624362945557,-0.00440990412607789,1737,1883,438,811,0.2546036829463571,0.26122064450623217,0.29596419734903406,0.4792018000958426,0.5198855849756177,0.610019385430649,0.6782748301241873,0.06394293374722612,0.09924552345687414,0.4661990702152252,0.508884483575821,0.7733602926135064,0.8141490146517754,0.3319402478635311,0.43850909993052484,-0.057105638831853864,0.0481282345950603
dpo__none,19,post_instr_6,false_reject,0.5244151450961752,0.6300999126710596,0.7022041172126349,0.17620119762365435,0.6397033333778381,0.8358655571937561,0.5274738669395447,-0.009409184567630291,1737,1883,331,169,0.514,0.49830543989252635,0.5550370709393764,0.6130462263756207,0.6504345148421448,0.6696789809864462,0.7394768457213101,0.1462964271570746,0.21346219623256862,0.6187155768275261,0.6609961986541748,0.8071524053812027,0.8428025841712952,0.4826075553894043,0.55816290974617,-0.04857380921021104,0.031018296210095265
dpo__none,19,post_instr_6,or_bench,0.0903588414716818,0.6313838048571884,0.4790547952798483,0.0302142062488336,0.14166897535324097,0.7545479536056519,-0.21073022484779358,-0.32086247205734253,1737,1883,67,433,0.07,0.07073582513754917,0.11425281883198536,0.6023149797188004,0.6655648118298049,0.40111128767374565,0.5622792975707674,0.011239187439020335,0.05320030686795357,0.10906698890030384,0.180086799710989,0.6722848862409592,0.7827541902661324,-0.29781188666820524,-0.10923987776041041,-0.4028251491487026,-0.22590986825525763
dpo__none,19,post_instr_6,xstest,0.1583231265023631,0.5792172584221581,0.43311264114437203,0.10573181931287275,0.2636673152446747,0.6152193546295166,0.15714377164840698,-0.005255435593426228,1737,1883,40,209,0.10441767068273092,0.13251742089393384,0.18537054874403847,0.5589316992873303,0.607895808682864,0.36673543611884446,0.5109932027464785,0.08134121041179893,0.13377919215646425,0.22501723803579807,0.29948503598570825,0.4931749738752842,0.6493210792541503,0.03971013817936182,0.246490368619561,-0.10087531805038452,0.08514873478561635
dpo__none,19,first_gen,all,0.22355004692056893,0.24239046022290897,0.6624901036805455,-0.013510060889239634,0.6779607534408569,0.8874487280845642,0.6191973686218262,0.023863503709435463,1737,1884,438,811,0.2153722978382706,0.20739811114788342,0.24455262279919515,0.23555416222404008,0.2577220244160159,0.6148653113136553,0.7136285253041059,-0.023845611208896264,0.0005041322783917235,0.634726282954216,0.7078165292739867,0.8686669632792473,0.8950654253363609,0.5506446555256843,0.6535440132021904,-0.015666270395740867,0.05023590782657261
dpo__none,19,first_gen,false_reject,0.47364025203048443,0.34618732405441127,0.7081199775388328,0.014392998140566942,0.8073378801345825,0.8798855543136597,0.7524722814559937,0.07135754823684692,1737,1884,331,169,0.422,0.440275681590006,0.512230807775706,0.3350184145974662,0.3641767325010008,0.6594042731236981,0.7636269251698093,-0.013780084609622335,0.04826531276589781,0.7787043362855911,0.8301410466432572,0.8565781861543655,0.8839059293270111,0.6960072323679924,0.7799862489104271,0.02592632146552205,0.10690681897103783
dpo__none,19,first_gen,or_bench,0.0496207227664671,0.3916084744082087,0.5553708874943405,-0.028636223548687362,0.12570494413375854,0.8392473459243774,-0.201507106423378,-0.3094593584537506,1737,1884,67,433,0.076,0.03223862093561309,0.07013145367640544,0.36276518269110364,0.4256499320035903,0.4499228115954924,0.6803255422137466,-0.04135379270944999,-0.014739511557746256,0.07936435490846634,0.1763875380158423,0.7528243780136108,0.8652020335197449,-0.3106757149100304,-0.10150467157363893,-0.38301386684179306,-0.22317948043346406
dpo__none,19,first_gen,xstest,0.07061656283435648,0.34446567667426936,0.4643277205709386,-0.004734848889051193,0.20082661509513855,0.7393350005149841,0.029681488871574402,-0.12126722931861877,1737,1884,40,209,0.08032128514056225,0.045871442063027214,0.10068202961244087,0.3314167710510938,0.37278783765236945,0.3494815748328251,0.6154645957805227,-0.017708751029937964,0.01285482199688454,0.1286656256765127,0.2795825585722923,0.6541780143976211,0.7540405541658401,-0.08483568243682385,0.14023005701601488,-0.1927932884544134,-0.04044157480821014
dpo__none,24,last_prompt,all,0.12888484271684658,0.9788079511168984,0.32720363600022045,0.021778022102895138,0.1305484175682068,0.47877418994903564,0.10080845654010773,0.038635894656181335,1737,1884,438,811,0.10168134507606084,0.1010866850832919,0.1703343251385417,0.9292623524880066,1.0269093791004307,0.28364144682318904,0.3720640390541804,-0.00554793122528754,0.0636478158419161,0.10332036837935447,0.16728044301271439,0.4051168538630009,0.4967160195112228,0.03346996186301112,0.16820515915751455,-0.03514845333993435,0.11415815465152258
dpo__none,24,last_prompt,false_reject,0.2700878154432366,1.1535511788991029,0.36631120576315634,0.08162659596848476,0.22797062993049622,0.47999483346939087,0.05016351118683815,-0.060863886028528214,1737,1884,331,169,0.19,0.2291030990846331,0.3176930896272323,1.1057318145142487,1.207363188193991,0.31516841359937275,0.4185910033257463,0.03702276851609695,0.13714646281698462,0.19328694529831408,0.266008922457695,0.3612495012581348,0.479401883482933,-0.034236058965325354,0.12284384965896586,-0.13586077578365802,0.026145521039143183
dpo__none,24,last_prompt,or_bench,0.024338878173895396,1.1476237243547198,0.19551129216588975,-0.0021473683317799357,0.021203305572271347,0.2938767671585083,-0.25449174642562866,-0.26078152656555176,1737,1884,67,433,0.044,-0.004641628119436279,0.06619736779312214,1.0885150836408655,1.2129814480327514,0.12123040878480097,0.27993106749415103,-0.03587090217336656,0.046175537189217845,-0.0040593702229671175,0.05749154230579734,0.16280457600951195,0.3441862419247627,-0.3328323319554329,-0.10205452181398872,-0.3427117131650448,-0.1110064584761858
dpo__none,24,last_prompt,xstest,0.05527643434879325,1.2071864337353364,0.224173214846487,0.02295171014430634,0.04574156180024147,0.2205680012702942,0.03962770104408264,0.029569532722234726,1737,1884,40,209,0.040160642570281124,0.006882310968329041,0.10866906528677396,1.158415108406342,1.2788963578094512,0.1255058187771958,0.3187475429996117,-0.024768702352937152,0.08109482330517902,0.0055327236652374275,0.09009271822869776,0.11855944264680147,0.25320412069559095,-0.05139504466205835,0.09891005717217922,-0.06021469058468938,0.09068758953362703
dpo__none,24,post_instr_0,all,0.3827335077631658,0.6127154401088843,0.6528409453027288,0.23685551839044705,0.5297862887382507,0.6638089418411255,0.31753551959991455,-0.04025480896234512,1737,1883,438,811,0.3122497998398719,0.3619377708005932,0.4064869363636385,0.5926585687885699,0.638571840683759,0.6209334058721844,0.6819445964943782,0.21608401160035742,0.26386004704504606,0.5077215299010277,0.5502618089318275,0.6190215513110161,0.6731011390686035,0.252869563549757,0.37453964501619325,-0.09656574539840221,0.026543518295511524
dpo__none,24,post_instr_0,false_reject,0.5786049897157243,0.7382142759348213,0.7044147202097241,0.3321964378467107,0.616884708404541,0.6570979356765747,0.41077491641044617,0.006888110190629959,1737,1883,331,169,0.566,0.5493062301986406,0.6083866579034363,0.7166886980260898,0.7696747049229152,0.664958453367464,0.7399827629124286,0.2985700984801021,0.37261018790640316,0.5951813161373138,0.6360088258981704,0.5798667639493942,0.6493470087647438,0.3083294354379177,0.4496974729001522,-0.06539635732769966,0.07216380797326565
dpo__none,24,post_instr_0,or_bench,0.28887020454827117,0.8039142087158078,0.5429294082651368,0.24955848348384702,0.3381609320640564,0.5218576192855835,-0.13830479979515076,-0.3344815969467163,1737,1883,67,433,0.172,0.2627757660920162,0.3235014675922531,0.7790164858893874,0.8397888703951303,0.4735933018791712,0.6100236510631489,0.2230601798293027,0.2855383474034534,0.31192823871970177,0.3695379704236984,0.3694362208247185,0.5397939056158064,-0.2701448045670986,0.016865749470889563,-0.43020120784640314,-0.1613278891891241
dpo__none,24,post_instr_0,xstest,0.17789794820944196,0.7390946015212425,0.4101697923004231,0.13344400746105659,0.23401379585266113,0.4105873107910156,0.05178431421518326,-0.04556392878293991,1737,1883,40,209,0.08433734939759036,0.15508064152620438,0.21254516171746024,0.7192200113258248,0.7788304832973815,0.3439467559297993,0.4794408368183152,0.10766069056184764,0.1689632698352706,0.20123554281890393,0.2729985654354095,0.281419163942337,0.44572476819157597,-0.038013271801173684,0.1372248649597167,-0.13214472606778144,0.05507606454193591
dpo__none,24,post_instr_1,all,0.2681884762941679,0.471929322377823,0.6547487767648774,0.05941734507603525,0.49407461285591125,0.8181712031364441,0.4386722445487976,0.03960644453763962,1737,1883,438,811,0.28342674139311447,0.2498965068425154,0.28966771574584577,0.4584418088683276,0.4901040837474774,0.6247987346415957,0.6864996231483409,0.04102810213015986,0.08283405103412561,0.46759265288710594,0.5197385728359223,0.8016265496611595,0.8245929509401322,0.3947495765984058,0.47312903627753256,0.006207576394081116,0.07448701430112123
dpo__none,24,post_instr_1,false_reject,0.608849058231354,0.6317268641469465,0.7565944121693702,0.31947803971971256,0.6939488649368286,0.7874902486801147,0.5525107383728027,0.008378495462238789,1737,1883,331,169,0.626,0.5837542137836628,0.6358101459437963,0.6173751752558776,0.6509021515810294,0.7252605188210178,0.7907810754614985,0.28312415484738745,0.3625888071879132,0.6755786433815956,0.7097274422645569,0.74625593572855,0.7917023703455924,0.49418502002954484,0.5837631165981293,-0.04255115902051329,0.0546774610877037
dpo__none,24,post_instr_1,or_bench,0.038346356139855965,0.5529919639906694,0.3652893649235684,-0.012242983030079377,0.0691772997379303,0.7232581973075867,-0.20637956261634827,-0.25702837109565735,1737,1883,67,433,0.062,0.017425211402537753,0.061060773990709034,0.533027233887482,0.575802162707418,0.29482079142710893,0.4418904872785241,-0.03272964002971766,0.01033802420123628,0.030996090872213243,0.11271764766424894,0.6425917178392411,0.7348035633563995,-0.2938098065555096,-0.11409630682319405,-0.3251573756337166,-0.17204272635281087
dpo__none,24,post_instr_1,xstest,0.04566147869317756,0.6098809267728067,0.2968206045051289,-0.002407253303009603,0.074660524725914,0.6180826425552368,0.04962470382452011,0.0034880577586591244,1737,1883,40,209,0.040160642570281124,0.024323622456391938,0.0699657772037882,0.5958393989855804,0.6338404995454401,0.23207090721463378,0.3716230018432619,-0.024057821220818173,0.0218948314115643,0.03926253914833069,0.11277809292078017,0.4965392701327801,0.6606073766946792,-0.012172564212232827,0.11539388336241237,-0.055546141043305394,0.07174233868718147
dpo__none,24,post_instr_2,all,-0.021138715697384253,2.6034557573929615,0.04329231168661858,-0.05593649402994638,-0.008119229227304459,0.17922186851501465,0.5131452679634094,0.514617383480072,1737,1883,438,811,0.088871096877502,-1.0401306998119468,1.533900936885984,1.338163790365247,3.057176285346281,-1.0251913175607577,1.668775696488802,-1.0567368799569317,1.4602225372975197,-0.5542616754770279,0.611878564953804,-0.3121747225522995,0.6039741918444633,-0.0464254505932331,0.6974597007036208,-0.1284314716234803,0.6987247735261917
dpo__none,24,post_instr_2,false_reject,0.1694076296249818,2.6115883464325513,0.01668150413024878,0.46853297403409694,0.06473158299922943,-0.3587462306022644,0.5562323331832886,0.580672562122345,1737,1883,331,169,0.102,-0.9628067329300833,1.6717804397435052,1.414152596120634,3.0009167346787144,-1.0848969630381142,1.6683260284232053,-0.8041662554341259,1.675525020465197,-0.5025763213634491,0.672167944908142,-0.5971653461456299,0.3102536052465436,0.12394556887447834,0.7794834285974502,0.08984128180891277,0.8066879078745839
dpo__none,24,post_instr_2,or_bench,-0.09298982364878662,2.608624959003758,0.07885808881126835,-0.11958088456521695,-0.03562444821000099,0.3895646333694458,0.3016713261604309,0.3157496452331543,1737,1883,67,433,0.092,-1.050831587047233,1.4467059028368578,1.4002604661150413,3.1491794227532877,-1.1143802384642991,1.7767485662018256,-1.0605335591396132,1.4196812399805372,-0.5426368564367294,0.5942097231745713,-0.39340331554412844,0.6826525375247001,-0.44843021035194397,0.7018811300396918,-0.6101022467017174,0.6916819274425504
dpo__none,24,post_instr_2,xstest,-0.25948179606457367,2.857620547068889,0.2039270704067902,-0.3481725059813612,-0.09043143689632416,0.5401870012283325,-0.3087865114212036,-0.2610059678554535,1737,1883,40,209,0.05622489959839357,-1.3226844799904434,1.5025276045638583,1.430408427281871,3.3822573609514985,-1.171713358159521,1.7370355988356248,-1.3887995818014212,1.4416360715363632,-0.621747225522995,0.5404532745480536,-0.25005172453820707,0.6812517166137693,-0.477204380184412,0.3608267322182655,-0.5529727309942245,0.37665765285491937
dpo__none,24,post_instr_3,all,0.38880724403935035,0.43323290785471485,0.6963656418318439,0.22270299183743225,0.6679178476333618,0.8458355665206909,0.540345311164856,-0.03305855393409729,1737,1883,438,811,0.3458767013610889,0.37131410270708554,0.40626972657909627,0.42169536132113633,0.44809115555859735,0.6706831892614958,0.7208228319853209,0.2034817986450715,0.24392327648819753,0.6502437010407448,0.6847124755382538,0.8235427111387252,0.8564057901501655,0.5039623364806175,0.5736821696162223,-0.06895304229110479,0.0023828475619666082
dpo__none,24,post_instr_3,false_reject,0.6339162194649395,0.5345706977487461,0.7546173753554253,0.397513295094699,0.7644674777984619,0.8422006368637085,0.5460108518600464,-0.15174472332000732,1737,1883,331,169,0.664,0.613145023245791,0.6583095331165635,0.5216755397722624,0.5492487440624643,0.728894807353329,0.7818689583028914,0.3661970044077511,0.43499755721082345,0.7502542123198509,0.7789165630936623,0.7993961408734321,0.8530662044882774,0.4909602254629135,0.5808106392621993,-0.19554154425859452,-0.1068333696573974
dpo__none,24,post_instr_3,or_bench,0.23959788305102925,0.5486504755943664,0.564436283909504,0.18933421821340182,0.4002065062522888,0.808861255645752,0.01930747926235199,-0.3321647346019745,1737,1883,67,433,0.152,0.21552539648471838,0.2657764648241465,0.532398006412011,0.5660912604189218,0.4940610830141111,0.6403265604140623,0.1642135834795997,0.21493203191169039,0.3634919121861458,0.4370308950543403,0.7447576344013214,0.825924813747406,-0.06375910118222236,0.1026074523106217,-0.39853707402944566,-0.2531103983521462
dpo__none,24,post_instr_3,xstest,0.19623794319836455,0.5563941094066066,0.43531451841769364,0.15048166511214373,0.3326144218444824,0.7273526191711426,0.3001343607902527,0.061720602214336395,1737,1883,40,209,0.0963855421686747,0.17584059013160336,0.22145657731183885,0.5432262674472174,0.5766801342514226,0.3793703464665812,0.499924482045651,0.12848544496727565,0.1753884502001543,0.2996188089251518,0.3661495871841907,0.6125955864787102,0.7577835336327552,0.2224636733531952,0.3525715440511703,-0.011930596595630049,0.12783466838300228
dpo__none,24,post_instr_4,all,-0.22124840072141452,1.8727780968101397,-0.0921891960019559,-0.29095021946763716,-0.11732330918312073,0.28644150495529175,0.5034581422805786,0.5407993793487549,1737,1883,438,811,0.09527622097678143,-0.5508078099163322,0.4699572573772482,1.3254045576927886,2.285833422664331,-0.5081349789828216,0.6891823762358268,-0.5819078275697308,0.3497815889198982,-0.3420106776058674,0.20958024151623225,-0.0751873530447483,0.5426560953259466,-0.14296183623373507,0.7748768493533134,-0.09048274941742418,0.7634447947144507
dpo__none,24,post_instr_4,false_reject,-0.04439457637254636,2.0885354619403116,-0.11458887794212476,0.09308726054259614,-0.021251477301120758,-0.16871942579746246,0.7475793361663818,0.7441619038581848,1737,1883,331,169,0.11,-0.4251367958481465,0.6662515304710015,1.545127775809428,2.5185475211546993,-0.553915428837085,0.7497917860726029,-0.3421819111660138,0.5595544484689556,-0.23804628811776637,0.2849476099014277,-0.4170972615480423,0.2752597399055948,0.22119189351797106,0.8062926203012465,0.2446960300207138,0.8071070030331611
dpo__none,24,post_instr_4,or_bench,-0.5398850386621181,2.611262807943527,-0.31388737863020194,-0.5748549903132375,-0.2024703174829483,0.4982622563838959,-0.2227625995874405,-0.12445695698261261,1737,1883,67,433,0.094,-0.9628390323038417,0.41899266865424295,1.8545300111988692,3.1932585156256343,-0.9463166589870469,0.6397510800282263,-1.0109097496244528,0.3837306973940136,-0.43340467363595964,0.1340147897601124,-0.15453188009560107,0.6324414700269699,-0.8715990334749222,0.6793000444769859,-0.82947868257761,0.6692347690463065
dpo__none,24,post_instr_4,xstest,0.06345446151883197,1.1394242849127478,0.46450830133695603,-0.013301477320424047,0.055603787302970886,0.40683749318122864,0.038254473358392715,0.01565699651837349,1737,1883,40,209,0.06827309236947791,-0.09730429912497048,0.2580909510777878,0.9760354487877885,1.3271985504192068,0.044472463526620244,1.0815948430217552,-0.1575727723053994,0.1931322162917803,-0.08511477597057818,0.22931925542652593,-0.035977131780236954,0.5726269841194153,-0.22105758972465991,0.35790944099426236,-0.22121686711907387,0.275379079580307
dpo__none,24,post_instr_5,all,0.2534852055786114,0.39830811962518614,0.589355576278762,0.07209035458755106,0.5369002223014832,0.7974510192871094,0.49090564250946045,0.07438429445028305,1737,1883,438,811,0.22898318654923938,0.2402125504898383,0.2690718961985487,0.38480324670637567,0.4159850386051049,0.5606776240234609,0.6207176056789991,0.05966038665791264,0.08759794088302164,0.5133927166461945,0.5569496721029281,0.7723945930600167,0.8123821169137955,0.43933369442820547,0.5387181282043457,0.025629983842372896,0.12295863907784223
dpo__none,24,post_instr_5,false_reject,0.47234873243704073,0.540217268729856,0.6337685624721905,0.1561951020355952,0.6582350730895996,0.8372491002082825,0.6105051636695862,0.07890196889638901,1737,1883,331,169,0.458,0.44891648922841193,0.4985864226133898,0.5257861686326477,0.5566336172134818,0.6009024843870271,0.6691268806586977,0.13137754127037946,0.18617460203278352,0.6375407263636589,0.6808189213275909,0.8035382241010666,0.8471680760383605,0.5654388785362243,0.637162996828556,0.03492955854162574,0.12270306237041935
dpo__none,24,post_instr_5,or_bench,0.08982705291423854,0.5052648138270973,0.4497526236900361,0.03413418495302916,0.1750374734401703,0.7676576375961304,-0.12757964432239532,-0.2660559415817261,1737,1883,67,433,0.072,0.07171752839497475,0.11116832706790314,0.4837148322820115,0.531048092829944,0.3728965859475486,0.5328166973795404,0.01842580139011031,0.05338592790146177,0.1374728310853243,0.21596449241042137,0.6874891370534897,0.7930670484900475,-0.20590475350618362,-0.039199619553983434,-0.3314618840813637,-0.18529718220233932
dpo__none,24,post_instr_5,xstest,0.14263105658421918,0.46100636755737595,0.45567323276837235,0.08271868358004707,0.2955676317214966,0.6977360844612122,0.21512693166732788,0.009314922615885735,1737,1883,40,209,0.08433734939759036,0.12266841660269193,0.1656180635406853,0.448685852118073,0.48570430331639125,0.38308128502041094,0.5478150195044829,0.06297051514178661,0.10504936633707154,0.25659937784075737,0.33384300172328946,0.5826313212513924,0.7167458847165108,0.11449559256434441,0.2847620859742162,-0.0638690808787942,0.07749107051640748
dpo__none,24,post_instr_6,all,0.23583718707935744,0.4157797360879142,0.5715328448941556,0.054536690479428045,0.4933745861053467,0.7952609062194824,0.44640183448791504,0.06212835758924484,1737,1883,438,811,0.2177742193755004,0.22134555588054874,0.25201848071910227,0.4012238449287281,0.4359534781019349,0.5415879008987743,0.602664164092207,0.04196132175131003,0.06972329972135217,0.46952381953597067,0.5159853488206864,0.7677669420838356,0.8088310956954956,0.3939584843814373,0.49789153113961215,0.01066958832088858,0.11195492390543213
dpo__none,24,post_instr_6,false_reject,0.460670520620608,0.5548803617388995,0.6234619842041115,0.14183052104475918,0.6387678384780884,0.8266805410385132,0.5754534006118774,0.06160195916891098,1737,1883,331,169,0.45,0.43720237709353527,0.48815341714886923,0.5385533975880421,0.5728681651246599,0.5909452157089232,0.6601586181237277,0.11810948153489652,0.1725344517629071,0.6160312429070472,0.6622260540723801,0.7923492982983589,0.8365102037787437,0.5273730605840683,0.6066471263766289,0.016686068382114172,0.10907766744494435
dpo__none,24,post_instr_6,or_bench,0.0679861770382023,0.5292335126361066,0.4227778533210413,0.013087691070744673,0.1274145543575287,0.7520235776901245,-0.16203093528747559,-0.25996851921081543,1737,1883,67,433,0.058,0.050956921372374835,0.08722369458114548,0.5059998119417777,0.559329427201059,0.3429439281344018,0.5000786727921266,-0.0024544576453999975,0.030558745673179077,0.09478094223886728,0.16318955421447753,0.6684039279818534,0.7789816781878471,-0.26156880855560305,-0.06406604405492554,-0.3501144632697105,-0.17176232561469085
dpo__none,24,post_instr_6,xstest,0.1214148154755296,0.45819397744065643,0.3909839808084072,0.06982263463992684,0.25614526867866516,0.6495316624641418,0.16774305701255798,0.0014158269623294473,1737,1883,40,209,0.07228915662650602,0.10392446842714255,0.14276881773102387,0.4444443612840631,0.484781207685351,0.326374712640695,0.46183146131399494,0.05184599099976973,0.09009266103247662,0.21950130984187127,0.29138395711779597,0.5222269758582115,0.6744174107909202,0.053530478756874805,0.2533746376633643,-0.09239600971341133,0.08865570984780777
dpo__none,24,first_gen,all,0.2255171346352937,0.20851922825385708,0.6590099472280782,-0.00860104377195048,0.7342358827590942,0.8842948079109192,0.7151961326599121,0.09709180891513824,1737,1884,438,811,0.20736589271417133,0.2085598387163256,0.2461537680787369,0.20330208677531966,0.22175577701785476,0.6086063717981955,0.7106944130374474,-0.017405549804482997,0.0024778193260354808,0.6963491305708885,0.7556110233068466,0.8662801742553711,0.8922222778201103,0.6562504053115845,0.7418540835380554,0.05282230470329523,0.12104143649339674
dpo__none,24,first_gen,false_reject,0.4692771777290221,0.31761871323211344,0.7013554202744084,0.014733494621500387,0.8281469941139221,0.8843604922294617,0.8344118595123291,0.1820327341556549,1737,1884,331,169,0.404,0.43468860594860265,0.5085831820584477,0.3080039348457658,0.3384631047137928,0.6509896929000886,0.7581131264411213,-0.01023940394911846,0.04300020212689832,0.8034772008657456,0.8463058680295944,0.8589516162872315,0.8897555321455002,0.784830279648304,0.8506942853331566,0.1287188336253166,0.2118518278002739
dpo__none,24,first_gen,or_bench,0.059622465711844506,0.3361212268069457,0.5592750414543118,-0.017690973860790427,0.17465731501579285,0.8414478302001953,-0.10879828035831451,-0.259755939245224,1737,1884,67,433,0.074,0.04261101485000081,0.0779982331443576,0.31033987492387466,0.37049012834695466,0.4551470634547601,0.6858664316599168,-0.027684837830796626,-0.006697447066321572,0.12063934691250325,0.22941114157438278,0.7646888762712478,0.8634665533900261,-0.23095099478960038,0.005064934492111125,-0.3373784191906452,-0.17331371009349825
dpo__none,24,first_gen,xstest,0.06916097961315962,0.2820455854929397,0.4756574809148418,-0.00863739937333074,0.2381565272808075,0.7503721117973328,0.08944573998451233,-0.0919046550989151,1737,1884,40,209,0.08032128514056225,0.046038644186315446,0.09945004638500454,0.2752194421587542,0.31246543827408957,0.34511588194132753,0.6392941938221388,-0.019293741780929706,0.004385178746991984,0.15210016295313836,0.3277235224843025,0.6506659626960755,0.7682765662670136,-0.04370893938466906,0.20453826263546934,-0.16445836648344994,-0.017261657631024767
dpo__none,26,last_prompt,all,0.10808277438918326,0.9249021713343255,0.2885759226848042,0.010603129494904035,0.11606878787279129,0.46387872099876404,0.08853462338447571,0.03492886573076248,1737,1884,438,811,0.07606084867894315,0.0825770520860594,0.145780161788827,0.87819859615375,0.9688232234159591,0.2504801024536505,0.33146123180335774,-0.014549381315998174,0.04905597766747092,0.0894400479272008,0.15141846761107444,0.3920374661684036,0.4822078593075275,0.019045308511704207,0.1588960658758878,-0.03990332670509815,0.11003353632986541
dpo__none,26,last_prompt,false_reject,0.2349413994182005,1.089509863805279,0.32311752074850864,0.06224137994423631,0.21079424023628235,0.4657595157623291,0.034540385007858276,-0.06510184705257416,1737,1884,331,169,0.142,0.1977459410308616,0.27975439885014597,1.0454397164297957,1.1413945176036677,0.2758952489808161,0.3730665805599473,0.021259071936837463,0.11345100658504133,0.17720942832529546,0.248760425299406,0.34680737406015394,0.4643393337726593,-0.04718435425311327,0.10788569450378414,-0.1376415014266968,0.026525586331263163
dpo__none,26,last_prompt,or_bench,0.014475995097431492,1.087464389866379,0.17184029989430452,-0.009873667500128087,0.013310518115758896,0.2832378149032593,-0.2611887454986572,-0.2649822235107422,1737,1884,67,433,0.034,-0.010775482436850151,0.05424259016874141,1.034300094482364,1.1485484730131885,0.10461257952395907,0.2507472929416356,-0.03880762487679081,0.03590004447202221,-0.010071044089272618,0.04881617985665795,0.15344558730721475,0.33364102393388745,-0.3384890243411064,-0.11347317863255742,-0.34345767721533776,-0.11604045070707807
dpo__none,26,last_prompt,xstest,0.041311997851617724,1.1398099407233937,0.19827626557838068,0.01127099657833831,0.03622084856033325,0.21251797676086426,0.0313454195857048,0.023663364350795746,1737,1884,40,209,0.028112449799196786,-0.0021091562561713607,0.09056532238384442,1.096416020084464,1.206156873458174,0.10776933285716539,0.2849451880490371,-0.030917542631197267,0.0648727639598623,-0.0018640815280377863,0.0795190382748842,0.116039146669209,0.24250386953353878,-0.056881858874112366,0.08846070282161232,-0.06516950130462647,0.08216127548366783
dpo__none,26,post_instr_0,all,0.38173849622780226,0.6179208733733594,0.6462376337788528,0.23888938287009748,0.5255740880966187,0.6524403095245361,0.30475232005119324,-0.04484688490629196,1737,1883,438,811,0.32265812650120096,0.360216698059395,0.4069353225310493,0.5984719152045823,0.6429399620133972,0.6140524927915703,0.675425640715644,0.21810911152166498,0.2672710492474027,0.5040813893079757,0.5467072382569312,0.606295545399189,0.660517044365406,0.23903427682816983,0.3611651904880999,-0.1017892587929964,0.02185128703713415
dpo__none,26,post_instr_0,false_reject,0.5770349497219824,0.7409091641218374,0.6975827563433348,0.3409324480814603,0.6144529581069946,0.6363390684127808,0.40003740787506104,0.01145440898835659,1737,1883,331,169,0.58,0.5466791810488333,0.6074408298505547,0.7191048320251949,0.7737713843193752,0.6599192214327789,0.7324103837485286,0.3077846666679778,0.3829945869920841,0.5930632814764977,0.633947440981865,0.5540090098977088,0.6256249606609344,0.2925203278660774,0.43675259575247766,-0.06667170431464911,0.0800825105980038
dpo__none,26,post_instr_0,or_bench,0.2934496014909268,0.8099031102399435,0.5397190108163581,0.25534326038439437,0.3406554162502289,0.5021681785583496,-0.15717926621437073,-0.34912747144699097,1737,1883,67,433,0.186,0.26677359048066435,0.3280144798742401,0.7847241285881498,0.8472091489994571,0.4677108816992503,0.6075173324235583,0.22872219208732752,0.2924326618211236,0.31366999372839927,0.37174783945083617,0.3503974437713623,0.522447073459625,-0.2862223878502846,-0.004320202558301416,-0.4410154767334461,-0.1757673017680646
dpo__none,26,post_instr_0,xstest,0.16686378100914237,0.7577439878203506,0.3997752901775861,0.12228742275500853,0.2150586098432541,0.39222782850265503,0.03613473102450371,-0.04937249422073364,1737,1883,40,209,0.08032128514056225,0.14483890803189703,0.20314694114790371,0.7380287837013049,0.8014248429507452,0.3348191527241798,0.4666806843390175,0.09728507282048543,0.1604312743995784,0.18208201080560685,0.2565258100628853,0.266726840287447,0.4286963179707527,-0.06278287349268794,0.13081119582056996,-0.144874631986022,0.06259954208508119
dpo__none,26,post_instr_1,all,0.2643332617160616,0.47419038779985495,0.661244922219312,0.049971606513493576,0.4869009852409363,0.8157915472984314,0.4192226529121399,0.025202110409736633,1737,1883,438,811,0.28502802241793435,0.24552145529874042,0.28602304018868646,0.46027078777428754,0.4928837117576164,0.6308082913055495,0.6926470187813321,0.031265197528433056,0.07446214570545336,0.45896167159080503,0.5137577533721923,0.7987150982022285,0.8219049155712127,0.37229329645633696,0.4558250159025192,-0.008982155122794211,0.05992902498692273
dpo__none,26,post_instr_1,false_reject,0.6159261120652758,0.6370056513469975,0.7660340463865257,0.3219276002106715,0.695111870765686,0.7743256688117981,0.5367509126663208,-0.0020754095166921616,1737,1883,331,169,0.63,0.590518211518798,0.642838269953944,0.62235472180915,0.6563897283808401,0.7343913275116232,0.8004347489472359,0.2846093793422226,0.36720067416452745,0.6752374202013016,0.7110331922769546,0.7325075790286064,0.7799993306398392,0.47668593302369117,0.5676825612783432,-0.05073189549148083,0.047118347231298645
dpo__none,26,post_instr_1,or_bench,0.024093534471476774,0.561477039705022,0.3631473493669404,-0.028369760539084105,0.04287152737379074,0.7194614410400391,-0.2274259328842163,-0.25850802659988403,1737,1883,67,433,0.062,0.002154019163104197,0.04802660701296425,0.5410693419061343,0.5857217555049983,0.2911961426259823,0.4424173505384116,-0.048940926213967006,-0.0037162308878340065,0.003719611815176905,0.08846269808709617,0.6392136558890342,0.7284892871975899,-0.3068165309727192,-0.1326828815042973,-0.32148021310567854,-0.17214300706982613
dpo__none,26,post_instr_1,xstest,0.04073271365563114,0.6207269218519138,0.29342826482020895,-0.0076300698484946345,0.06548015028238297,0.597234308719635,0.029728516936302185,-0.009398650377988815,1737,1883,40,209,0.040160642570281124,0.01920111305341726,0.0654861907603345,0.6064229896483034,0.644933220426641,0.22950283588671294,0.36811371490403844,-0.029795760597908953,0.018014551415566335,0.030417542392387985,0.10390698574483385,0.47176775634288787,0.6413354873657225,-0.03417322505265474,0.10288725830614565,-0.07242862600833178,0.06389676816761489
dpo__none,26,post_instr_2,all,0.0471002693885798,2.5094801754966385,0.12082106888758784,0.0072858936517684264,0.018765632063150406,0.20047448575496674,0.4910498857498169,0.4873736500740051,1737,1883,438,811,0.088871096877502,-0.9401864165848606,1.4761027703897902,1.3620250018794382,2.9077656860365737,-0.8978809220466436,1.609443289394076,-0.9640280958793953,1.3979079339382372,-0.5083942219614983,0.607111643254757,-0.26671617925167085,0.5824151575565337,-0.031287005310878156,0.6711384981870651,-0.12042444422841067,0.6729343771934508
dpo__none,26,post_instr_2,false_reject,0.23218626750647917,2.5257204718764807,0.09960419507185551,0.49185927837429777,0.09154273569583893,-0.32052046060562134,0.544312596321106,0.5760728120803833,1737,1883,331,169,0.102,-0.8421968661097708,1.6110097809839197,1.4354587087378035,2.8820214095251853,-0.9775393787091111,1.6220191143612581,-0.7092785641032856,1.6134916579347296,-0.4515552572906017,0.6665192395448684,-0.5623143807053566,0.318025916814804,0.12058516386896372,0.7575317740440368,0.1084136262536049,0.7831208482384682
dpo__none,26,post_instr_2,or_bench,-0.01510531679508331,2.532680567789561,0.15942859283544905,-0.042111902258043475,-0.005964040756225586,0.3887246251106262,0.2767699956893921,0.27909329533576965,1737,1883,67,433,0.092,-0.9394602039985754,1.4071067967251063,1.4249438972672064,3.0200024679805706,-0.9626710731038469,1.736637134547608,-0.9519720086661225,1.380210872327568,-0.49646095782518385,0.5892660081386559,-0.3601678587496281,0.6637148678302763,-0.43859245628118515,0.6724707126617431,-0.5977943956851959,0.6663281738758087
dpo__none,26,post_instr_2,xstest,-0.19964686003010088,2.743589285739334,0.2317264315817441,-0.2822063632661048,-0.0725766122341156,0.5183573365211487,-0.30356740951538086,-0.2666500210762024,1737,1883,40,209,0.05622489959839357,-1.2145823037075045,1.4250355072164818,1.4308461896093334,3.2128022221278183,-1.0578854825056032,1.625347591742501,-1.2631743081336184,1.3502843140226062,-0.5897915348410606,0.5280346050858497,-0.22961394898593424,0.6623150184750555,-0.4716060243546963,0.3455472610890864,-0.5425178438425065,0.36226566955447176
dpo__none,26,post_instr_3,all,0.3951282271120279,0.4300999314739323,0.700936146176386,0.22996935325791848,0.6765336990356445,0.8450034856796265,0.5424513816833496,-0.03968151658773422,1737,1883,438,811,0.3490792634107286,0.3775038019335907,0.41303616542566507,0.4183769243015792,0.44453823822353056,0.6750502691901418,0.7248566325954486,0.21043185642061,0.2512580403995588,0.6586973652243614,0.6930964276194572,0.8219715923070907,0.8566801369190216,0.5055615276098251,0.5758524894714355,-0.07590567953884601,-0.003522392292507006
dpo__none,26,post_instr_3,false_reject,0.6371063288968686,0.5266385588233362,0.7581324147716288,0.4000669420334441,0.7707637548446655,0.846122682094574,0.5603700876235962,-0.1440710425376892,1737,1883,331,169,0.666,0.6163094605224356,0.6625435310846677,0.5138399327041167,0.541402932830609,0.7324978754152824,0.7857987935353311,0.36870123394915244,0.43726008990374404,0.7568181738257408,0.7851195096969604,0.8055887147784233,0.8562060117721557,0.505588173866272,0.5947422474622727,-0.1893006905913353,-0.09810588639229552
dpo__none,26,post_instr_3,or_bench,0.2504714185087494,0.5451587148860776,0.5722381872191485,0.20068303737288662,0.4174906313419342,0.8058133125305176,0.02834378555417061,-0.33903607726097107,1737,1883,67,433,0.154,0.22603693063898572,0.2766834061379337,0.5283482426187396,0.5616322664230903,0.5026193429433105,0.6476754737900524,0.17558557168736644,0.2254705552603795,0.38048457354307175,0.45363401025533673,0.7397928357124328,0.8245286226272582,-0.05851959697902202,0.1130152478814125,-0.4075764939188957,-0.25738795101642614
dpo__none,26,post_instr_3,xstest,0.1997040227421353,0.5539373507826499,0.4432055517170077,0.15310086863256356,0.3391503095626831,0.736292839050293,0.31158947944641113,0.06577381491661072,1737,1883,40,209,0.10441767068273092,0.1783759109836496,0.22475747889192688,0.5408809249275488,0.5739032503982354,0.38687267381988505,0.5085459435164124,0.13022099731435738,0.17802812726709424,0.30474403128027916,0.3731364220380783,0.6230936452746392,0.7640653744339942,0.23033747263252735,0.3597176790237427,-0.008077977574430406,0.12805866263806814
dpo__none,26,post_instr_4,all,0.139943185670297,1.5578718055739527,0.3097433976125257,0.04823891325597703,0.08946945518255234,0.390398770570755,0.4313371777534485,0.3980046212673187,1737,1883,438,811,0.1433146517213771,-0.11600825241035455,0.5328004344331406,1.2754938172825474,1.7998340114640121,-0.0188041164436858,0.7516522036798775,-0.1852525844186005,0.413260856555694,-0.08374649602919816,0.2990582205355167,0.12542062439024448,0.5332687482237816,-0.028346565971150983,0.6807690262794494,-0.08164984136819839,0.6586742132902145
dpo__none,26,post_instr_4,false_reject,0.3300429121034242,1.7787589743516274,0.323139168482182,0.3435642216827677,0.18243294954299927,-0.020909544080495834,0.5934386253356934,0.60744708776474,1737,1883,331,169,0.208,0.025393569625463106,0.7335304558376076,1.459320931434913,2.0404974055210574,-0.0260643934311704,0.8150915477345592,0.04802477696725517,0.6113670711369015,0.01642065364867449,0.3691970020532607,-0.2511316083371639,0.32029346227645855,0.13188812155276539,0.6739106237888336,0.09071756955236197,0.6962764754891395
dpo__none,26,post_instr_4,or_bench,-0.012585437471730073,2.155817402046396,0.21485099535437205,-0.04777770870162238,-0.005837827920913696,0.49714481830596924,-0.1917804777622223,-0.18888144195079803,1737,1883,67,433,0.114,-0.3642325110199629,0.5409410744082163,1.7448622442552273,2.488409445545863,-0.26634113261309,0.7820714577007719,-0.4015464212844862,0.49967097867385224,-0.18750948943197726,0.2164244260638951,0.03596211401745677,0.5817707076668739,-0.7753729745745659,0.5309860378503798,-0.7835583060979843,0.5190346479415894
dpo__none,26,post_instr_4,xstest,0.06450052416364024,1.0363920479464617,0.3578381943270923,0.008359243611249685,0.06211546063423157,0.3671712875366211,-0.05662408098578453,-0.07958480715751648,1737,1883,40,209,0.07228915662650602,-0.03934442932530887,0.18562443521652489,0.9338215181531295,1.1688597513612689,0.1027213491260361,0.7370354290634094,-0.08367011544937472,0.13225686369918738,-0.03667133823037148,0.17967275418341158,0.06311199553310871,0.49263865128159523,-0.25117348581552507,0.21648048833012562,-0.2585522532463074,0.16514949351549124
dpo__none,26,post_instr_5,all,0.25134266385263065,0.4122230063541898,0.5882225196590705,0.06940260231980616,0.5205880999565125,0.7841452360153198,0.49626103043556213,0.10311966389417648,1737,1883,438,811,0.22497998398718974,0.23800420831131885,0.2669878030897244,0.3984331459515645,0.43051341203786314,0.5584974603095717,0.6211179564072088,0.057039174046697554,0.08593382694358137,0.4968682676553726,0.5417434394359588,0.7577431797981262,0.7982115149497986,0.44545444250106814,0.5417976349592208,0.05230574030429125,0.15311885178089138
dpo__none,26,post_instr_5,false_reject,0.470783747772211,0.5634743085030461,0.6329767864669672,0.15311565937082672,0.6411659717559814,0.8208908438682556,0.6168811917304993,0.11800059676170349,1737,1883,331,169,0.456,0.4476035339101535,0.49776370791512825,0.5483760079388137,0.5811548254776415,0.5999033131736438,0.6695184405817975,0.12874219318962143,0.18304848450628777,0.6196086198091507,0.6644921019673348,0.7848426178097725,0.8307246834039688,0.570789597928524,0.6429091483354569,0.06993500143289566,0.16363430991768818
dpo__none,26,post_instr_5,or_bench,0.08959678080480776,0.5148575587519548,0.45241738926336833,0.03345595272483641,0.1714458167552948,0.7572906017303467,-0.10537584871053696,-0.2387450933456421,1737,1883,67,433,0.066,0.07141763376688882,0.11036478068616286,0.4931853149575388,0.5410715448172723,0.3753850544898486,0.5378005780632761,0.01739094733265275,0.05249175478684177,0.13537133410573005,0.21174980998039242,0.6733775705099105,0.7843839675188065,-0.1849842831492424,-0.015931758889928493,-0.30813616439700126,-0.15528345629572882
dpo__none,26,post_instr_5,xstest,0.13548886265876592,0.46023705208250854,0.44535468966800235,0.07618440498647383,0.282406210899353,0.6761597990989685,0.20089417695999146,0.010364335030317307,1737,1883,40,209,0.08032128514056225,0.1149348075439811,0.1589316437518716,0.44755513019726373,0.4848793739067943,0.37458243979849076,0.5373055932913372,0.056009659487118356,0.09826059244529964,0.24201759994029998,0.3212535925209522,0.5606013357639312,0.6944393455982208,0.09665922466665507,0.2719953738152979,-0.06383489966392517,0.08145309891551725
dpo__none,26,post_instr_6,all,0.23935174347866717,0.4263035338832257,0.5748596640078313,0.058152649104967716,0.4895712733268738,0.780997633934021,0.4631679654121399,0.09268039464950562,1737,1883,438,811,0.2177742193755004,0.22515301412136468,0.2552382764529279,0.41199078653515553,0.44741983467592894,0.5442875603161491,0.6069277534896612,0.04507281731870935,0.0735279286850249,0.466288135945797,0.51253060400486,0.7526999518275261,0.7945067778229713,0.4118962913751602,0.512095296382904,0.04121587993577123,0.14029144495725618
dpo__none,26,post_instr_6,false_reject,0.46467946398914134,0.5760127465046444,0.6275136264929927,0.145755663171413,0.6278777718544006,0.8106697797775269,0.5914410948753357,0.10592097789049149,1737,1883,331,169,0.452,0.4416104667655006,0.49192817595713806,0.5590187165579903,0.594840965990375,0.5953425979206718,0.6649629994272862,0.12193129332116237,0.1762023394850281,0.6053071260452271,0.6512916922569275,0.7744297295808792,0.8206114217638969,0.5412393555045127,0.6199713423848152,0.058389590959995984,0.1552057307213544
dpo__none,26,post_instr_6,or_bench,0.07587125358184084,0.5338190286333209,0.4298305235293519,0.02110157045852189,0.14071497321128845,0.7395907044410706,-0.1292625367641449,-0.2356790006160736,1737,1883,67,433,0.058,0.058594061407628205,0.09548206450623806,0.5117102158344875,0.5637493092998175,0.35139635457354235,0.5109092716939942,0.005852317693932753,0.03815633697472213,0.10848368834704161,0.17486441694200036,0.652340766787529,0.7669822692871093,-0.2280429992824793,-0.03262148173525932,-0.3233835868537426,-0.14561841338872922
dpo__none,26,post_instr_6,xstest,0.11516061265785775,0.4590815151855248,0.38207199025905836,0.06407709134630954,0.24331152439117432,0.626217246055603,0.16761872172355652,0.015725411474704742,1737,1883,40,209,0.06827309236947791,0.09767354392418663,0.13643076528011933,0.4455382270903318,0.48724482249997797,0.31795457148806616,0.4528791088278837,0.04533207841872061,0.08459264447163352,0.2058332659304142,0.279265159368515,0.4993999645113945,0.6485421031713485,0.05399418985471129,0.2505272187292576,-0.08046574480831623,0.10539729408919798
dpo__none,26,first_gen,all,0.2210735898530921,0.19620014594049842,0.6503561761726923,-0.01077076798358313,0.7479293942451477,0.8846446871757507,0.7424572706222534,0.12173561006784439,1737,1884,438,811,0.20656525220176142,0.2041513352891624,0.24110003849446346,0.19157472030983544,0.20830067253184262,0.6000331968858301,0.7015565848379214,-0.019620072555499055,0.0002674387505803537,0.7112400755286217,0.7676908552646636,0.8679845482110977,0.8921254634857178,0.6877379566431046,0.764646315574646,0.07983708791434765,0.1453479804098606
dpo__none,26,first_gen,false_reject,0.46135351811734326,0.30515708969221844,0.6903036476601767,0.012936393872082912,0.8340573310852051,0.8836233615875244,0.8553911447525024,0.21461546421051025,1737,1884,331,169,0.402,0.42592412740384616,0.4992276067523905,0.2956018502456493,0.32564187834406166,0.6392994941990298,0.746423624689482,-0.011211380671363314,0.040844708575784754,0.810564224421978,0.8505940333008766,0.8592508882284164,0.8898293554782867,0.8093397110700608,0.8686337843537331,0.16235642731189728,0.24250954836606978
dpo__none,26,first_gen,or_bench,0.05551691671720085,0.30707767354014726,0.5513008621590565,-0.021197917547683836,0.17790701985359192,0.8487114310264587,-0.07640842348337173,-0.2310865968465805,1737,1884,67,433,0.074,0.03893606070302176,0.07430432837177305,0.28453455581325166,0.33768123224899677,0.4479418329363296,0.6755938958317742,-0.030387336835421587,-0.010207983085317514,0.1208867071196437,0.23635832779109478,0.7794519126415252,0.8668480530381203,-0.19343199543654918,0.03540725475177156,-0.30092414692044256,-0.1535325177013874
dpo__none,26,first_gen,xstest,0.07102685346123018,0.2609008371315515,0.48570828914247766,-0.008338014672368204,0.26267701387405396,0.7553890943527222,0.14170388877391815,-0.05878373980522156,1737,1884,40,209,0.08032128514056225,0.0480431308523553,0.10245704241166834,0.25639288989195885,0.28954573532307837,0.35080789116718986,0.6536540850174767,-0.018872699740024427,0.004839532359392138,0.16678886860609055,0.35234577804803846,0.6596702709794044,0.7750399962067605,-0.0016035538632422678,0.2545089401304722,-0.1350195176899433,0.014262810465879728
dpo__none,31,last_prompt,all,-0.15877613936141238,0.7701660659525155,-0.018895913751370917,-0.23432174902949066,-0.20191214978694916,0.4782629609107971,-0.038833510130643845,0.058947715908288956,1737,1884,438,811,0.021617293835068056,-0.18692734658966698,-0.12230124656673495,0.7189006261588948,0.8289986451533179,-0.06237155015957486,0.026387916537816573,-0.26051245997898964,-0.1951231143430465,-0.2308346576988697,-0.16110587529838089,0.3811299718916416,0.5227014675736427,-0.11390661578625441,0.05500897485762832,-0.020113653875887393,0.14109403751790517
dpo__none,31,last_prompt,false_reject,-0.04999532390814406,0.8869351306229374,0.012291189995287553,-0.17198848412960935,-0.05627929046750069,0.45486563444137573,-0.04051052778959274,-0.014934662729501724,1737,1884,331,169,0.044,-0.08693010545447193,-0.0012224064941373642,0.8347588107606635,0.946209641464751,-0.031532592516668796,0.07355877047459682,-0.21364703161615387,-0.11765038241464355,-0.09732531495392323,-0.0013443539850413995,0.29711603596806524,0.5014955192804336,-0.13251154012978078,0.06334885666146865,-0.12139854375272989,0.07790441680699586
dpo__none,31,last_prompt,or_bench,-0.2653569651209745,0.8703236985537431,-0.14693780834344966,-0.28368045053553675,-0.29164019227027893,0.2823812961578369,-0.2986941337585449,-0.226172536611557,1737,1884,67,433,0.01,-0.2923270868350363,-0.22541579356376212,0.808779870427222,0.94033188522396,-0.20621671738404296,-0.06050518026077091,-0.31388252217758134,-0.2388901336815004,-0.3155226431787014,-0.2523758411407471,0.1312262374907732,0.3688592709600925,-0.38052977025508883,-0.13951001912355437,-0.3134396329522133,-0.07814621962606913
dpo__none,31,last_prompt,xstest,-0.16319363722569813,0.913509533728873,-0.06249898794481135,-0.1824653111932383,-0.17586053907871246,0.18865083158016205,-0.01191367581486702,0.021599171683192253,1737,1884,40,209,0.0,-0.19771995501094264,-0.12280326607674091,0.856963868489619,0.9890181571503898,-0.1105062522578347,-0.008483174620015825,-0.21925627180409069,-0.14094678066249156,-0.20939027182757855,-0.13349481485784057,0.10833785254508257,0.20402747914195057,-0.12334590330719948,0.09990306571125972,-0.09589697066694498,0.12796415090560906
dpo__none,31,post_instr_0,all,0.3183428275352028,0.6321381321005967,0.5970839834610462,0.1678020344507411,0.44978177547454834,0.6421226263046265,0.2030334770679474,-0.09604516625404358,1737,1883,438,811,0.266613290632506,0.2983664858086897,0.34417048105548637,0.6109219022825744,0.6615010576238723,0.5620313125956218,0.6263374347571447,0.14946785821814593,0.19813814615782757,0.4258723869919777,0.47323389202356336,0.5922576233744621,0.6500069126486778,0.1370507761836052,0.26813612803816794,-0.1503774505108595,-0.03137932084500793
dpo__none,31,post_instr_0,false_reject,0.5194591773922362,0.7439159348259776,0.6469793971636963,0.2697008071670768,0.5725137591362,0.6424379348754883,0.3868183493614197,0.023190557956695557,1737,1883,331,169,0.492,0.4913520408947667,0.549580679821488,0.7275750978260569,0.7754026913794583,0.6120807890390625,0.6843753322075398,0.23848924732552026,0.3081966598024637,0.5510151982307434,0.5938014566898346,0.5558281540870667,0.6333039462566376,0.2925014905631542,0.41886873841285704,-0.04984822934493422,0.0914726756513118
dpo__none,31,post_instr_0,or_bench,0.21595394955353386,0.8424203784233978,0.5047342459970093,0.17126969388764318,0.24832004308700562,0.5370205640792847,-0.2727072536945343,-0.41919010877609253,1737,1883,67,433,0.136,0.18767745912932926,0.250861017422866,0.8133931313734938,0.8884822257360423,0.4249605297439495,0.573173006480393,0.14527853487740724,0.20756938103490127,0.21449814662337302,0.2859355203807354,0.38092187270522115,0.5574808925390242,-0.3575217343866825,-0.13639067970216281,-0.47336690276861193,-0.2750949159264565
dpo__none,31,post_instr_0,xstest,0.12009490634470522,0.7943739875000485,0.3388852517821003,0.07822114909119895,0.14948320388793945,0.3369491398334503,0.08435949683189392,0.03437751531600952,1737,1883,40,209,0.07630522088353414,0.09776876022939658,0.15629103188794194,0.7759077319723401,0.8378434253040219,0.2696242399753059,0.42068253413655693,0.055798670954191915,0.11495553864450887,0.11797556336969137,0.19017187952995301,0.22042378298938275,0.36798945888876905,-0.01702405847609043,0.17273703031241894,-0.06557011250406504,0.13199502527713763
dpo__none,31,post_instr_1,all,0.23837894182760666,0.4705018494201069,0.6224404110524957,0.030957330543345513,0.4519517123699188,0.7689776420593262,0.35747477412223816,0.011136259883642197,1737,1883,438,811,0.2714171337069656,0.2210359597349903,0.25930034149355713,0.45710122867471115,0.48977912167456383,0.5913547116804783,0.6519176619270044,0.011598693929185576,0.056428378528591304,0.42024166136980057,0.48184216171503064,0.7477991491556167,0.7776540353894233,0.30629888996481897,0.3967744506895542,-0.02503836848773062,0.046025412715971464
dpo__none,31,post_instr_1,false_reject,0.580429561578217,0.6412451217006294,0.7240843476104892,0.299070210922612,0.671075701713562,0.7033969163894653,0.5255414247512817,0.07217384874820709,1737,1883,331,169,0.6,0.5535691888568534,0.6077837252806865,0.6259717847230708,0.663398109739654,0.6914282799224579,0.7587989198188108,0.25928384215235806,0.34353614272105937,0.648516096174717,0.6895849764347076,0.655101728439331,0.7113526955246925,0.4612981863319874,0.5553144410252571,0.02101727752014995,0.12113407626748084
dpo__none,31,post_instr_1,or_bench,-0.003442962874079501,0.5751649992035418,0.3236192366676314,-0.05405074416582962,-0.005985944531857967,0.6818078756332397,-0.28099238872528076,-0.2769160568714142,1737,1883,67,433,0.058,-0.02431164900557159,0.02202859969372849,0.5542088443898773,0.6018253873988372,0.2559556061892079,0.39993090338134546,-0.0752097474109996,-0.0291602786350884,-0.0415430897846818,0.03883122410625213,0.5942897275090218,0.694077256321907,-0.34727791100740435,-0.17638251334428798,-0.33260414004325867,-0.1848319455981255
dpo__none,31,post_instr_1,xstest,0.037116487166855235,0.6482567128818112,0.2818625418613245,-0.00972487465218183,0.05716222897171974,0.5486039519309998,-0.011406471021473408,-0.04283590614795685,1737,1883,40,209,0.040160642570281124,0.014786701300370526,0.06331194269401572,0.6311518742916928,0.6777596768340411,0.21849727165688412,0.35954358686747595,-0.03374780463196046,0.017820846123907073,0.02279729307629168,0.09584540445357562,0.4131056897342205,0.5901035159826279,-0.07656957190483808,0.07672374825924623,-0.10665338151156901,0.047184873651713054
dpo__none,31,post_instr_2,all,0.30361635815355065,0.557937928030677,0.6504994364777371,0.1162738280143033,0.47798633575439453,0.7352414131164551,0.299439400434494,-0.059196095913648605,1737,1883,438,811,0.3034427542033627,0.2787568637669111,0.3351756459339865,0.5312828313891728,0.5934486827015988,0.6158334031185687,0.685206289135016,0.0942789985988638,0.14851740176760836,0.4386763498187065,0.517645363509655,0.6981725409626961,0.7438121914863586,0.23102955743670464,0.3623881593346594,-0.12356142736971379,-0.0012533210916444706
dpo__none,31,post_instr_2,false_reject,0.6170668287649452,0.6797667508490224,0.7469741774846357,0.36263290364310113,0.6721341609954834,0.6407680511474609,0.4820478856563568,0.06937290728092194,1737,1883,331,169,0.638,0.591299259123047,0.6462229937488851,0.6587564305099746,0.7102303746088242,0.7092017669707628,0.7831491883181686,0.3220052165067192,0.4132679596007103,0.6458839237689972,0.6929276555776596,0.5072747528553009,0.6811969742178916,0.393477912992239,0.5090078204870223,-0.007306858291849494,0.13892183043062684
dpo__none,31,post_instr_2,or_bench,0.12179648139294916,0.7192558051941786,0.41160063577425365,0.07695381199556105,0.1669599711894989,0.6214849948883057,-0.1883164942264557,-0.2962377071380615,1737,1883,67,433,0.098,0.0942405359875237,0.15315616631358728,0.6777693863184528,0.7648757695673938,0.33394761524571587,0.4920278848864859,0.049476127317627634,0.10971332940239995,0.12964958101511,0.21140087582170963,0.4839218445122242,0.6340015918016434,-0.3224550776183605,-0.03703720644116442,-0.4250908881425858,-0.14665000177919885
dpo__none,31,post_instr_2,xstest,0.03929784287787899,0.7762706149770323,0.25232634104237556,-0.0014731618466224357,0.050559151917696,0.4348428249359131,-0.16178904473781586,-0.1840096414089203,1737,1883,40,209,0.04417670682730924,0.00952611651023713,0.07899179826441015,0.7388475256554842,0.8320080606592547,0.19079572664838018,0.3305329859186438,-0.031780777156816466,0.036977823798201935,0.01216347471345216,0.10199399720877407,0.2915829546749592,0.48380568325519563,-0.24903074093163013,-0.006751761608757194,-0.2661183260381222,-0.031634227093309174
dpo__none,31,post_instr_3,all,0.40339008757104916,0.43730413779974225,0.7220873078875054,0.23127000788378604,0.6780303120613098,0.8554755449295044,0.5605525374412537,-0.026510005816817284,1737,1883,438,811,0.36829463570856685,0.38610941185068115,0.4228880221666203,0.42541095495715164,0.4528916584262894,0.6957184055092929,0.7441374738071919,0.21144454995828493,0.2546837304841015,0.6596724390983582,0.6951936453580856,0.8347821921110153,0.864906057715416,0.5214312493801116,0.5919423207640647,-0.06458930112421513,0.01056824733968818
dpo__none,31,post_instr_3,false_reject,0.6697390707686185,0.5344787612341431,0.789644877271078,0.4348939961433026,0.7816153764724731,0.829115629196167,0.5604885816574097,-0.14037589728832245,1737,1883,331,169,0.73,0.6489486828847693,0.692996414079613,0.5204110582837121,0.551020519744678,0.7609747029716348,0.817470085272139,0.39932231626266773,0.47698057586606224,0.7685408741235733,0.7948360607028008,0.780229252576828,0.8420087933540344,0.5025606140494346,0.5936855763196945,-0.18465474396944045,-0.08925991468131543
dpo__none,31,post_instr_3,or_bench,0.24740447005476265,0.5501129778338328,0.567844859891513,0.1978213242837036,0.41016286611557007,0.7986494302749634,0.03588283061981201,-0.3198350667953491,1737,1883,67,433,0.15,0.222303848614758,0.2723134607695231,0.534167013801904,0.5673301891072816,0.4967081691627417,0.6460868481218259,0.17277478307432495,0.22212350432861672,0.3729403093457222,0.44672907143831253,0.7177610039710999,0.8239259839057922,-0.07184578850865364,0.13052553534507744,-0.393042254447937,-0.23862688504159452
dpo__none,31,post_instr_3,xstest,0.18177697285936656,0.5585830248313641,0.4214048322850698,0.13591517750944707,0.309451699256897,0.7340459227561951,0.2763635516166687,0.051752060651779175,1737,1883,40,209,0.08032128514056225,0.15870459027399395,0.21077248124383793,0.5456170446456332,0.5791421583207497,0.361604096689116,0.4945308182605683,0.11182094879225082,0.1633819015653579,0.2723589837551117,0.34710402712225913,0.6068724736571312,0.7660801649093627,0.19954729825258255,0.32098139524459834,-0.014480910520069301,0.11415587961673732
dpo__none,31,post_instr_4,all,0.3754171715335707,0.5150173900244848,0.7029328996555798,0.19853445337942544,0.5890529155731201,0.7587925791740417,0.5253075361251831,0.0969422310590744,1737,1883,438,811,0.3386709367493995,0.35761198352756934,0.39633443799223667,0.49770020688462635,0.5387589405861539,0.6727025650256999,0.7288027757330818,0.1794571764862801,0.224386312223884,0.5680758118629455,0.60902541577816,0.7274356037378311,0.7666398301720619,0.4746503114700317,0.55724508613348,0.04839625544846058,0.13929175212979317
dpo__none,31,post_instr_4,false_reject,0.6589220753437308,0.7061753859239441,0.7844081542411715,0.4131476373871088,0.6822214722633362,0.7424967885017395,0.5351942777633667,0.039181098341941833,1737,1883,331,169,0.688,0.633485975847619,0.6858587874186631,0.6861335184614958,0.7341923218423964,0.7481241574221122,0.8177275450015088,0.3817235135897332,0.4515391332657185,0.6641145810484886,0.6997046962380409,0.6722299486398697,0.7389957502484321,0.439318111538887,0.5714695289731025,-0.046804903727024796,0.1148842446506022
dpo__none,31,post_instr_4,or_bench,0.20577510693498058,0.6414238589999098,0.4820089333675947,0.16303222997712769,0.3054751753807068,0.6811821460723877,-0.01999438740313053,-0.23952803015708923,1737,1883,67,433,0.118,0.18359770636788342,0.23015873832757142,0.6203516843524013,0.6644697655410765,0.41855320730243967,0.549376347288632,0.1431884045251511,0.1848850335508417,0.27416214123368265,0.33846713081002233,0.5503881052136421,0.6977456390857696,-0.13455620892345904,0.07826718278229233,-0.3178329035639763,-0.12785579971969138
dpo__none,31,post_instr_4,xstest,0.14677689856965687,0.6757569576560393,0.39877277043731046,0.09854804254252918,0.2122545838356018,0.5326229333877563,0.21469971537590027,0.1040181964635849,1737,1883,40,209,0.08032128514056225,0.12183872994225192,0.17907793915756734,0.6555089153195341,0.7090576306389166,0.3330299135512604,0.4795240660803093,0.07674067838046615,0.1297077814856652,0.17417524568736553,0.2521875873208046,0.4046924695372581,0.5629505679011345,0.1229954019188881,0.283878543972969,0.01955925519578159,0.18705966658890244
dpo__none,31,post_instr_5,all,0.2561586685003802,0.4485294136665697,0.5820154094764862,0.0801719392282881,0.4959290027618408,0.7366209626197815,0.45197904109954834,0.09980542957782745,1737,1883,438,811,0.22658126501200962,0.24171017645200787,0.27317386626376605,0.43508348632108124,0.46724931974893374,0.5529280177664766,0.6143385437513729,0.066283394487223,0.09868155512691983,0.4720850095152855,0.5183516412973403,0.7062040805816651,0.753179931640625,0.4028946191072464,0.4939304195344448,0.04949047435075045,0.14343710131943224
dpo__none,31,post_instr_5,false_reject,0.47388006307740493,0.6225713779189914,0.6265887153626327,0.17478798168473125,0.6056711673736572,0.7794923782348633,0.5561554431915283,0.10561498999595642,1737,1883,331,169,0.458,0.45052726937698034,0.5015319639411843,0.6052529781283131,0.6422058010676369,0.5951185910686737,0.6623858771170346,0.14908481276920293,0.20740281734609886,0.5830952316522598,0.6297443449497222,0.7316486030817032,0.7884510725736618,0.49699635431170464,0.5840530514717102,0.04744210373610258,0.15617678016424166
dpo__none,31,post_instr_5,or_bench,0.09222354955230472,0.5748976365085962,0.45232880887463145,0.03650287495576636,0.1583922803401947,0.7263228297233582,-0.13163192570209503,-0.24982962012290955,1737,1883,67,433,0.07,0.07358453602790374,0.11373525573474205,0.5539145163908745,0.6032058122730839,0.3801376288715086,0.5314127279213263,0.020049362219271342,0.05693682942042529,0.12807783670723438,0.19387734755873678,0.6363453418016434,0.7478730246424675,-0.20615440383553504,-0.048518861550837844,-0.31380229368805884,-0.1682748526334763
dpo__none,31,post_instr_5,xstest,0.14815417514766877,0.4820362019613309,0.43039645816721656,0.09413649578082657,0.29378753900527954,0.5919342041015625,0.16497603058815002,-0.009338968433439732,1737,1883,40,209,0.07630522088353414,0.12994872434632967,0.1711512283656072,0.4731590924837035,0.5067549813597195,0.36141966893014,0.5130422199957135,0.07411773532033208,0.11652739638337664,0.2554000973701477,0.3298962622880935,0.4717060521245003,0.6141528189182281,0.07222990170121193,0.2250847358256578,-0.08014230262488127,0.05463352426886555
dpo__none,31,post_instr_6,all,0.24409635002481758,0.46171084034665194,0.5703960653904739,0.06787034679371526,0.46738097071647644,0.7047164440155029,0.38973528146743774,0.06828097999095917,1737,1883,438,811,0.22177742193755004,0.22976279964616825,0.26133243574957193,0.4472275681212347,0.48304814603662977,0.5397517376660791,0.602624155915417,0.054631241417449926,0.08637170848976891,0.4413131758570671,0.4893470540642738,0.6704305797815323,0.7251940861344337,0.33076178282499313,0.4403941586613655,0.011950918938964607,0.11732952874153851
dpo__none,31,post_instr_6,false_reject,0.46408423233088225,0.6453393822566247,0.6211494046475554,0.15645962082316836,0.5838404893875122,0.7720640897750854,0.5485652685165405,0.12046656757593155,1737,1883,331,169,0.456,0.4407014283492566,0.4927942140633478,0.6255304855427782,0.6671910960006259,0.5897686101917522,0.6590595670382179,0.13172435461626897,0.1899134235304698,0.5606213957071304,0.6083645820617676,0.7264790147542953,0.7801261216402053,0.48866344168782233,0.5766505867242813,0.06230221148580313,0.17031471431255338
dpo__none,31,post_instr_6,or_bench,0.08401140197332665,0.6108622452531345,0.4335030186095234,0.02993302356940542,0.13624674081802368,0.6933998465538025,-0.20087453722953796,-0.29812806844711304,1737,1883,67,433,0.062,0.06749083195833841,0.10570843804797864,0.5893926692262724,0.6422784544580579,0.3611308733860736,0.5115587773959493,0.01357374893327028,0.049124055940478334,0.10915761813521385,0.1685739520937204,0.6007736057043076,0.718679778277874,-0.2932687997817993,-0.10235487855970864,-0.37743612602353094,-0.2109362706542016
dpo__none,31,post_instr_6,xstest,0.1238093965864598,0.4878555507518962,0.3797088057928417,0.07483343926167974,0.24598507583141327,0.5523096919059753,0.1534440815448761,0.01814154163002968,1737,1883,40,209,0.07228915662650602,0.10750921727606427,0.14520381634538893,0.47711131860071204,0.5171113117714122,0.3213964774998136,0.44833593822409995,0.05748691261314034,0.09696791468721869,0.21165915243327618,0.281001579761505,0.42251639887690545,0.5747279971837997,0.05042046755552292,0.22033538334071628,-0.06481601409614086,0.10282269548624749
dpo__none,31,first_gen,all,0.21228461708460397,0.20844441592886315,0.6601262875685655,-0.02958301583843716,0.7135311365127563,0.8937589526176453,0.6489288806915283,0.01599147729575634,1737,1884,438,811,0.20656525220176142,0.1937692750975302,0.2318399961678359,0.2037969855502284,0.2232032928242844,0.6046094444284381,0.7144167556707283,-0.041428203830044384,-0.01377927249758156,0.6659817487001419,0.7367124378681182,0.8743722975254059,0.9020016208291054,0.5730142548680306,0.682252225279808,-0.031819770019501446,0.04524951213970779
dpo__none,31,first_gen,false_reject,0.4583867991060437,0.30165069117351034,0.6953416602379533,-0.005708374330502177,0.8353497385978699,0.8888439536094666,0.8016767501831055,0.10765735805034637,1737,1884,331,169,0.402,0.4211746671687742,0.5024626421670618,0.2915595689725238,0.3220135882408839,0.6422591548761363,0.7537902983067265,-0.035936094089122975,0.028283705729530362,0.8060034096240998,0.8550966531038284,0.8605433568358422,0.8934650912880897,0.7442776054143906,0.8213860869407653,0.048215219378471376,0.14236281663179398
dpo__none,31,first_gen,or_bench,0.035044209161066306,0.3711684144076533,0.5741757086375741,-0.048377978081108663,0.09399788826704025,0.8445280194282532,-0.2472512274980545,-0.3280877470970154,1737,1884,67,433,0.074,0.016437166652485874,0.05678120981117911,0.34079400682581845,0.40825836034902446,0.46438190506839033,0.7042001269514093,-0.06052162093813017,-0.03139362389734479,0.04247962795197964,0.15585748217999928,0.7658484727144241,0.869865770637989,-0.3520536057651043,-0.11202532257884745,-0.40137592107057574,-0.24443604312837125
dpo__none,31,first_gen,xstest,0.07400791054888024,0.3031790372568698,0.5126854094005392,-0.009949500578032495,0.2371431142091751,0.7911679744720459,0.04045230895280838,-0.1514890342950821,1737,1884,40,209,0.08032128514056225,0.04619616210318614,0.10753278697616393,0.2923942028100412,0.3405032990178034,0.35592349944527457,0.7087740405547442,-0.0274362239040415,0.009682522640322759,0.14260746985673906,0.33424252793192866,0.6687139749526978,0.8140200972557068,-0.09072689693421125,0.142818334326148,-0.21966593563556672,-0.08001883402466776
final__none,8,last_prompt,all,0.037047828006060546,1.0569194944042066,0.16611391946731202,-0.02787349723320497,0.03503112494945526,0.3491886258125305,0.2583596706390381,0.24627840518951416,1736,1884,418,831,0.02802241793434748,0.004130193476692602,0.09240187055953095,0.9898542148558858,1.1281691384824677,0.12335582863996986,0.23198960200238455,-0.0643059930858413,0.022647352315874572,0.003938348009251059,0.08359531965106724,0.2693601489067078,0.39932550638914105,0.17406680062413216,0.32156603187322613,0.15729269720613956,0.31129777580499646
final__none,8,last_prompt,false_reject,0.13584375905429164,1.3362276472449348,0.1950810210615104,0.03355430047369017,0.10114084184169769,0.38155096769332886,0.0024070474319159985,-0.03636983782052994,1736,1884,316,183,0.056112224448897796,0.08853304853236667,0.19302637633295813,1.263240121555336,1.4139700664470418,0.14352865954860256,0.2590472346658453,-0.014929062926800336,0.09867324016532879,0.06634678468108177,0.1433834061026573,0.2452542409300804,0.41915676817297903,-0.11302691269665957,0.12916247323155394,-0.16101723462343215,0.10328881423920365
final__none,8,last_prompt,or_bench,-0.005850400952167618,1.247989968017289,0.09023968686039412,-0.019703228510314256,-0.004687818698585033,0.24834413826465607,-0.21706557273864746,-0.21590374410152435,1736,1884,63,437,0.014,-0.03830590253094576,0.047032274058646066,1.1697489019480596,1.3148157556481983,0.033094719542229686,0.16768682721305955,-0.051366187852105165,0.038477191810413175,-0.03140391753986478,0.03665389968082308,0.09787829853594303,0.3142599485814571,-0.31068713441491125,-0.04468336924910553,-0.31008259057998655,-0.04492774344980746
final__none,8,last_prompt,xstest,-0.07435233569017326,1.2682011368824535,0.05397230864921312,-0.09807112997916821,-0.05852769687771797,0.17901955544948578,0.06587838381528854,0.07648709416389465,1736,1884,39,211,0.0,-0.11472788774249883,-0.006985670147694315,1.1961445200242995,1.3435705713297996,-0.01526497683289817,0.13959176878804222,-0.14301973719545344,-0.02758296153770702,-0.09507831186056137,-0.005584395444020649,0.07961907237768173,0.23407215513288973,-0.02938677971251309,0.13871519938111304,-0.020891578961163757,0.1480928521603345
final__none,8,post_instr_0,all,0.43040575975921197,0.9868548200491241,0.5627918053126848,0.36381439177118846,0.3997713625431061,0.35896825790405273,0.35437747836112976,0.23005542159080505,1736,1883,418,831,0.37710168134507605,0.38778593369699527,0.47791126875891365,0.9497723796464455,1.0248880422418873,0.5157111313501747,0.6129855566261162,0.3215218951377553,0.4101802006349889,0.3663626030087471,0.4351235151290893,0.2979965053498745,0.394389496743679,0.2843017980456352,0.4113926783204079,0.15435248240828514,0.30270701348781576
final__none,8,post_instr_0,false_reject,0.5299630687893923,1.292963609493586,0.5985078812005434,0.41160163965297086,0.37926018238067627,0.4499053359031677,0.06485871225595474,-0.11431276798248291,1736,1883,316,183,0.49899799599198397,0.48555982346233545,0.5762247039888483,1.2372565984946535,1.3419558529195321,0.5463003302637256,0.6514444963198243,0.36489137698957347,0.46241308835446376,0.35138035342097285,0.40875153392553326,0.3483132369816303,0.4768374145030975,-0.042055558506399394,0.16078166626393792,-0.21054326333105564,0.003434980567544684
final__none,8,post_instr_0,or_bench,0.4430568812980412,1.1243683972568885,0.5469538237995194,0.4280786394186617,0.3666132986545563,0.2988066077232361,-0.22177155315876007,-0.35611289739608765,1736,1883,63,437,0.362,0.40327132928632653,0.4886085526143551,1.0856170593891954,1.1673171028020068,0.4826405519073398,0.6011847596475984,0.38960306581159765,0.47618910307246753,0.33791294097900393,0.3982323758304119,0.1504933837801218,0.3621040359139442,-0.3086883768439293,-0.053716218750923875,-0.4266607530415058,-0.16998593173921123
final__none,8,post_instr_0,xstest,0.2063868752673326,1.2570276372176397,0.29898459319056725,0.18927165580693556,0.16201716661453247,0.17093685269355774,0.04461878538131714,0.017150674015283585,1736,1883,39,211,0.164,0.14082626848345753,0.27336651479725166,1.2070396655922178,1.3071108606026998,0.19674785264038033,0.4141512320378972,0.12405899183789017,0.25650839268010567,0.10986011140048504,0.20977804064750669,0.02929622507654131,0.2949999086558818,-0.05572386439889669,0.14365143738687033,-0.0749694162979722,0.10977616403251877
final__none,8,post_instr_1,all,0.3882396246578752,1.021821423216474,0.5243696084169124,0.3197651373179063,0.35517579317092896,0.35596805810928345,0.3713919520378113,0.26204627752304077,1736,1883,418,831,0.32746196957566054,0.3421965842805832,0.4374984705272757,0.9812163584659924,1.0614069539150084,0.4688476146152902,0.5768560733008302,0.2706205281958504,0.368629459540068,0.317563334107399,0.3952236331999302,0.29474771618843076,0.3945641346275806,0.2934041261672974,0.430536787211895,0.1809186555445194,0.32973129078745833
final__none,8,post_instr_1,false_reject,0.4969391339318867,1.3350996955402767,0.559922492859222,0.38818106102138067,0.34883105754852295,0.43518126010894775,0.11542350053787231,-0.038819655776023865,1736,1883,316,183,0.46292585170340683,0.44315784195498903,0.5415052556187818,1.2835337771519408,1.3771794894900204,0.5054639563982932,0.6114103456222499,0.32733254850387394,0.4413562519561488,0.31698313653469085,0.37960023134946824,0.3183809883892536,0.480188874900341,0.02695915983058512,0.18147183991968627,-0.11983557976782322,0.05007961057126516
final__none,8,post_instr_1,or_bench,0.3957578841697412,1.1047833972675172,0.5121722364906355,0.37897506307644363,0.3372374176979065,0.35246801376342773,-0.22867219150066376,-0.36916327476501465,1736,1883,63,437,0.33,0.3494340219587932,0.4376770650338656,1.059754510990302,1.149347748616688,0.43579367742266745,0.5789845163045472,0.3326379253677805,0.4236600974921556,0.3018068760633469,0.3726089425384998,0.16797818914055823,0.4207562871277331,-0.33240232318639756,-0.009883686481043825,-0.47000306025147437,-0.08732976950705076
final__none,8,post_instr_1,xstest,0.1562389269084674,1.4056078253156066,0.2560036727307137,0.13779898311413005,0.1104736179113388,0.20907652378082275,0.08073049783706665,0.0579879991710186,1736,1883,39,211,0.052,0.08216658057867368,0.23052188411421623,1.3461785273401408,1.459490914393427,0.1722179013322289,0.35802195849553936,0.06186476521430447,0.2105729498720183,0.06096153967082501,0.15897751785814762,0.08621377646923065,0.30163506641983984,-0.022760539967566724,0.18684408552944654,-0.03891788590699434,0.16239686161279676
final__none,8,post_instr_2,all,0.5566769017359303,1.2645151859739792,0.6730800400517019,0.4981250447372903,0.4029146432876587,0.21442247927188873,0.15427736937999725,0.07417028397321701,1736,1883,418,831,0.5708566853482786,0.40543831648614886,0.68883793515792,1.1200845363064795,1.3492261201822888,0.5468001948872727,0.7914969884452514,0.32008332854663657,0.6610818482769101,0.2928769253194332,0.5062640234827995,0.04769119070842862,0.3774264767765998,0.025894459243863823,0.2758665084838867,-0.022655215254053472,0.15962932929396628
final__none,8,post_instr_2,false_reject,0.6991684966103875,1.6563037537784269,0.7347476350599939,0.6377314786246941,0.388896644115448,0.2318442165851593,-0.13487647473812103,-0.24426835775375366,1736,1883,316,183,0.6993987975951904,0.5840430759807038,0.8220244280241888,1.471747104245589,1.7444391054774104,0.5920298453182924,0.8602155114996596,0.4675892323735956,0.8018238790702165,0.3317095749080181,0.45968286767601957,-0.1397338978946209,0.4284923173487185,-0.24457924552261828,0.06339148674160217,-0.3036400586366653,-0.07206200268119593
final__none,8,post_instr_2,or_bench,0.32159296566616946,1.5921024858028854,0.19381699109258269,0.3400138963279632,0.19799381494522095,-0.2662554383277893,-0.042903829365968704,0.010011299513280392,1736,1883,63,437,0.372,0.20004171095152318,0.49032420677685534,1.4241765903775079,1.7140971142630361,-0.05899907017425713,0.5073555479194746,0.20828086450451708,0.5101628095924325,0.12445227820426226,0.30598264783620827,-0.425801532715559,0.23042646348476398,-0.29628208950161933,0.17382724955677986,-0.31572523787617685,0.2132762007415294
final__none,8,post_instr_2,xstest,0.7424308618602979,2.5821530472794314,0.9476067709426055,0.7045074893994905,0.2763286828994751,0.25326451659202576,0.46736347675323486,0.4134787321090698,1736,1883,39,211,0.712,0.2508412245403025,1.1177877580656885,2.2192054955838914,2.7885114160190128,0.3719429071859,1.402818467864562,0.2226791897059735,1.0668573734795168,0.09099759235978126,0.4419393368065356,0.030812119878828537,0.3570527292788029,0.09853252544999123,0.6029126927256584,0.07310811746865511,0.5557812541723252
final__none,8,post_instr_3,all,0.5889950253303796,1.0681666609446911,0.6373939614555101,0.5646500528214666,0.48286470770835876,0.12681154906749725,0.09976451098918915,0.0440012663602829,1736,1883,418,831,0.6124899919935949,0.5311658391119721,0.6471064016105252,1.024702414981231,1.1182371520871994,0.573232919531261,0.6923918042613324,0.5057473454563882,0.6279749822814972,0.44297351092100146,0.5225669249892234,0.04148196931928396,0.20735268443822844,-0.0027787759434431784,0.1935987252742052,-0.047838687710464,0.13825218230485914
final__none,8,post_instr_3,false_reject,0.5785122681302831,1.3276108251042267,0.6345952873617601,0.48166965829172576,0.39947521686553955,0.37946128845214844,-0.039170823991298676,-0.20808012783527374,1736,1883,316,183,0.593186372745491,0.5222834718134265,0.6351007037460235,1.2724597968963864,1.3776153663750095,0.5732232745400405,0.6920906839169224,0.4086023788969377,0.5524374545828712,0.36155612394213676,0.43825304955244065,0.21297946907579898,0.4519483536481857,-0.14419061839580535,0.06607109066098926,-0.2764282993972301,-0.08449783325195322
final__none,8,post_instr_3,or_bench,0.7793901011487905,1.345947392773184,0.8659424219728719,0.7669122298941285,0.5011121034622192,0.24938569962978363,-0.19752785563468933,-0.3726653456687927,1736,1883,63,437,0.834,0.7105956315629772,0.8400052042707569,1.2866232589105955,1.4110548524344513,0.7740693805080374,0.9417155487270265,0.6977947789854033,0.8313953232993504,0.4544729642570019,0.5408571809530258,0.0469270464964211,0.3699722066521642,-0.35979491248726847,0.09838412664830673,-0.48643399178981783,-0.06133967256173513
final__none,8,post_instr_3,xstest,0.2291286544682176,1.5885276530762356,0.2908773083978676,0.21771543321273495,0.1427622139453888,0.12010122835636139,0.08213810622692108,0.06566479057073593,1736,1883,39,211,0.208,0.1339099066509623,0.3221696428692782,1.5196980954067834,1.6556346015792895,0.17690400604363185,0.3967512596768324,0.11992982189307475,0.31161719676451327,0.08286626227200031,0.19907150119543074,-0.028068561712279914,0.26615623980760567,-0.017016266006976366,0.1936978429555892,-0.03441535960882902,0.16146249398589135
final__none,8,post_instr_4,all,0.4648744537728921,1.3617851706604884,0.5793970193555105,0.40726897175973736,0.3230658173561096,0.19973422586917877,0.12218914926052094,0.060929074883461,1736,1883,418,831,0.5204163330664532,0.3479496912300314,0.567563259458003,1.237034673526222,1.4715467477205981,0.4521250635708496,0.6929502758497267,0.28325090036260925,0.53995181989915,0.2491487417370081,0.39694508388638494,0.047590714134275916,0.3631897792220115,0.005943728727288547,0.24223841726779935,-0.04526950046420097,0.1688824232667684
final__none,8,post_instr_4,false_reject,0.5970595614054588,1.764407111002686,0.614456165229484,0.5670194642530811,0.3205362558364868,0.10982975363731384,-0.2641852796077728,-0.31606653332710266,1736,1883,316,183,0.6152304609218436,0.43392250411654215,0.7231373871906626,1.6123319011352075,1.8858816840454495,0.4436842938524468,0.759645374773993,0.367333226020799,0.7592572608950705,0.2494858730584383,0.3886779636144638,-0.24262382835149765,0.42096139639616004,-0.3433707900345325,-0.03564475467428587,-0.3692451909184456,-0.118312004953623
final__none,8,post_instr_4,or_bench,0.09750235673137429,1.8127896575696276,-0.015923240734672755,0.11385421956441176,0.053708188235759735,-0.2591797113418579,-0.006709905341267586,0.007220578379929066,1736,1883,63,437,0.344,-0.024716074143432774,0.2580797707009751,1.6062178829171534,2.001696364939524,-0.2654977528233487,0.2851187195064181,-0.022817305002664122,0.2642675656010343,-0.013967882608994842,0.13712289258837695,-0.4565075434744358,0.26896789446473096,-0.47558083906769755,0.326772180944681,-0.4904650293290615,0.3466618642210959
final__none,8,post_instr_4,xstest,0.9357776746808043,2.5592371800896276,1.2569989099756522,0.8764051734151078,0.3434104323387146,0.2964584231376648,0.49391472339630127,0.4174977242946625,1736,1883,39,211,0.684,0.4339608951129036,1.2761392627638248,2.263984520677943,2.8444886212246825,0.6406170757638097,1.685877908325503,0.389621114877056,1.2151848422461393,0.1688067015260458,0.48531488031148906,0.09637254253029824,0.40089511275291434,0.15778055600821972,0.6258171185851097,0.11232758387923242,0.5408404022455213
final__none,8,post_instr_5,all,0.5469237384417062,1.1595164085650531,0.6125612823341096,0.5139075345855124,0.42660725116729736,0.167892187833786,0.31139427423477173,0.2651044428348541,1736,1883,418,831,0.6020816653322658,0.47904422119417506,0.6125608696035633,1.1168764399900217,1.2065573809229406,0.5408416822447168,0.6818673745294463,0.44096319856441474,0.5797947309147944,0.37971854880452155,0.4681941471993923,0.09864189513027669,0.21975906081497668,0.21653189584612847,0.3855451203882694,0.16315576918423177,0.3521339327096939
final__none,8,post_instr_5,false_reject,0.5789715932204872,1.4900500149388973,0.627322898230192,0.49547971075893465,0.3621787130832672,0.312796413898468,0.07528659701347351,-0.04076952487230301,1736,1883,316,183,0.593186372745491,0.5075980177469094,0.639235696821504,1.4354801685582415,1.5370527134158911,0.5585256370721567,0.6901800776429214,0.42384622725388044,0.5653648256669913,0.32267938926815987,0.3996353730559349,0.18218149915337561,0.37129367291927334,-0.022036394430324433,0.1572192884981632,-0.1369850765913725,0.06499212114140374
final__none,8,post_instr_5,or_bench,0.6738900962627884,1.2225715081438648,0.7435150700764251,0.6638525627356577,0.4827301502227783,0.19277888536453247,-0.24802160263061523,-0.3894653916358948,1736,1883,63,437,0.814,0.6154756014131632,0.7262484271185266,1.1685268794090076,1.2838253088934242,0.6689397552547187,0.8088490964126205,0.6057040541120114,0.7189517064584635,0.4416644722223282,0.5198737069964409,0.03859414868056774,0.28929142430424676,-0.39282201081514356,0.06135906409472199,-0.5000055804848671,-0.019043879210949098
final__none,8,post_instr_5,xstest,0.22902370837617073,1.7048369671887162,0.2814138403866621,0.21934021760204409,0.13314157724380493,0.10028130561113358,0.16856709122657776,0.15660977363586426,1736,1883,39,211,0.196,0.12066378676048241,0.34006960321431123,1.6323135392634405,1.7625953029817405,0.1599045529636978,0.4324744342376873,0.11044371420568659,0.3284548026698955,0.0702965248376131,0.19388577714562413,-0.04881058000028133,0.24774843677878358,0.05308852698653937,0.2466171480715273,0.045799728110432626,0.2294003799557686
final__none,8,post_instr_6,all,0.5797473563184581,1.1473897344889452,0.6786913384698908,0.5299776173518359,0.45097610354423523,0.25825780630111694,0.33080142736434937,0.24013972282409668,1736,1883,418,831,0.6253002401921537,0.5188959198254772,0.640602405858874,1.1073537492972478,1.1935942197426632,0.6168520747536071,0.7338151795400043,0.4645165944571121,0.5902425994330992,0.40907617211341857,0.49051149785518644,0.18770275376737117,0.3054169833660126,0.24156781174242498,0.4025357365608215,0.14264690615236758,0.3220487266778946
final__none,8,post_instr_6,false_reject,0.6403546788862934,1.4692461779578425,0.7015421502305568,0.5346978206612897,0.39954042434692383,0.3639757037162781,0.043246909976005554,-0.11145885288715363,1736,1883,316,183,0.6492985971943888,0.5763117184601462,0.6954320500127714,1.4159820273936299,1.5105882973050586,0.6400157496580553,0.7616912396067229,0.4631881518135598,0.5970851986936148,0.36496812477707863,0.435284274071455,0.25377855226397517,0.41233200728893277,-0.04020516276359558,0.12378449179232119,-0.18550889939069748,-0.011566972406581092
final__none,8,post_instr_6,or_bench,0.6806727807430892,1.2481309804181113,0.7862660927739265,0.6654499102519914,0.47878384590148926,0.27521777153015137,-0.22126376628875732,-0.40211915969848633,1736,1883,63,437,0.804,0.6281381488571331,0.7297780516739716,1.198814591075485,1.3007275262289977,0.7108175000360851,0.846284974328212,0.6099260310701192,0.7154837516106337,0.4423584081232548,0.5122077390551567,0.12352868262678385,0.35348208248615265,-0.3452145904302597,0.01050602898467328,-0.48298568949103354,-0.12178733926266436
final__none,8,post_instr_6,xstest,0.25692403727915497,1.7241514676822765,0.3197673266092134,0.24530845242716087,0.14738738536834717,0.1108601987361908,0.12385696172714233,0.10870474576950073,1736,1883,39,211,0.22,0.15038400602748403,0.36536196534366944,1.6516975542289065,1.7876525228916018,0.19519714014154838,0.45231284392215393,0.13907355404406796,0.3536807199256823,0.08799557685852051,0.20766546875238417,-0.029445855878293507,0.24214875958859916,0.012708140863105656,0.21629312150180338,0.013542086631059647,0.1908860772848129
final__none,8,first_gen,all,0.18114807503091032,0.3458386033664246,0.7093984006842994,-0.08456629827279386,0.4639959931373596,0.9015595316886902,0.30849748849868774,-0.1239759624004364,1736,1884,418,831,0.20496397117694154,0.16035352477796763,0.2035165846365862,0.33218948657359737,0.372166783254077,0.6578984035842955,0.7597306420752481,-0.10368088172366169,-0.06443570851023046,0.4030201300978661,0.515489375591278,0.8783056885004044,0.9083981201052665,0.2142064169049263,0.3681437849998473,-0.16945508867502213,-0.09360622763633733
final__none,8,first_gen,false_reject,0.4688623631205023,0.42338927721510494,0.7416703782659829,-0.002215954811618309,0.7421808242797852,0.8757785558700562,0.5709941387176514,-0.1178632378578186,1736,1884,316,183,0.3967935871743487,0.42910592529581737,0.5115990153180058,0.4106727774382578,0.4499955127090976,0.6822753786556014,0.7979748418211129,-0.04644447718379202,0.05025076750877988,0.6972479611635208,0.7750436916947364,0.8437642320990563,0.8776901125907898,0.4821737580001354,0.6083384782075882,-0.1709388390183449,-0.08053083606064321
final__none,8,first_gen,or_bench,-0.05217409143050862,0.5884542743252996,0.6087110376369257,-0.14745047381971527,-0.08831650018692017,0.8370459675788879,-0.4765685796737671,-0.4042232036590576,1736,1884,63,437,0.076,-0.07842934370203156,-0.021049397668902868,0.5528259608609553,0.6401357622271269,0.4859577752118505,0.7890050196443557,-0.1689843523187012,-0.12366103311599401,-0.12856971770524978,-0.03610930414870382,0.7368256360292434,0.8643460094928741,-0.5466829895973205,-0.38047022819519044,-0.4896856777369976,-0.3178665071725845
final__none,8,first_gen,xstest,0.07351473226526514,0.5527156779967248,0.6105620390297569,-0.025749939514915395,0.13184531033039093,0.8057618141174316,-0.11681922525167465,-0.22501951456069946,1736,1884,39,211,0.08,0.0335827843208843,0.11517312921365087,0.5316640186514404,0.6000229939220529,0.43329934832537226,0.7824937484422355,-0.060070919947963486,0.00971586429982896,0.05712322425097227,0.20428038537502288,0.6999225482344628,0.8100382089614868,-0.19954368956387042,-0.03595390580594545,-0.2783053442835808,-0.1531328294426204
final__none,16,last_prompt,all,0.13888241508471336,1.0855529248187075,0.4138338539423475,0.0005795586598665449,0.12690269947052002,0.544378399848938,0.18901970982551575,0.12091419845819473,1736,1884,418,831,0.1433146517213771,0.10027776001266427,0.1892849769444573,1.0316745159685028,1.1431712190612382,0.3558445503397845,0.4807061423935421,-0.03723833171505879,0.04846873790725187,0.09339011795818805,0.17007746174931523,0.4868668049573898,0.5669884264469146,0.11669090706855059,0.2523915819823741,0.04418718703091145,0.18418566025793548
final__none,16,last_prompt,false_reject,0.33919336483804785,1.3059685848504143,0.4683355858068516,0.11619358236845743,0.251384973526001,0.5454224348068237,0.22503840923309326,0.09084470570087433,1736,1884,316,183,0.312625250501002,0.2812071120403351,0.3974551195266378,1.249439109591044,1.370303620768618,0.408601062843625,0.5323705978564807,0.062056130759801424,0.17601754219406843,0.21394510120153426,0.2881265737116337,0.44934904724359515,0.5576048851013183,0.11948393527418374,0.3028954826295375,-0.022205862635746594,0.18874775841832156
final__none,16,last_prompt,or_bench,-0.019234640270303176,1.3356328581233343,0.20821033546620085,-0.05202419630693882,-0.014399651437997818,0.376070499420166,-0.22374601662158966,-0.21835336089134216,1736,1884,63,437,0.03,-0.05658148843866109,0.03190284641252974,1.2673484593545006,1.404340870687247,0.13347929982269527,0.2884529707594904,-0.09206913689178527,0.0015836261122643867,-0.04253127817064524,0.02366444328799842,0.248343313485384,0.4076214984059333,-0.31773379296064375,-0.08926398959010841,-0.31384323090314864,-0.08390093967318539
final__none,16,last_prompt,xstest,0.05529603255983099,1.1594523537820363,0.30439076276454385,0.00925481846932452,0.04763736575841904,0.3145748972892761,0.10459326952695847,0.08970959484577179,1736,1884,39,211,0.032,0.01653695318583715,0.11469298801092849,1.1116636327923035,1.2191843174737604,0.22572341337900784,0.3955727103764983,-0.03082286449219472,0.07386910569884718,0.01409105989150703,0.09646961875259875,0.21141233183443547,0.35045316964387896,0.009656960680149497,0.1592681713402271,-0.002830540132708847,0.14601967893540854
final__none,16,post_instr_0,all,0.3960713531179853,0.6108809004200528,0.7053968516949696,0.24047800426770635,0.5440212488174438,0.7261099219322205,0.3731709420681,-0.02603858895599842,1736,1883,418,831,0.31705364291433147,0.3774797041641115,0.4159650992359089,0.5904226874784145,0.6351615417375237,0.6731913998963364,0.7398446946409769,0.22170754834316242,0.2605181718413286,0.5239630073308945,0.5617049932479858,0.6891580924391747,0.738243293762207,0.31100945696234705,0.4180354885756969,-0.07661296706646681,0.023222281085327267
final__none,16,post_instr_0,false_reject,0.6137221419821384,0.7492659861064762,0.7644293589113624,0.35348454111131405,0.6336621046066284,0.7352555394172668,0.43308135867118835,-0.042427271604537964,1736,1883,316,183,0.5871743486973948,0.586719126958615,0.6455079671476518,0.7306086400905476,0.7788925736757236,0.7326577729945671,0.8020400124983704,0.3213812665907868,0.39008798187579113,0.6130048722028733,0.6502446889877319,0.6801167011260987,0.7369277119636536,0.36188598573207853,0.4742218442261219,-0.09361329581588507,0.01584418909624219
final__none,16,post_instr_0,or_bench,0.272203444767888,0.800964918078268,0.5650079516648435,0.22999136446516152,0.32177066802978516,0.5868319272994995,-0.1295998990535736,-0.3363110423088074,1736,1883,63,437,0.15,0.24978581448367984,0.2959879367874199,0.7781453611184685,0.8309249638001195,0.49583610111555493,0.6296596323625175,0.2055768252839951,0.25428053161993514,0.2982869349420071,0.3456260979175568,0.4633889950811863,0.6215185657143593,-0.22263098135590553,-0.01942889406345792,-0.40185211002826693,-0.21510488875210285
final__none,16,post_instr_0,xstest,0.20937631577927954,0.6691794096570609,0.4538652585401059,0.16418642117273424,0.2986098527908325,0.4789506494998932,0.15422803163528442,0.011744469404220581,1736,1883,39,211,0.112,0.17958502499594192,0.24015967792755685,0.6535496185409497,0.6979344789454499,0.37693585881221586,0.5323838544627011,0.13619283721341416,0.19465836787856344,0.25647407248616216,0.3322767928242683,0.34648191183805466,0.5465542659163475,0.07194482199847699,0.21456316113471977,-0.05321678267791867,0.07746189013123511
final__none,16,post_instr_1,all,0.35146431128637534,0.5211041012929599,0.7443306651847577,0.1538492228883688,0.5591657161712646,0.8244012594223022,0.49325132369995117,0.03892913833260536,1736,1883,418,831,0.34267413931144913,0.33348314784196875,0.36984664732233363,0.5065715134988281,0.5377929351846619,0.7126361827687302,0.7743058342382181,0.13523277618413265,0.17412505875814646,0.5377162024378777,0.578356745839119,0.8062780991196632,0.8311544626951217,0.45139906629920007,0.526097971200943,0.000412447378039362,0.077325108833611
final__none,16,post_instr_1,false_reject,0.6840753921180968,0.698664799083896,0.8378905595987447,0.4184709264424567,0.6996070146560669,0.7855454683303833,0.5000405311584473,-0.06932219117879868,1736,1883,316,183,0.7114228456913828,0.6570812710928051,0.7093867332576894,0.6813656019118832,0.7189991028650118,0.8090627444846058,0.8676491240354056,0.38192823489470656,0.4543725632903417,0.6840928241610527,0.712116864323616,0.7441642850637435,0.7966215521097183,0.43703402355313303,0.5355101361870765,-0.1141148928552866,-0.0203748794738204
final__none,16,post_instr_1,or_bench,0.11565723196506114,0.6287238087002203,0.46700073739219644,0.06500586885818202,0.18091987073421478,0.7517018914222717,-0.18064740300178528,-0.3219582438468933,1736,1883,63,437,0.092,0.09594198114929783,0.13776801806984423,0.6106250319368758,0.6508657713368864,0.3932401213095201,0.535260362651928,0.04492256657589322,0.08790265330024677,0.14965359084308147,0.2137941099703312,0.6715788081288337,0.7732092916965485,-0.25683208405971525,-0.09334243778139355,-0.37966825887560846,-0.2378317847847939
final__none,16,post_instr_1,xstest,0.15918687370644666,0.6414755004218211,0.4342497301572035,0.10834588146865727,0.24085208773612976,0.659886360168457,0.1814780831336975,0.023226838558912277,1736,1883,39,211,0.108,0.1320935097785758,0.1899266700828279,0.6253843921861001,0.6627140305585452,0.35813025347393035,0.5195532916390996,0.08235204520620745,0.13744044951160872,0.20167094841599464,0.2818529188632965,0.5474852681159973,0.6951305642724036,0.10033474378287792,0.2385206736624239,-0.04746779017150402,0.09327314272522925
final__none,16,post_instr_2,all,-0.008839264114146466,3.6661766035914614,0.03319740423557116,-0.029984531558348914,-0.0024110302329063416,0.10243313014507294,0.5986430048942566,0.5988917946815491,1736,1883,418,831,0.088871096877502,-1.7224982237000381,2.100570010166677,1.1651131187483859,4.283845377521124,-1.772501729601704,2.2845733368602774,-1.6979475274604483,2.026027074183613,-0.7400730773806572,0.7806622087955475,-0.43360243588685987,0.633013242483139,-0.02115081101655958,0.8058899015188217,-0.09033131897449492,0.7777403473854065
final__none,16,post_instr_2,false_reject,0.15158842085987842,3.6240959781964497,-0.01073192052884935,0.43187968314646347,0.04179137200117111,-0.3057819604873657,0.6513204574584961,0.6646804809570312,1736,1883,316,183,0.10220440881763528,-1.6143958049358507,2.1974606285515628,1.1232863576544478,4.164162992136582,-1.7776685969483745,2.268357415494973,-1.4214670935476423,2.1774364949959897,-0.7069205120205879,0.799860006570816,-0.6786970004439354,0.43747050166130025,0.22091626077890397,0.8911793932318688,0.17193877547979355,0.8553629964590073
final__none,16,post_instr_2,or_bench,-0.12056353266896652,3.658052235831173,0.14121644236786485,-0.15830284675192127,-0.03294045478105545,0.5241670608520508,0.24920913577079773,0.2666199803352356,1736,1883,63,437,0.092,-1.6638834567611793,2.0716281572422055,1.2383211886613594,4.3326770935698855,-1.7935888314395765,2.2734126953462743,-1.6913145749280754,2.0488540398085147,-0.7292673453688622,0.7472273260354995,-0.416142887622118,0.7264959663152695,-0.4112978219985962,0.7363921821117401,-0.557906000316143,0.6875938177108765
final__none,16,post_instr_2,xstest,-0.1056061319356224,3.9600684239010655,0.2146480482353366,-0.16480007821204776,-0.0266583189368248,0.4815196394920349,-0.1863064467906952,-0.17353160679340363,1736,1883,39,211,0.056,-1.8518569513997316,2.187326930441348,1.2549021922074897,4.622894725741028,-1.8133577128312455,2.2773771164100864,-1.8699011260515341,2.1779765818236614,-0.7515702664852142,0.7560385718941687,-0.3192300729453564,0.6541225448250769,-0.3736860990524292,0.41867762058973307,-0.5843752861022949,0.47630818113684636
final__none,16,post_instr_3,all,0.408582315811861,0.49201210813938195,0.7669827786289276,0.22830382578315822,0.6388659477233887,0.846281111240387,0.5029008984565735,-0.04908154904842377,1736,1883,418,831,0.3851080864691753,0.39168474124954383,0.426126585042753,0.47755120418215474,0.5096244349945438,0.7394586570993773,0.7921345483436691,0.2078901671324229,0.24870607031293557,0.6178210824728012,0.6574097320437431,0.8253715425729752,0.8594472333788872,0.4606173947453499,0.5384380266070365,-0.08842762783169747,-0.00902383283246316
final__none,16,post_instr_3,false_reject,0.69133396400398,0.6081672110253247,0.8332532299965439,0.4462711473555892,0.7508248090744019,0.8349345922470093,0.5273301005363464,-0.15073323249816895,1736,1883,316,183,0.7434869739478958,0.6688233944028611,0.7133153169675026,0.5934364996020011,0.6259354305175769,0.8064815974168995,0.8593510473315782,0.4124771072145712,0.48684866937264953,0.7362451642751694,0.7639023870229721,0.7893435776233673,0.8468518078327179,0.47125949785113336,0.557162719964981,-0.1939493425190449,-0.10109429564327004
final__none,16,post_instr_3,or_bench,0.22836295115628097,0.6210576764915254,0.6186085228954653,0.172103263705661,0.3451094925403595,0.8329650163650513,-0.013937844894826412,-0.32113149762153625,1736,1883,63,437,0.164,0.20416173678742142,0.2537050192396221,0.60214859066678,0.6454422873363426,0.5440894768226774,0.6890972462632574,0.1475931480391067,0.19838217270961933,0.31070354878902434,0.37986522093415254,0.7718893200159073,0.849972540140152,-0.09909661691635847,0.0726813327521085,-0.3802713431417942,-0.23289648182690148
final__none,16,post_instr_3,xstest,0.20464876653307482,0.6243079849692608,0.4697039870552211,0.15565751410122414,0.3114924132823944,0.7156248092651367,0.2624695599079132,0.04162894934415817,1736,1883,39,211,0.112,0.177979929414256,0.23309150867145867,0.6062446219985411,0.6458853989660542,0.4074173030740608,0.5387458525316166,0.12895509913672562,0.18465081342303416,0.2736740730702877,0.34785221740603445,0.6103787839412689,0.75220837444067,0.19018108658492566,0.31613381206989283,-0.016496777394786475,0.1079183500260114
final__none,16,post_instr_4,all,0.25750204289352807,1.3115921128678096,0.46018781971668304,0.15554940588861565,0.19265010952949524,0.4736988842487335,0.3894478380680084,0.3038821220397949,1736,1883,418,831,0.21937550040032025,0.04683535974967491,0.4922658191357161,1.142519321911989,1.4897723923855488,0.20813044246944418,0.7211812363362499,-0.04733553871212708,0.37233031064655797,0.03605422303080559,0.3488600820302963,0.25458723679184914,0.613502849638462,-0.01830335734412074,0.5816162034869193,-0.13642044365406036,0.5358394682407379
final__none,16,post_instr_4,false_reject,0.4301716714281954,1.4749196449780066,0.4743789643558239,0.3538356828745526,0.2799920439720154,0.13458341360092163,0.5647945404052734,0.5490738749504089,1736,1883,316,183,0.3106212424849699,0.18150308893619113,0.6695067236537879,1.2552073046836338,1.7310953886203624,0.17737479699473024,0.7714485176444644,0.13725287217514037,0.5094857735888463,0.12136070746928454,0.42807777896523463,-0.08965122494846582,0.4448344819247721,0.23044559136033058,0.671839754283428,0.10574074778705836,0.6811017885804176
final__none,16,post_instr_4,or_bench,0.04922634844362338,1.853262174381555,0.3006952390296532,0.012973157330549233,0.02655261754989624,0.5139798521995544,-0.3208499550819397,-0.33461540937423706,1736,1883,63,437,0.138,-0.2404108742508347,0.3861619265112266,1.5632076770247094,2.098278075819127,-0.08831543342954541,0.6430851853257771,-0.2830567146595199,0.3498544285083844,-0.1384264998137951,0.19711274094879622,0.12327677421271802,0.5746562600135803,-0.7763669699430465,0.47687453553080544,-0.7954216629266739,0.47837460339069354
final__none,16,post_instr_4,xstest,0.3294050294095761,1.2012670970705124,0.6028446900664722,0.27886382643216495,0.2644522488117218,0.33690840005874634,0.40739694237709045,0.3300509750843048,1736,1883,39,211,0.2,0.2454492828428939,0.42995023349397454,1.1098366948945169,1.2984303466535634,0.405415227007118,0.8729828293491484,0.195154346719346,0.3746828402922904,0.19246242009103298,0.3371490851044654,0.13688474148511887,0.4476010583341121,0.19343348033726215,0.5106413379311561,0.13360046967864037,0.4542319878935813
final__none,16,post_instr_5,all,0.4022197293782415,0.5038275471921181,0.7902715898605188,0.20702635607064301,0.6238980293273926,0.7941536903381348,0.4540695548057556,-0.05297641083598137,1736,1883,418,831,0.3634907926341073,0.3843828437468641,0.4202035777292162,0.48797930578557647,0.5226262278193292,0.75867360170061,0.8192240189984497,0.185944613112299,0.22842483941896716,0.6028235152363777,0.641119284927845,0.7690050184726716,0.8110148787498473,0.405950964987278,0.49047245308756826,-0.09331666715443135,-0.010590313328430084
final__none,16,post_instr_5,false_reject,0.6648298679116144,0.6500204908698171,0.8442399620341516,0.355028748569003,0.7150256633758545,0.8170193433761597,0.5378417372703552,-0.06629705429077148,1736,1883,316,183,0.6673346693386774,0.6393190269264442,0.6928414605823889,0.6326268400303139,0.6702168219177134,0.8068845326199625,0.8780667493306815,0.31790047652156006,0.3975829249498207,0.6967272132635116,0.7299933224916458,0.7833652764558792,0.8241806715726853,0.4910218730568886,0.5636182636022568,-0.10158636029809713,-0.023510630661621703
final__none,16,post_instr_5,or_bench,0.21108828887623662,0.676932617368239,0.6462033813164427,0.14835999788777735,0.2976927161216736,0.759024977684021,-0.13458110392093658,-0.3776596784591675,1736,1883,63,437,0.158,0.18882330788032034,0.23466069374617982,0.6533357149909496,0.7049827054116289,0.5595757135615083,0.7323303537480887,0.12576667112825607,0.1727033483876913,0.2683048576116562,0.3314263664186,0.689400064945221,0.7867819622159004,-0.21847846917808056,-0.04295351160690188,-0.43521145880222323,-0.2964898161590101
final__none,16,post_instr_5,xstest,0.26031265634340406,0.649526407151571,0.5857143340710316,0.200167353026199,0.3720092177391052,0.6508321762084961,0.3059278726577759,0.06874626874923706,1736,1883,39,211,0.168,0.2307890546770623,0.29773524516831257,0.6338867028636893,0.6754428758467315,0.5104941314772466,0.6690030419605182,0.17260941428236448,0.23785782698866312,0.33600599616765975,0.4090465046465397,0.5427736058831215,0.6864083558320999,0.23009060323238373,0.3520468302071094,0.012136218696832658,0.11772062368690966
final__none,16,post_instr_6,all,0.35640726364460174,0.5184447860391548,0.7560619560002741,0.15537757120239473,0.5665034055709839,0.807813286781311,0.43442273139953613,-0.028160879388451576,1736,1883,418,831,0.31625300240192156,0.3386080720206076,0.3745788441024738,0.4993042314826082,0.5394127178333059,0.7232619946245734,0.7870632145801912,0.13367493977136607,0.17636072729033164,0.5415292680263519,0.5870835661888123,0.7836555570363999,0.8205727726221085,0.38468355908989904,0.46879701465368273,-0.0686017969623208,0.013212750968523321
final__none,16,post_instr_6,false_reject,0.6374808325874052,0.6690260627338204,0.8258875507179256,0.3121444726201083,0.6898328065872192,0.8196309208869934,0.5129421353340149,-0.07247012108564377,1736,1883,316,183,0.625250501002004,0.6129102399891195,0.6657481617313438,0.6495849056108655,0.6917456061076037,0.7924988058760043,0.8601254010160498,0.2773112350620083,0.3540874904992196,0.670619149506092,0.7068699076771736,0.7858051508665085,0.8276483356952667,0.4662438161671162,0.5427962377667427,-0.10917467214167118,-0.03152226451784375
final__none,16,post_instr_6,or_bench,0.14020812608298044,0.6672822422735657,0.5590751251809438,0.07982226140508643,0.20562797784805298,0.7473927736282349,-0.20355211198329926,-0.3650377690792084,1736,1883,63,437,0.098,0.12059724932874054,0.16208177210286048,0.639386668437302,0.6989442622786698,0.4755551763105994,0.6365146772358123,0.05920988258149382,0.10267441894852865,0.1761122029274702,0.23852789960801601,0.6711747124791145,0.7719058737158775,-0.2902588039636612,-0.10949228499084714,-0.42967947348952296,-0.2729097150266172
final__none,16,post_instr_6,xstest,0.22778272755656073,0.6570347677687028,0.508504827591936,0.17589568496977173,0.32755693793296814,0.594485878944397,0.27027419209480286,0.07995734363794327,1736,1883,39,211,0.136,0.20234196955127473,0.2606745852751154,0.6381230264486102,0.6857241357575625,0.43808377440013396,0.5805136305101218,0.1508518779520595,0.20960918484895383,0.2948018953204155,0.3629225209355354,0.478704247623682,0.6362909674644469,0.17420718707144262,0.31606639698147776,0.003278000629507007,0.12825169190764427
final__none,16,first_gen,all,0.2291501457363444,0.285849221474775,0.7081495815799272,-0.011790623792675198,0.6254782676696777,0.8985202312469482,0.5269052386283875,-0.04498559981584549,1736,1884,418,831,0.20816653322658127,0.21247160849786437,0.24614544706468858,0.2764559818728229,0.303583226112213,0.6642959697822857,0.7512956376854976,-0.02419783580819466,0.0024332128721767806,0.5836608245968818,0.6532575666904449,0.8807236775755882,0.9042883694171906,0.46002263873815535,0.5627455174922943,-0.08164854533970356,-0.019753971043974163
final__none,16,first_gen,false_reject,0.4926183846727592,0.38783734538803916,0.7526417099644391,0.043616332840258565,0.7857135534286499,0.873346745967865,0.6423081159591675,-0.07095523178577423,1736,1884,316,183,0.40480961923847697,0.45878566842831975,0.5315578802726848,0.37647718584971085,0.408170866148626,0.7009944935770158,0.8098555122801283,0.014817594314318101,0.07764206058810336,0.7516438066959381,0.8088754549622535,0.8495293691754341,0.878884905576706,0.5763925269246102,0.6779064953327179,-0.11407959870994092,-0.03761855792254211
final__none,16,first_gen,or_bench,0.03881115473440358,0.45512285619858533,0.6130010910924887,-0.043966802417989684,0.08496782183647156,0.8396521806716919,-0.26279374957084656,-0.3353499174118042,1736,1884,63,437,0.076,0.021890475052219662,0.06261450717833723,0.43051598606913466,0.49053450580590235,0.5118406623978693,0.7567350205171108,-0.056970272382048,-0.029288554825817936,0.04670070372521878,0.13479047156870363,0.76513070166111,0.8597691804170609,-0.34978938922286035,-0.17909197397530083,-0.4038550153374672,-0.26828597784042363
final__none,16,first_gen,xstest,0.0839454102681669,0.4090460152498817,0.5013503346336616,0.006794738398263874,0.20103268325328827,0.7361119985580444,-0.011738128028810024,-0.16304942965507507,1736,1884,39,211,0.08,0.059866947594024916,0.1088238400062659,0.39424654862297437,0.4395155956513007,0.36814332666549177,0.6298173944230147,-0.011811438543213575,0.02447534552861209,0.1384633146226406,0.2581604808568954,0.6576516479253769,0.7448042169213295,-0.10427881348878144,0.0652747232466936,-0.22133466824889184,-0.10083344858139758
final__none,19,last_prompt,all,0.1446195044818024,1.054665602305276,0.3759963473868194,0.028235009386504983,0.13585230708122253,0.5071297883987427,0.1800084114074707,0.11215342581272125,1736,1884,418,831,0.1321056845476381,0.10285735772724092,0.19667073335029936,1.003100987516055,1.1114338526461789,0.31335524429314915,0.4411593116938998,-0.008375741060234808,0.07946556236120894,0.10062624905258417,0.18029775880277155,0.43927625492215155,0.5297415286302567,0.10399024039506913,0.23918279595673084,0.03151306575164199,0.175039891153574
final__none,19,last_prompt,false_reject,0.30530896197907575,1.256721015035247,0.4197285693988931,0.10773191826717575,0.23607420921325684,0.5062601566314697,0.16141287982463837,0.04311660677194595,1736,1884,316,183,0.27054108216432865,0.25202503441518936,0.3628150182925752,1.2016544991335332,1.3220556103710448,0.360616492735477,0.4830977680251203,0.051849382980760146,0.17308424001386255,0.19785327538847924,0.2756797507405281,0.40163124576210973,0.5162047445774078,0.06438574381172657,0.23201972208917138,-0.06062542051076889,0.13332096487283707
final__none,19,last_prompt,or_bench,0.024879542755881095,1.2430693110771052,0.22693353873812777,-0.0042495270016389905,0.020010579377412796,0.33207905292510986,-0.18704628944396973,-0.1937301754951477,1736,1884,63,437,0.042,-0.014215820056316901,0.07623651360971359,1.178415221911512,1.313395041847502,0.15339391085654783,0.3071643749073704,-0.04325298921253544,0.0485215577165834,-0.011736382660456002,0.05889719678089018,0.20491092018783091,0.3652959518134594,-0.26859295815229417,-0.05327791497111322,-0.2775003701448441,-0.06093222694471481
final__none,19,last_prompt,xstest,0.06336332645901811,1.2185500541661,0.26244715389112055,0.026565835621097225,0.051928795874118805,0.2571479082107544,0.07029856741428375,0.05702213570475578,1736,1884,39,211,0.036,0.019835330857829007,0.12976782075905532,1.163869020202715,1.2860872750873655,0.18721965352179076,0.34716638707259856,-0.016147211356766042,0.0995196065014884,0.016423071548342705,0.10507846530526874,0.15464868396520615,0.2945255070924759,-0.019587969547137617,0.1377726670354604,-0.03022188157774508,0.12611134704202404
final__none,19,post_instr_0,all,0.39992196704727007,0.6064918079183791,0.697952123339358,0.25001028102144,0.5504944324493408,0.7070730924606323,0.372783899307251,-0.019711455330252647,1736,1883,418,831,0.31865492393915135,0.3790366008232517,0.42070744231232166,0.5869915322536071,0.6317003783758062,0.66324132150903,0.7325439568324723,0.22934148592691578,0.27149552552586714,0.5277346134185791,0.5686476737260818,0.6667592987418175,0.7184828832745552,0.3091038532555103,0.4178478181362152,-0.06957519110292196,0.035851383022964
final__none,19,post_instr_0,false_reject,0.6054460626772191,0.7376898782550128,0.7512047814974513,0.353753498117545,0.6344181299209595,0.6963667869567871,0.44320088624954224,0.0018282411620020866,1736,1883,316,183,0.5771543086172345,0.5772018581116442,0.6363891398613502,0.7190573860621703,0.7698606912124106,0.717581890412954,0.7916069450326373,0.3242374756529034,0.3874975502178819,0.612925973534584,0.6505303665995598,0.6322254404425621,0.6948220059275627,0.36371113657951354,0.4873344793915748,-0.05873764082789421,0.07186082918196914
final__none,19,post_instr_0,or_bench,0.2967457996886907,0.7883144733441894,0.5952021557245756,0.25371892818295283,0.3522970974445343,0.5913358926773071,-0.058882974088191986,-0.28551366925239563,1736,1883,63,437,0.172,0.2725720762163137,0.3220872756560873,0.7634918714174251,0.8207088847566847,0.5214430687566096,0.6630628829967291,0.2288503510994393,0.27842319048523184,0.3256229095160961,0.3753663837909698,0.4670866958796978,0.6116475999355316,-0.15690291859209538,0.055438310932368,-0.35512639209628105,-0.15502906031906605
final__none,19,post_instr_0,xstest,0.1960481424250462,0.6892610361981227,0.4324500907814193,0.15235299167442884,0.27358096837997437,0.4586537480354309,0.09634514153003693,-0.03028937056660652,1736,1883,39,211,0.096,0.16393774878343575,0.22586401356880284,0.6703645212846445,0.7208555717563622,0.3629513360538771,0.5080582271388989,0.12307094158290384,0.18345250695719487,0.22668149843811988,0.3087402522563934,0.31594942659139635,0.5194265186786651,0.0004557046573609116,0.16008516177535054,-0.10446489006280898,0.0484844971448183
final__none,19,post_instr_1,all,0.2987321179552621,0.48732086920983175,0.6835919766627022,0.10514434835809115,0.5226276516914368,0.8206979036331177,0.4772378206253052,0.05667443573474884,1736,1883,418,831,0.3026421136909528,0.28101859866984036,0.3170436362471323,0.4743396886580491,0.5030489619300459,0.6508583634716204,0.7145799582633243,0.08682354594517079,0.12419813365606787,0.4976663403213024,0.5448569610714912,0.8036031946539879,0.8284791126847267,0.43228531926870345,0.5120549470186233,0.018661143351346256,0.09437253586947916
final__none,19,post_instr_1,false_reject,0.6248040728491322,0.6573906916623983,0.777485711179568,0.3611571998888009,0.6889134645462036,0.7880358695983887,0.5356709957122803,-0.009957388043403625,1736,1883,316,183,0.657314629258517,0.5966424851172869,0.6508929822037848,0.6405740014765271,0.6771550076010483,0.7468331369016268,0.8066520512639916,0.3250170662407092,0.398569923794014,0.6707262098789215,0.7029519349336624,0.7490657866001129,0.7979298859834671,0.4749608084559441,0.5693800911307335,-0.05293332235887647,0.035359086375683524
final__none,19,post_instr_1,or_bench,0.06970451907309229,0.574838669837187,0.4123423035943978,0.020308224710285896,0.12037750333547592,0.7479904890060425,-0.18171453475952148,-0.27374640107154846,1736,1883,63,437,0.064,0.05071017165745338,0.08980452841080884,0.5562410949053141,0.5963128699174366,0.346801006237731,0.4784959492345474,0.0018553029025671867,0.04205099202220448,0.0873189264908433,0.15637930408120154,0.6718046888709068,0.7606909722089767,-0.2555306702852249,-0.08805406242609025,-0.3340430572628975,-0.1935897845774889
final__none,19,post_instr_1,xstest,0.10594764463607412,0.6082325260261394,0.36098485254785745,0.05880805603248356,0.1716054081916809,0.6349900960922241,0.13711676001548767,0.02857288159430027,1736,1883,39,211,0.072,0.07995024715793556,0.1341212071565608,0.5918625046675221,0.6295715431975202,0.29074450025562226,0.43964824228388216,0.033564093198661285,0.08689405140232663,0.130634793266654,0.21479125656187534,0.5168834581971169,0.6782590180635452,0.05572126163169742,0.2011761751025915,-0.04431333085522056,0.0968608891591429
final__none,19,post_instr_2,all,-0.04046086537441408,2.894576558270235,-0.002365920061027195,-0.05962201111349925,-0.013976771384477615,0.11397535353899002,0.5277993679046631,0.5294442176818848,1736,1883,418,831,0.08967173738991192,-1.2593144681149913,1.6834222565178045,1.2270773664769372,3.437042031647577,-1.2787817603408447,1.7859598265806935,-1.2556258298704872,1.6443288854068228,-0.651115196943283,0.6998221784830093,-0.36925714910030366,0.6333471208810805,-0.06900711357593535,0.7500327184796333,-0.12952058985829354,0.7403046905994415
final__none,19,post_instr_2,false_reject,0.1266059968843705,2.8473283929583855,-0.04278591035920169,0.4191084461593092,0.044420961290597916,-0.3709338307380676,0.5772552490234375,0.594319224357605,1736,1883,316,183,0.10220440881763528,-1.1496517745363488,1.8027332521031052,1.181905183956017,3.351074768085768,-1.2998529167047974,1.7646135841779,-0.9997425083134911,1.8011810347343689,-0.6012370809912682,0.7324393495917317,-0.6633191093802452,0.26983895450830425,0.14747254997491838,0.8498754009604453,0.11961174439638853,0.8268144875764846
final__none,19,post_instr_2,or_bench,-0.0986655306961528,2.894261884989777,0.14495806842919726,-0.13378697064858674,-0.03407026082277298,0.5275182127952576,0.14363530278205872,0.16170182824134827,1736,1883,63,437,0.094,-1.2162915773249316,1.6514195959058406,1.3065128920227156,3.491306746378161,-1.282514419451178,1.8380212091578423,-1.2268546202107056,1.618948086359391,-0.6286952212452889,0.663965083658695,-0.4067302644252777,0.7080791115760803,-0.3966987028717995,0.665778988599777,-0.5140113666653633,0.6280820474028588
final__none,19,post_instr_2,xstest,-0.25751479697945096,3.1779959002353424,0.08715116301602109,-0.3212208135807471,-0.08076582849025726,0.5225383639335632,-0.19665807485580444,-0.15496104955673218,1736,1883,39,211,0.056,-1.4708281805776855,1.7027974798958314,1.3481253823891663,3.7393656947627782,-1.3956976340997629,1.8091522710909254,-1.507041376608497,1.676068366402824,-0.6876605778932572,0.6432579845190046,-0.27175667881965637,0.6627192005515099,-0.38795717656612394,0.40630656108260144,-0.530537374317646,0.42901885658502575
final__none,19,post_instr_3,all,0.38529934768381374,0.45141613337657616,0.7204854049902288,0.21669796697563543,0.6492078900337219,0.8508824110031128,0.5375849604606628,-0.01947741210460663,1736,1883,418,831,0.35708566853482787,0.3692952517627379,0.4017014840562756,0.43847524306664826,0.4669303800555958,0.6938140982611878,0.7449703494689589,0.1976127542076328,0.23608345786791082,0.6277736604213715,0.66662308126688,0.8305506095290184,0.8640547037124634,0.49584560841321945,0.5720254018902778,-0.057556545734405516,0.01914860941469666
final__none,19,post_instr_3,false_reject,0.6415009987007834,0.5654215643381498,0.7809991984413059,0.4006188889382888,0.7501909732818604,0.8444284796714783,0.5513554811477661,-0.12420527637004852,1736,1883,316,183,0.6933867735470942,0.619798086095602,0.6627496497034914,0.5521379302280304,0.5814615892569077,0.7534774472762925,0.8072726848884434,0.3700033049054974,0.4361850793781765,0.7349526166915894,0.7638734966516495,0.8044324979186058,0.8554641455411911,0.5017606750130653,0.5786806970834732,-0.16388501450419427,-0.07907846085727217
final__none,19,post_instr_3,or_bench,0.22644138311596473,0.5637235941430104,0.5926748037407048,0.1736434039916196,0.37274110317230225,0.8341725468635559,0.024966595694422722,-0.3081721067428589,1736,1883,63,437,0.154,0.20444553560263629,0.2486535452695127,0.5465564468823396,0.5839329016686357,0.5184919211323679,0.6606747351550037,0.15099352439472047,0.19727302366569235,0.3379345804452896,0.4055599972605705,0.7756076261401177,0.8498340010643005,-0.04979966077953577,0.10370809808373448,-0.3663649417459965,-0.22625173106789598
final__none,19,post_instr_3,xstest,0.19163686207610106,0.5789105860371082,0.43663153420822337,0.14635347283857714,0.31425923109054565,0.7207647562026978,0.27439022064208984,0.05043859779834747,1736,1883,39,211,0.092,0.16778032841882992,0.21798740824956325,0.5634667373180879,0.5990819385344109,0.37605663543506773,0.4993948052017422,0.12163236778474053,0.1715544815730133,0.2785838067531586,0.34934908598661424,0.6087246716022492,0.7634268566966057,0.1975045893341303,0.3306324377655983,-0.015154106495901942,0.11874513346701857
final__none,19,post_instr_4,all,-0.34324509481898335,1.8871996735404608,-0.2162925886096313,-0.40710332411082506,-0.17894499003887177,0.2588443458080292,0.5497526526451111,0.6058504581451416,1736,1883,418,831,0.10488390712570056,-0.6668802416093415,0.28211385462014615,1.3451727860970177,2.373294013858214,-0.645200622340564,0.516959826289811,-0.7456954707397906,0.1588217005317173,-0.41407873257994654,0.12734535895287985,-0.0887050474062562,0.6219483554363251,-0.14976448267698286,0.7664398193359374,-0.050191222690045834,0.7680129200220106
final__none,19,post_instr_4,false_reject,-0.1771306675380918,2.1068331910641995,-0.2651183980644152,-0.0251960846545209,-0.08377881348133087,-0.18293628096580505,0.7732713222503662,0.7606191635131836,1736,1883,316,183,0.11222444889779559,-0.6163875846407162,0.4914133049090504,1.5331322652683834,2.6386849643434545,-0.7519704902238108,0.5649787268950383,-0.5366360640947677,0.42824962770976166,-0.3288015082478523,0.22195676341652867,-0.44614704698324203,0.2707354187965392,0.40169346779584886,0.8405118748545646,0.41281016916036606,0.8219777956604958
final__none,19,post_instr_4,or_bench,-0.7501383152342448,2.6329892020837216,-0.44898921846463036,-0.7935528979924308,-0.27399691939353943,0.5786749720573425,-0.3900929093360901,-0.2407512366771698,1736,1883,63,437,0.094,-1.1968971397399435,0.13320918998173098,1.806402625538301,3.305815895925774,-1.148610274988614,0.44281488868969904,-1.2766178109935193,0.09023976936353126,-0.5058265551924706,0.04226409727707484,-0.15105333179235458,0.6937419518828389,-0.8946706831455231,0.741424661874771,-0.8163648799061776,0.7262958601117134
final__none,19,post_instr_4,xstest,0.1389760519290581,1.3405831580763488,0.5552168856760498,0.062040280967443136,0.1031157523393631,0.42356133460998535,0.343453586101532,0.3013843297958374,1736,1883,39,211,0.112,-0.03766984151590481,0.38805695119199163,1.1310726030362959,1.5451023046064596,0.05207688007428653,1.206159628859158,-0.11165695369846551,0.29998987770741,-0.027086066920310257,0.2919940337538719,0.032948871143162264,0.595261915028095,0.06962771378457547,0.5293197631835936,0.06649394109845162,0.4671206459403038
final__none,19,post_instr_5,all,0.3041082891315735,0.47130721096898776,0.6776929551824443,0.11619207266496129,0.5421761274337769,0.8021061420440674,0.45182645320892334,0.02016463875770569,1736,1883,418,831,0.27862289831865494,0.28770352952842415,0.32152766316444026,0.4538948034692267,0.4904783852836824,0.6468253537247063,0.7086568182842796,0.09918989005572697,0.13417081863367025,0.5199163228273391,0.5632947042584419,0.7778543531894684,0.8161423176527023,0.40068797916173937,0.49282448291778563,-0.02439238247461617,0.06328715719282625
final__none,19,post_instr_5,false_reject,0.5367436490613205,0.6125066430887977,0.7234305422315696,0.21437724019481108,0.6590609550476074,0.8396536111831665,0.5713830590248108,0.02393346279859543,1736,1883,316,183,0.5370741482965932,0.5137556579133365,0.5624541702243293,0.597130308608975,0.6329636308840165,0.6913885794889016,0.7567920612985883,0.1878044967093756,0.25126886730120324,0.638995710015297,0.6783502519130706,0.8127013266086578,0.8469327941536904,0.5295227825641632,0.5991914749145507,-0.014928200212307273,0.06285937102511516
final__none,19,post_instr_5,or_bench,0.1311606965751274,0.6083106768831598,0.5567268895435734,0.06980904696228298,0.21077096462249756,0.7759054899215698,-0.1415824592113495,-0.31213271617889404,1736,1883,63,437,0.096,0.11301627680121236,0.14997917985628445,0.582798447792322,0.6358578719250751,0.4826240819454828,0.6433192907080104,0.05052399213333616,0.09053727025915616,0.18234902061522007,0.24126114957034583,0.7115958005189895,0.799445903301239,-0.2239923942834139,-0.05490848273038871,-0.3714569635689259,-0.23314280137419705
final__none,19,post_instr_5,xstest,0.18566332730075158,0.5689748762818535,0.5025076918386732,0.12709965370394052,0.31021392345428467,0.6581164598464966,0.2286118119955063,0.02572394348680973,1736,1883,39,211,0.128,0.16092717900106596,0.21734850119846724,0.5539640614487423,0.5963600557767119,0.4201530271482159,0.5919191827664179,0.10190133374103752,0.15685853816561884,0.2733001597225666,0.35120001137256623,0.5493069231510163,0.6958149194717407,0.13702029809355737,0.29029371961951256,-0.04969981973990798,0.08723856918513773
final__none,19,post_instr_6,all,0.2814159502620157,0.498290225169772,0.6697221892550852,0.08609462629803123,0.49175748229026794,0.8146419525146484,0.40764862298965454,0.008087857626378536,1736,1883,418,831,0.2602081665332266,0.264140046694121,0.29857926579300365,0.4784986403936226,0.5205470455829015,0.6379730553308063,0.7005304381140612,0.06825327117255495,0.10490873315197866,0.4663692258298397,0.5157569065690041,0.7917592242360115,0.8275873959064484,0.35500812977552415,0.4498574204742908,-0.03849723637104034,0.05249469084665178
final__none,19,post_instr_6,false_reject,0.5307900337645435,0.6330318335423221,0.7271528281688211,0.19171546522028995,0.6425129175186157,0.8344634175300598,0.5368580222129822,0.0009194090962409973,1736,1883,316,183,0.5210420841683366,0.5072204730779019,0.5589032275885616,0.6161824681972535,0.6530207707436488,0.6957839529403993,0.761408389318899,0.16594440539230468,0.22905825196178542,0.621079683303833,0.6627684250473976,0.8051815167069435,0.8431711822748184,0.4910630017518997,0.5666681498289108,-0.03778716865926981,0.03961818721145391
final__none,19,post_instr_6,or_bench,0.0910978698826485,0.6286956305067288,0.5170003560450799,0.029697729077572427,0.14340218901634216,0.7716578245162964,-0.19897744059562683,-0.31286850571632385,1736,1883,63,437,0.074,0.07405786741276627,0.1116285457014898,0.597672889633106,0.6587634334490694,0.4407278737739971,0.5983849587055741,0.01250983674763281,0.050207514206577535,0.11676741931587457,0.17654641717672345,0.6990905717015267,0.7980149134993553,-0.28832234218716624,-0.09714861866086721,-0.38800996020436285,-0.21700941212475303
final__none,19,post_instr_6,xstest,0.1643014377610101,0.5788411976612395,0.45109139366558365,0.11129287425953377,0.27305859327316284,0.6220552921295166,0.18256875872612,0.013213353231549263,1736,1883,39,211,0.112,0.14118919050275627,0.19549227172960282,0.5624644964299093,0.6114873713249671,0.3733564852451363,0.5308914381493101,0.08816412000056711,0.1424665849699309,0.23572270572185516,0.3142253249883652,0.5057470709085464,0.6634219110012054,0.06901236157864332,0.25165971368551254,-0.0790226150304079,0.08413735814392562
final__none,19,first_gen,all,0.22608611386297287,0.2457717303170051,0.6942132497482462,-0.009385753051437979,0.6770178079605103,0.8917990922927856,0.6257058382034302,0.02981388568878174,1736,1884,418,831,0.2145716573258607,0.209640213096409,0.24322214635481632,0.2380607928697121,0.2602577151429359,0.6507087095375711,0.7379360355362419,-0.021269088967122624,0.003331219902127396,0.6359657555818558,0.7040690377354621,0.8747577875852585,0.8980345711112022,0.5672490760684014,0.658922703564167,-0.010767362243495882,0.055548698175698505
final__none,19,first_gen,false_reject,0.47640492438956555,0.3530173777439017,0.7373822350020981,0.025755580389352044,0.8034564852714539,0.8807247281074524,0.7444140315055847,0.06179423630237579,1736,1884,316,183,0.42084168336673344,0.4431324590203299,0.5143976273796403,0.3436307998822696,0.3729634281637121,0.6860390161122322,0.7951884567529075,-0.0027137470405005264,0.056286763115662324,0.7734699174761772,0.8243720278143882,0.8581615075469017,0.8870619967579841,0.6865308672189713,0.7715962722897529,0.012957543460652232,0.09437221921980378
final__none,19,first_gen,or_bench,0.05338416264613918,0.39085811216367267,0.6092808357282831,-0.026756542168226993,0.1353255808353424,0.8484910726547241,-0.17554223537445068,-0.2930606007575989,1736,1884,63,437,0.076,0.03576189748060747,0.0773583473852349,0.3680420391379053,0.4252962861154365,0.5033367355883821,0.755128147170366,-0.039610166029686804,-0.012476335733522229,0.08935896065086127,0.1902684792876243,0.7787980884313583,0.8676519230008125,-0.2728376030921936,-0.08719436228275304,-0.3737260773777962,-0.22725555673241618
final__none,19,first_gen,xstest,0.07185364833020094,0.346486813364109,0.4816317378153819,-0.003887319976524257,0.2030574083328247,0.7447100877761841,0.056294217705726624,-0.09694436192512512,1736,1884,39,211,0.08,0.04987495557495562,0.0967274661567804,0.3354812505417071,0.3762350312436298,0.34865105249023265,0.6082940379547941,-0.0189149564156305,0.011128171809551814,0.1343886986374855,0.2688348315656184,0.6599668756127357,0.7541764959692955,-0.048259738367050886,0.1308167722076177,-0.1656502839177847,-0.0360918931663037
final__none,24,last_prompt,all,0.12992280705421466,0.9755084369331828,0.33236091545712626,0.028094731121460832,0.13201896846294403,0.4811931848526001,0.14409925043582916,0.08128412067890167,1736,1884,418,831,0.10248198558847077,0.09501647958659296,0.17850992222717546,0.9261493226056998,1.0301226205382181,0.27996588415088935,0.3894659377040371,-0.0048059640292955055,0.07546309233813392,0.09590161889791489,0.1754086438566446,0.4036466985940933,0.5011668786406517,0.07111134976148606,0.20430302098393435,0.008636745344847442,0.1441404279321432
final__none,24,last_prompt,false_reject,0.27193289574070517,1.1492561015054825,0.36922216287664805,0.10393611277810445,0.23025846481323242,0.45372721552848816,0.11347883939743042,0.009252955205738544,1736,1884,316,183,0.1903807615230461,0.22793581536437646,0.3227294181904439,1.098932660583761,1.2101805321416765,0.3172810556012482,0.4273433820917724,0.053860310411814,0.1682062222202789,0.1945517800748348,0.2715670518577099,0.34154861941933634,0.4595059633255004,0.019975370867177846,0.1828289240598678,-0.08597245886921882,0.09842289928346871
final__none,24,last_prompt,or_bench,0.025687778572006135,1.145962547893865,0.19901076856307864,0.000700705887643243,0.022410273551940918,0.29315274953842163,-0.21356450021266937,-0.22018945217132568,1736,1884,63,437,0.048,-0.01075401881176369,0.07040991978538383,1.0852123645287368,1.2164356932079394,0.13430247473530646,0.27563958128477223,-0.03558613757823518,0.047499671870510705,-0.009079706599004565,0.0597472115419805,0.16693840846419333,0.3250155366957187,-0.2872104585170746,-0.08299771267920739,-0.2943015187978745,-0.08835202176123867
final__none,24,last_prompt,xstest,0.05494070125749666,1.2041668319763306,0.24910191383059302,0.019053101331865035,0.045578084886074066,0.24661214649677277,0.07701669633388519,0.06584502756595612,1736,1884,39,211,0.036,0.014682250588756753,0.11911569979458154,1.151233774437719,1.2753239743077212,0.17045787042127078,0.33427034892893115,-0.019582784726267333,0.0902662859925381,0.01253905612975359,0.09671635814011097,0.1475646786391735,0.2779053024947643,-0.0056782299303449685,0.135786072909832,-0.016088578011840583,0.12201541345566505
final__none,24,post_instr_0,all,0.3856749903957979,0.6141972255671114,0.6668408717642221,0.24424615625620932,0.531784176826477,0.6745623350143433,0.33567774295806885,-0.027210263535380363,1736,1883,418,831,0.3146517213771017,0.36246602140936174,0.40782807245888814,0.5935543361947668,0.6433725330777772,0.6316326219730881,0.7005691920242588,0.2226252808873888,0.26750846425565744,0.5059804797172547,0.553299568593502,0.6309126153588295,0.6824444979429245,0.2673631258308887,0.38224234282970415,-0.08096029367297888,0.031162063218653162
final__none,24,post_instr_0,false_reject,0.5813967424170682,0.7409287943407077,0.7136491265710058,0.3530264992149637,0.6173214912414551,0.6436231136322021,0.40017712116241455,0.0036287386901676655,1736,1883,316,183,0.5731462925851704,0.5519786857464938,0.6124431863174318,0.7226034571574943,0.7739965656072179,0.6789354281842207,0.7530436982789774,0.3200935826867303,0.3894914152581793,0.5907822653651238,0.6349370777606964,0.5637495338916778,0.6360081911087035,0.2992533385753632,0.4469477079808712,-0.06655318737030029,0.08490327298641197
final__none,24,post_instr_0,or_bench,0.2912328730520301,0.8061752514027603,0.5760474015999887,0.25017266606755834,0.3397621512413025,0.5569897890090942,-0.06769193708896637,-0.2731875777244568,1736,1883,63,437,0.17,0.263969270569811,0.3212774771549632,0.7818163616273911,0.8420429782781329,0.5035764423408482,0.6444956978949918,0.22161381828773052,0.2803932882165831,0.30915641561150553,0.3668899372220039,0.42318395227193834,0.573534721136093,-0.16552190259099006,0.06266590533778066,-0.34684803485870364,-0.12702581714838757
final__none,24,post_instr_0,xstest,0.18389844877564598,0.7328923033081565,0.4342398023544932,0.13762684063075867,0.24337676167488098,0.42891034483909607,0.07582537829875946,-0.029446855187416077,1736,1883,39,211,0.088,0.15035519960468446,0.21636025232943545,0.7114762166030721,0.7747612664302045,0.36680966116218494,0.5082637072413557,0.10534977244272237,0.17001712602630878,0.19468910321593286,0.2814495116472244,0.2898599125444889,0.46450286358594894,-0.027815134450793262,0.1459541548043489,-0.12082806900143624,0.06190595552325244
final__none,24,post_instr_1,all,0.26656663249411916,0.46959265569288994,0.6611448200775637,0.06809046486585288,0.4936630427837372,0.8209417462348938,0.45246368646621704,0.054268836975097656,1736,1883,418,831,0.28262610088070456,0.24796619791335164,0.28567944893573977,0.456755584536968,0.48480995229159785,0.6256546667498526,0.6930095180443101,0.05047288584270452,0.08814682791870013,0.4640730872750282,0.5198352128267288,0.8050321221351624,0.8273217007517815,0.4013042002916336,0.49133311957120895,0.018685514805838466,0.0924129059538245
final__none,24,post_instr_1,false_reject,0.608987512450463,0.6300431343461542,0.7599924899866488,0.3482358422340899,0.6949901580810547,0.7714581489562988,0.5500200390815735,0.019282106310129166,1736,1883,316,183,0.625250501002004,0.5789593744752877,0.6366590402083911,0.6144898037147074,0.6488131831427781,0.7287242174569647,0.7948620571778805,0.30693494686198786,0.38721669195649444,0.6745300546288491,0.7115818351507187,0.7270295158028602,0.7800924390554428,0.4868684194982052,0.5807447478175162,-0.02519178260117769,0.06639466919004906
final__none,24,post_instr_1,or_bench,0.03332148097264607,0.5507981232225866,0.3851686507936508,-0.017402481582586306,0.06038631498813629,0.7325537204742432,-0.19495096802711487,-0.2396245002746582,1736,1883,63,437,0.06,0.014304153308857377,0.05527537683127158,0.5303803986027282,0.5742685009528264,0.3102881020868088,0.4574478605803456,-0.03705702121015451,0.005771934618698862,0.02583808610215783,0.10160810761153694,0.656095489859581,0.7415602102875709,-0.2680682219564915,-0.09910383094102149,-0.3018423363566399,-0.16347921304404742
final__none,24,post_instr_1,xstest,0.04958478864676712,0.6062090458788124,0.30603324273634686,0.0021843588243319135,0.08152260631322861,0.6159589290618896,0.06798698008060455,0.01783175580203533,1736,1883,39,211,0.044,0.025693949148143765,0.07613010502792338,0.5878075921454445,0.6295963557737804,0.23370188904589373,0.38532656017759587,-0.021138129836095285,0.03101651861986441,0.04188737347722053,0.12476720381528138,0.4992185413837433,0.6522285878658295,-0.004205371194984762,0.13123790696263304,-0.047594550903886555,0.08013905808329576
final__none,24,post_instr_2,all,-0.018108369105082203,2.606860025560304,0.024462989514844716,-0.039522194022096065,-0.006946239620447159,0.11503754556179047,0.5012881755828857,0.5020993947982788,1736,1883,418,831,0.088871096877502,-1.0398417128295705,1.5008065061602214,1.3254286226466763,3.106258106048872,-1.0563950040354475,1.5882187780153991,-1.0416355546178515,1.427865279289535,-0.5583946004509925,0.6434100970625876,-0.31845736801624297,0.5832416802644729,-0.05817581824958323,0.6983154386281966,-0.09626975711435079,0.7022352814674376
final__none,24,post_instr_2,false_reject,0.16618243888753179,2.5949262311416095,-0.007573439732069729,0.4662193613129498,0.06391040235757828,-0.36946624517440796,0.5426923632621765,0.5674651861190796,1736,1883,316,183,0.10220440881763528,-0.9073708401663585,1.6134152215090773,1.2755425410382761,3.086963081881902,-1.0828671796825693,1.558361349124448,-0.7477671963177218,1.638847310753476,-0.5031072504818439,0.6753419771790503,-0.6337367370724678,0.22030136138200754,0.1474115125834942,0.797701321542263,0.14026401564478874,0.7904823437333106
final__none,24,post_instr_2,or_bench,-0.07809839174995696,2.638024762663649,0.15715913296008904,-0.11201421889913675,-0.02959190309047699,0.49549031257629395,0.08730516582727432,0.10201241821050644,1736,1883,63,437,0.092,-1.0374639300926776,1.4343963102917354,1.4356698621785868,3.185358423082598,-1.0694708454703628,1.6848776795592222,-1.0497219947283896,1.3995200436770465,-0.5494940206408501,0.6102881893515586,-0.3901603497564793,0.6858328565955162,-0.42552984058856963,0.6145787358283996,-0.5221984103322029,0.581311385333538
final__none,24,post_instr_2,xstest,-0.265973442678388,2.8419584315315154,0.06968342359548017,-0.3280140561370381,-0.09318092465400696,0.49954134225845337,-0.2135610580444336,-0.16774316132068634,1736,1883,39,211,0.056,-1.239457804323305,1.4419716965411054,1.432875473736296,3.402281540039687,-1.2400852428198663,1.6018910744268204,-1.2785934645524226,1.4076338346760222,-0.62693492770195,0.5683180525898933,-0.290624837577343,0.64948241263628,-0.42280772477388384,0.4248865589499473,-0.5162629336118698,0.43820154964923835
final__none,24,post_instr_3,all,0.38582814492438705,0.4348902444978689,0.7077804214389892,0.22388346323199798,0.6636515855789185,0.8561579585075378,0.5528978109359741,-0.020443767309188843,1736,1883,418,831,0.34267413931144913,0.3694459125570226,0.40178932937351275,0.4230968819783299,0.4494315232534397,0.6827257626947137,0.7313387654265774,0.20552151064106278,0.24357722360433134,0.6432734847068786,0.6810889482498168,0.836464574933052,0.8693330228328705,0.5142847791314125,0.5862836524844169,-0.057264134753495455,0.0174747341312468
final__none,24,post_instr_3,false_reject,0.6304579662199359,0.5359413951616251,0.7656469712462423,0.3970168186410865,0.7619081735610962,0.8399908542633057,0.5574938058853149,-0.12737996876239777,1736,1883,316,183,0.6613226452905812,0.6090226387117589,0.651468109930829,0.5241549218878402,0.5516851518180921,0.7389761448102593,0.7921377855523194,0.36717260119250167,0.4331640542875435,0.746703353524208,0.775301031768322,0.8043211817741394,0.8507417276501655,0.5096703618764877,0.5870734810829162,-0.1673579353839159,-0.0805253647267819
final__none,24,post_instr_3,or_bench,0.23603877431387116,0.5499702176323331,0.5831276510616723,0.18600080020280585,0.39439526200294495,0.8297707438468933,0.04941108077764511,-0.30235525965690613,1736,1883,63,437,0.148,0.21474263981548078,0.257591888055612,0.5342050540442755,0.568719627600211,0.5114821924045274,0.6487957713062062,0.16397543183273808,0.20956390838044905,0.3610490545630455,0.42466374933719636,0.7740778520703315,0.8435070663690567,-0.030153461825102566,0.1278652802109717,-0.3650416597723961,-0.22141218110919
final__none,24,post_instr_3,xstest,0.19712579385645942,0.5513423980787187,0.4402751186658481,0.15218352438218644,0.3366662859916687,0.7335625886917114,0.303913950920105,0.06047866493463516,1736,1883,39,211,0.096,0.1735165961584646,0.2222538571422289,0.5369554247132552,0.5702348469623194,0.3791656016153272,0.5078006933308168,0.12997606653974503,0.17700346636848655,0.3003628350794315,0.3716433279216289,0.6233975619077683,0.7691002935171126,0.22677368596196174,0.35729430019855496,-0.0020922246738336973,0.12099102679640054
final__none,24,post_instr_4,all,-0.18206834484343226,1.8553361359411622,-0.05292458506040722,-0.24702884054809324,-0.09766314923763275,0.27483534812927246,0.5668268203735352,0.5965197086334229,1736,1883,418,831,0.09687750200160128,-0.5294545061380812,0.3956660307387174,1.3817038831062574,2.2553091224733866,-0.47999506535004083,0.6217204685143328,-0.5855484150220318,0.2761048068152824,-0.33118938356637956,0.1867163524031639,-0.046349598746746774,0.5797076940536499,-0.09065761566162109,0.7785573303699492,-0.03392863674089312,0.7779263690114021
final__none,24,post_instr_4,false_reject,-0.006889675021341557,2.085496616041552,-0.07660188427528822,0.11348674301334136,-0.003303617238998413,-0.15866535902023315,0.7459831237792969,0.7454630732536316,1736,1883,316,183,0.11422845691382766,-0.43648077842478683,0.6081292248542907,1.5870342625059322,2.5309133528627963,-0.5658645653466187,0.6740551651149744,-0.3535140283088441,0.5209002149033066,-0.23918318785727025,0.266118086874485,-0.40148954316973684,0.23105990700423712,0.3507138296961784,0.808155846595764,0.3348565608263016,0.8118882074952125
final__none,24,post_instr_4,or_bench,-0.48925636302203923,2.5922175694918232,-0.20927378201539895,-0.5296194487924556,-0.1854659467935562,0.5540409684181213,-0.32300400733947754,-0.22413687407970428,1736,1883,63,437,0.094,-0.9754965002020746,0.3342983893473197,1.8812917771942224,3.1294489768758655,-0.8778717901651295,0.6062441937007329,-1.0277547868194028,0.2968410190668661,-0.42418641671538354,0.11071935035288323,-0.11016555558890104,0.6517788156867025,-0.8642693623900414,0.7154426723718643,-0.7999830842018127,0.71036826223135
final__none,24,post_instr_4,xstest,0.08265128186735944,1.1389664672880193,0.3914861992987249,0.025567695646632072,0.07237659394741058,0.39984390139579773,0.11879032850265503,0.09008725732564926,1736,1883,39,211,0.068,-0.06081470965082808,0.2988703946670056,0.9901083356624629,1.3069672458007398,0.0013056395667650766,0.9309948739516067,-0.11174050197280944,0.24183108539580067,-0.04950456069782376,0.2540989726781844,-0.032910043653100726,0.5572650715708731,-0.14461286179721355,0.3835914716124533,-0.12687703557312488,0.31827709227800366
final__none,24,post_instr_5,all,0.2546829933451046,0.4015472542802961,0.6112019067204146,0.07535097803086975,0.5356069207191467,0.8136168718338013,0.5068851113319397,0.08420248329639435,1736,1883,418,831,0.23058446757405926,0.2401873039836182,0.2701621350478097,0.38712534690403827,0.41830720464535887,0.582534616630634,0.6411246119381191,0.06168629922638924,0.08975427620690098,0.5102953523397445,0.5589395835995674,0.7901130318641663,0.8271648064255714,0.4572167105972767,0.5445471316576004,0.04051614161580801,0.12489442247897385
final__none,24,post_instr_5,false_reject,0.4751144314920312,0.5437806526364076,0.6521088936539232,0.16948462733797118,0.6579603552818298,0.8375222682952881,0.6167224645614624,0.08719966560602188,1736,1883,316,183,0.46292585170340683,0.45229427872332356,0.5005020261258359,0.5305346588413407,0.5593768302506501,0.6203494678592953,0.6871422937141792,0.14751358201470227,0.2009527517429964,0.6351554274559021,0.6793405979871749,0.8060283914208413,0.8479438319802284,0.5718617886304855,0.6427464336156845,0.04547676462680102,0.1271147407591343
final__none,24,post_instr_5,or_bench,0.08979987833766931,0.5039061872852912,0.4946853335877377,0.031429664808984716,0.17544347047805786,0.7939531803131104,-0.10179944336414337,-0.2448917180299759,1736,1883,63,437,0.07,0.07377689432259914,0.10611345877653958,0.4812210034727995,0.5293081358192396,0.4245295979409528,0.5765028406319009,0.016281612062360735,0.0482147161906618,0.14318811111152172,0.2108451474457979,0.7282119214534759,0.8163040995597839,-0.18375536128878595,-0.02447617882862695,-0.3053538642823696,-0.17420186176896107
final__none,24,post_instr_5,xstest,0.14446805508864277,0.4631380812618823,0.4679693722874891,0.08467397246375495,0.2977818250656128,0.704594612121582,0.22091518342494965,0.011627184227108955,1736,1883,39,211,0.088,0.12275814493807898,0.1719952470954633,0.45258025773017235,0.4888310485567305,0.3758402173640062,0.5563229017028575,0.06654032600994002,0.1093671657042948,0.2548681065440178,0.3389688268303871,0.5983365118503571,0.7264927223324775,0.12312392331659794,0.2773241102695465,-0.07050113454461097,0.07615534774959086
final__none,24,post_instr_6,all,0.23763649600828357,0.4178848629665646,0.5938865105008837,0.058439749231954864,0.4943268895149231,0.8106189966201782,0.4652082920074463,0.07419679313898087,1736,1883,418,831,0.2201761409127302,0.22299612716496506,0.25373281384087515,0.4014677086713338,0.43653234008609587,0.5651269211076902,0.6251548618239597,0.04432546372933481,0.07226536439375537,0.46839078292250635,0.5176238819956779,0.7852845996618271,0.824755734205246,0.4122514843940735,0.508610711991787,0.029044546512886883,0.11984550580382344
final__none,24,post_instr_6,false_reject,0.4640889349922436,0.5577400139596641,0.6435446449482181,0.15420917751031732,0.6396193504333496,0.8255562782287598,0.5849193930625916,0.07399264723062515,1736,1883,316,183,0.45490981963927857,0.4410568027926657,0.48933054954193017,0.5436586302651927,0.5755136120118366,0.6126730005435395,0.6764379846521456,0.13168580959943874,0.18683360380155048,0.6170499280095101,0.6611526504158973,0.7922440946102143,0.835851089656353,0.5367423728108406,0.6150434166193008,0.02948223538696766,0.11285297162830828
final__none,24,post_instr_6,or_bench,0.06861445541133007,0.5279838857438667,0.4617362454570791,0.0119401516405404,0.12887193262577057,0.7778204083442688,-0.14081931114196777,-0.243085578083992,1736,1883,63,437,0.058,0.053128681409518194,0.08631245965639743,0.5006541368003381,0.5569232494450204,0.3960643730399284,0.5381297083633292,-0.002509845339435585,0.02814695614779574,0.10000811442732811,0.16018042527139184,0.7004164800047874,0.8040743678808212,-0.2270306020975113,-0.04206584310159094,-0.32169741988182066,-0.14762421324849148
final__none,24,post_instr_6,xstest,0.12368155724664788,0.45889373130517036,0.40500221258917807,0.0716839097795063,0.2602348327636719,0.6583093404769897,0.1837853342294693,0.012915292754769325,1736,1883,39,211,0.076,0.10614700378389624,0.14872250181805194,0.4471645924826794,0.48736131759901025,0.32857300687993013,0.48121923732009986,0.05544434669013927,0.09352275256236735,0.22239297553896903,0.29557896181941035,0.5364151418209075,0.6868451744318008,0.07158387955278159,0.24867876581847667,-0.07977576088160276,0.07700817603617906
final__none,24,first_gen,all,0.22638142614142331,0.2107708966456654,0.6897801198090644,-0.006712019114542554,0.7318906784057617,0.8871009349822998,0.7230380773544312,0.10826928168535233,1736,1884,418,831,0.20496397117694154,0.2109082412992642,0.2441561786305541,0.2050759119523212,0.22400890695560496,0.6443699748182711,0.7360977301217583,-0.01666936298833467,0.004606396518947972,0.6965292438864708,0.754640221595764,0.8694298446178437,0.8944401264190673,0.6668922066688537,0.7483793318271637,0.06490382961928845,0.1357453569769859
final__none,24,first_gen,false_reject,0.47001743845719707,0.32330621434483275,0.7304829390335973,0.020251777288737397,0.8239034414291382,0.8838484287261963,0.830253005027771,0.1800631731748581,1736,1884,316,183,0.39879759519038077,0.43502025046489773,0.5108158312033273,0.3140252309514572,0.344074496182344,0.6765883515846123,0.7897132672346733,-0.004866207859051137,0.05068615962384803,0.7975561320781708,0.8420752957463264,0.8596169590950012,0.8909123539924622,0.7816914498806,0.845556628704071,0.13013210333883762,0.2071413032710552
final__none,24,first_gen,or_bench,0.06200640947455992,0.3349242929980744,0.6090705332915405,-0.016860958577434575,0.18204215168952942,0.8489066362380981,-0.08537382632493973,-0.24398747086524963,1736,1884,63,437,0.074,0.04535811387997884,0.08357961752018486,0.31575820401116783,0.36774456120187826,0.4993417077070227,0.7611528705989731,-0.027240782238033803,-0.005099079657636477,0.1345518771559,0.2389148004353046,0.7808759927749633,0.8687176197767258,-0.198815980553627,0.013708681543357653,-0.3275773532688618,-0.17853167168796066
final__none,24,first_gen,xstest,0.06883396547194218,0.28146635028999073,0.49035936161869453,-0.009078302508925789,0.23755432665348053,0.7519482374191284,0.11675538122653961,-0.06369654834270477,1736,1884,39,211,0.08,0.04597075797015357,0.09529276442626013,0.27602636902396643,0.3122200558804759,0.34337551891775914,0.6253986312000673,-0.019125525889273323,0.0033817448416068228,0.15128159150481224,0.30954476073384285,0.6595242008566856,0.7680985882878303,-0.010031210561282932,0.1962970212101936,-0.1382504738867283,-0.008803447685204467
final__none,26,last_prompt,all,0.10871008991934822,0.921543226356621,0.2923921820533599,0.016316467769465447,0.11715294420719147,0.46454188227653503,0.13078759610652924,0.07689466327428818,1736,1884,418,831,0.0744595676541233,0.07707058886938516,0.15320239771801164,0.87539932301585,0.9752966035034494,0.24453991107650502,0.3454491296319374,-0.012165465171854732,0.06094193996869018,0.08221781142055988,0.1601100977510214,0.3862859934568405,0.4834042936563491,0.058100732415914534,0.19269409403204915,0.001429148716852069,0.14050794802606106
final__none,26,last_prompt,false_reject,0.23617722307511146,1.0852275356466952,0.3246230748885224,0.08345103576280172,0.21265161037445068,0.4373835027217865,0.09950745105743408,0.006649218499660492,1736,1884,316,183,0.1402805611222445,0.1946888505446186,0.28476498038492715,1.0385417496762448,1.1439217297598694,0.27978433301244754,0.3799481294688087,0.03709407773187714,0.14223661051353195,0.1777398705482483,0.25455947145819663,0.31986874639987944,0.43927164450287814,0.00973212206736207,0.16442718319594857,-0.08381935954093933,0.09716235492378437
final__none,26,last_prompt,or_bench,0.015502184995655227,1.0856166431801773,0.17574171638964,-0.0075987173228464315,0.014278145506978035,0.2841264009475708,-0.2212865948677063,-0.22536636888980865,1736,1884,63,437,0.032,-0.01597664384271098,0.05758383225383579,1.0307392244838074,1.1529764296443865,0.11805165485143564,0.2482119032213447,-0.039609810010739106,0.036902689243438216,-0.014465135638602076,0.051776899397373184,0.15991691499948502,0.3178091220557689,-0.2886729210615158,-0.08969788104295733,-0.2961730472743511,-0.09708944372832778
final__none,26,last_prompt,xstest,0.040701526649608175,1.1361377846863019,0.21967437377397725,0.007621267970453957,0.03580150753259659,0.23654666543006897,0.06261244416236877,0.054178446531295776,1736,1884,39,211,0.028,0.005210108179271357,0.09849408164737589,1.0915970125440004,1.2054056100263932,0.14866938825559775,0.2964056641682899,-0.025198308528655677,0.07119892937652439,0.004540324956178665,0.08511476796120403,0.13892366401851178,0.26494381725788113,-0.015024074865505098,0.11735115572810169,-0.02251254953444004,0.10798236671835176
final__none,26,post_instr_0,all,0.38549002258824744,0.6192572611917437,0.6618881961204828,0.24645939656050975,0.5284742712974548,0.6650979518890381,0.32484346628189087,-0.03138429671525955,1736,1883,418,831,0.32345876701361087,0.3621077749813999,0.40922287752506203,0.5989840735573939,0.6512486243412461,0.6256967150068135,0.6945457432717812,0.22449704898579548,0.27182251408032876,0.5019003614783287,0.5512569144368171,0.6199750825762749,0.6716393828392029,0.2565969809889793,0.3707100361585617,-0.08442959990352392,0.02824089815840121
final__none,26,post_instr_0,false_reject,0.5807851370560613,0.7439897881379552,0.7082028963214061,0.3607631378277187,0.615343451499939,0.6260945200920105,0.389526903629303,0.005409035366028547,1736,1883,316,183,0.5831663326653307,0.5517365352933545,0.6108049928773743,0.7256643831807065,0.7787982774996359,0.6734425459512116,0.7457902782339673,0.3289173585658698,0.39653444395858933,0.5879198461771011,0.6333916291594506,0.5418324798345566,0.6169685587286949,0.2800634242594242,0.4384778030216694,-0.06917917728424072,0.0871718743816018
final__none,26,post_instr_0,or_bench,0.2971131601066252,0.8117601812367445,0.5754603406861141,0.256985279395285,0.34371182322502136,0.542917013168335,-0.08028265088796616,-0.28420478105545044,1736,1883,63,437,0.186,0.26938434593233795,0.3295844396717003,0.785231633137765,0.8472827460260981,0.5030716337358208,0.6448098444202578,0.22827466765403082,0.28839365936582156,0.31326415836811067,0.3725223831832409,0.40432058498263357,0.5593761593103408,-0.17907604351639747,0.04790076427161671,-0.35413494855165484,-0.13465276695787923
final__none,26,post_instr_0,xstest,0.17243478996913159,0.750600033691471,0.42623494319885263,0.12552385357917042,0.2238970696926117,0.4156167507171631,0.056208156049251556,-0.037807025015354156,1736,1883,39,211,0.08,0.13790532087872956,0.20558761403869835,0.72728322217344,0.798433062370478,0.3641682095942068,0.4974414961925806,0.09300984026628169,0.1605908388850727,0.17522466666996478,0.26478005573153496,0.2810511618852615,0.4474975012242794,-0.05871224710717797,0.13212397582828997,-0.1419531773775816,0.05876190802082417
final__none,26,post_instr_1,all,0.26221382276902516,0.47291663649398674,0.6677682587534057,0.058216550911172345,0.4849112927913666,0.81831955909729,0.43233123421669006,0.040613263845443726,1736,1883,418,831,0.28582866293034426,0.2429843928704778,0.28265358702296317,0.4598323158767235,0.48874872784084616,0.6314282315685823,0.7006279365887758,0.040282793930688114,0.0792130282896451,0.45281529426574707,0.5137263134121894,0.8014586076140404,0.8246053755283356,0.37908654287457466,0.4734980300068855,0.0031936906627379365,0.07946035470813512
final__none,26,post_instr_1,false_reject,0.6159417074305201,0.6367209412844084,0.7693146048075485,0.3511010220946822,0.6952815055847168,0.7583330869674683,0.5344163775444031,0.00996389240026474,1736,1883,316,183,0.6312625250501002,0.5853158309738331,0.643361599940541,0.620602836413408,0.655553763770272,0.7382375541158335,0.8047665891610174,0.3073419178649526,0.3904709780057226,0.6741046100854874,0.7127337455749512,0.7096785679459572,0.7668551787734031,0.4676795147359371,0.5627336293458938,-0.03551938431337476,0.06065087458118793
final__none,26,post_instr_1,or_bench,0.01816937859230428,0.5608861066082361,0.38392406179542976,-0.03455955759854527,0.03237707540392876,0.727925181388855,-0.21860270202159882,-0.24229781329631805,1736,1883,63,437,0.064,-0.0013441315972789274,0.04169479548142626,0.5406678784879669,0.5865541369017293,0.30679776513493884,0.4591557091565704,-0.055602869666530476,-0.010860130176861197,-0.002400434750597924,0.07493458967655896,0.650894257426262,0.7370317250490188,-0.28886416777968404,-0.12256984226405626,-0.30466318875551224,-0.16494873501360427
final__none,26,post_instr_1,xstest,0.04426195885731384,0.6186343706240346,0.3034999019707876,-0.003654060900754208,0.07136541604995728,0.5970215201377869,0.04930228739976883,0.006712714675813913,1736,1883,39,211,0.04,0.019182652875345735,0.07177465821051622,0.6011413004973825,0.6438101726282041,0.2310885797531447,0.3846696122099921,-0.02838285873814773,0.02688268205972534,0.03075524033047259,0.11450739242136476,0.4784397013485432,0.6346804052591323,-0.022153558628633618,0.11567244585603466,-0.06026608226820827,0.07044796161353586
final__none,26,post_instr_2,all,0.04820668884738593,2.514007340763668,0.10324459808784059,0.02052208383322408,0.01917170360684395,0.14560338854789734,0.4891490638256073,0.4864470362663269,1736,1883,418,831,0.088871096877502,-0.9080174425742962,1.4503375493323256,1.3262840230357755,2.961695615980342,-0.9222852221162767,1.5413010805840284,-0.9279217616373318,1.3680000084746975,-0.5149305745959282,0.6401021748781203,-0.27516844123601913,0.5680685386061668,-0.044171592406928535,0.6774337142705916,-0.09086689241230488,0.6769252181053159
final__none,26,post_instr_2,false_reject,0.22821090648229458,2.513653499542309,0.07681369432660079,0.489640548663591,0.09041662514209747,-0.3313629925251007,0.5333385467529297,0.5656160712242126,1736,1883,316,183,0.10220440881763528,-0.8090695077174394,1.5610612141402787,1.2715179774927456,2.954068553163189,-0.9672175962581059,1.526952837346854,-0.6423620258643258,1.5809310964430496,-0.45551418960094453,0.671664696931839,-0.6015535861253738,0.234110940620303,0.14445217177271844,0.769672742486,0.142420918866992,0.7645740926265716
final__none,26,post_instr_2,or_bench,-0.0040690034755290596,2.5579173203455228,0.2322927607574427,-0.0381438943241271,-0.0015907660126686096,0.4842299222946167,0.09076017141342163,0.09153056144714355,1736,1883,63,437,0.092,-0.924556255498219,1.3812693520225232,1.442864506112689,3.041176783407802,-0.9198168106075726,1.6457027760478145,-0.9451423733417876,1.3474622155915943,-0.5016232185065747,0.6051190510392188,-0.3519321672618389,0.6678808793425559,-0.40798197835683825,0.5934830263257027,-0.5071613110601902,0.5679105505347251
final__none,26,post_instr_2,xstest,-0.20653186726200046,2.733084581522742,0.10894079232167815,-0.2648419190857256,-0.07535243779420853,0.4801851809024811,-0.21250496804714203,-0.17682458460330963,1736,1883,39,211,0.056,-1.133768322262204,1.382882875120012,1.4428570608956575,3.222018837877283,-1.1237887243582816,1.5353811216678084,-1.1613105966197017,1.3474858899600366,-0.5968078196048736,0.5625819742679595,-0.2691930539906025,0.62601997256279,-0.4162415064871311,0.410157086700201,-0.5105782270431518,0.4255271881818769
final__none,26,post_instr_3,all,0.39200681344514987,0.43189771047326825,0.7127611009660878,0.2306646710378877,0.6720836162567139,0.8559922575950623,0.556578516960144,-0.025280851870775223,1736,1883,418,831,0.3466773418734988,0.3753376832245505,0.40819280934410235,0.42062986442690004,0.4465212652253444,0.687119418509888,0.735379867043677,0.21264992278052006,0.2502365071638479,0.6520634740591049,0.6895116686820983,0.8363349258899688,0.8701747342944145,0.5192279666662216,0.5906103074550628,-0.0632448062300682,0.014268308528698932
final__none,26,post_instr_3,false_reject,0.6338312761195384,0.5282213809445293,0.7697498897505696,0.39913025187046364,0.7682042121887207,0.8450546264648438,0.5747833847999573,-0.11619897186756134,1736,1883,316,183,0.6653306613226453,0.6120343180117009,0.6555319327331308,0.5165327232850154,0.5436526424665292,0.7429266075583804,0.796596978187806,0.36882620182381415,0.43433323226471543,0.7534106284379959,0.7816946148872376,0.8097669318318367,0.8548027262091636,0.5264975607395173,0.6054416045546531,-0.15826179459691048,-0.06913525741547354
final__none,26,post_instr_3,or_bench,0.24677009127688432,0.5463724895823081,0.5917707221889026,0.1970331488795225,0.41161617636680603,0.8284927606582642,0.061886485666036606,-0.3062843680381775,1736,1883,63,437,0.15,0.224988910192299,0.2678684180238668,0.5297368649385501,0.565218144477394,0.5213175814969419,0.656282777114529,0.17480881672317763,0.22054490815154632,0.37892277240753175,0.4416208378970623,0.7693315997719765,0.8431152954697608,-0.01893421714194119,0.14279459007084358,-0.36983509212732313,-0.21971900500357153
final__none,26,post_instr_3,xstest,0.19979857349814784,0.5482339566748297,0.44645141832461194,0.15420870583051052,0.3424101173877716,0.7412590980529785,0.3123217225074768,0.0622713640332222,1736,1883,39,211,0.104,0.17584863314208735,0.22480557783207097,0.5339390225588027,0.5666891110558425,0.3833195552064464,0.5162330872159162,0.13175626958711936,0.1798188444488051,0.3061278901994228,0.37767377123236656,0.6306848779320717,0.7742123320698738,0.23773300908505918,0.36551063209772106,0.00043381598079577104,0.12356202695518731
final__none,26,post_instr_4,all,0.15398180855913232,1.5473083718291496,0.3283415022861641,0.06627688754932307,0.09902676939964294,0.3922523260116577,0.49793773889541626,0.46136194467544556,1736,1883,418,831,0.14811849479583666,-0.11346741758239466,0.4926855801721042,1.2914150960978765,1.7879926928803913,0.00429812023406749,0.7173945792017024,-0.19287362717682927,0.3753506042009436,-0.08374334946274757,0.2936426803469657,0.13080265745520592,0.5792758792638778,0.029281455464661123,0.6921860337257385,-0.025955449603497983,0.6749526292085647
final__none,26,post_instr_4,false_reject,0.3433310772657072,1.778637548160154,0.3358029011644852,0.3563317359898774,0.18953163921833038,-0.02138986811041832,0.5964450240135193,0.6115841865539551,1736,1883,316,183,0.22044088176352705,0.007304220871193866,0.6942811349850061,1.490686171384713,2.0662372941765943,-0.044562431559494964,0.772960803309639,0.05572892900915175,0.5927619090369123,0.004299154877662661,0.37237315475940685,-0.2365472886711359,0.27611692771315555,0.2063471332192421,0.6812601700425147,0.1536398906260729,0.7064561873674391
final__none,26,post_instr_4,or_bench,0.004622235897676395,2.1444235998676118,0.2935770761440028,-0.03703477207238906,0.002155471593141556,0.5714681148529053,-0.21531136333942413,-0.21654367446899414,1736,1883,63,437,0.114,-0.3556765096183521,0.4860276048986837,1.7493391930172395,2.435735200553976,-0.1773011411799677,0.742236938051854,-0.40295424424174353,0.4455046312519205,-0.18622348718345166,0.20703327395021906,0.0778584260493517,0.6159770905971527,-0.748528741300106,0.6003415837883941,-0.7572068989276886,0.597876496613025
final__none,26,post_instr_4,xstest,0.07475745945545724,1.0382584203136949,0.3240450442953455,0.028680534484127475,0.0718168318271637,0.3802095651626587,0.01800522208213806,-0.009324315935373306,1736,1883,39,211,0.072,-0.027971314203724625,0.20914472246985594,0.9575829208593907,1.1509927058414027,0.09405110653107968,0.6489918414021382,-0.06439073748821737,0.1593046011864994,-0.025598699878901243,0.19672232344746585,0.05967541988939047,0.48635543510317797,-0.17120701633393764,0.25542498901486393,-0.1793228667229414,0.21772601455450052
final__none,26,post_instr_5,all,0.2525671985343269,0.4156075724666758,0.6106011623386469,0.0724730530371636,0.5193296670913696,0.800031304359436,0.5132825374603271,0.11444591730833054,1736,1883,418,831,0.22578062449959968,0.23790106904401745,0.2685959602501965,0.40128939954624276,0.43276256651332695,0.5807445639682387,0.640887467150676,0.058693924982043,0.08661353175282221,0.49337063282728194,0.5432240322232246,0.7740912333130836,0.8141660749912262,0.46521333009004595,0.5511194139719008,0.07134268954396247,0.15629626139998434
final__none,26,post_instr_5,false_reject,0.47361988911686054,0.5673054909628643,0.6521761167643769,0.1652931365168375,0.6408751010894775,0.8218719363212585,0.6286944150924683,0.13284412026405334,1736,1883,316,183,0.45691382765531063,0.45071040266217727,0.49991177949840115,0.5534458232052787,0.5844315392740899,0.6200197549710061,0.6871791486063042,0.14347808931574235,0.19682604160482742,0.6171729564666748,0.6627661943435669,0.7881745994091034,0.8334789216518402,0.583038991689682,0.6528819158673287,0.08707028850913048,0.17516199015080927
final__none,26,post_instr_5,or_bench,0.08971132827953283,0.5136461805728522,0.4968798678583684,0.0310119749078349,0.17205142974853516,0.7846568822860718,-0.08441318571567535,-0.2227359414100647,1736,1883,63,437,0.066,0.07331180023146536,0.10639591628272707,0.4911094877343148,0.5397028217403017,0.4263763367254164,0.5794265068033198,0.01661471927926346,0.04763366094024304,0.14002136439085006,0.2060685023665428,0.714375588297844,0.8042991533875465,-0.16634168177843095,-0.008237814111635097,-0.28663850426673887,-0.15236504934728148
final__none,26,post_instr_5,xstest,0.13705770536733222,0.4617159987201388,0.45744097576250686,0.07783995298734257,0.28457117080688477,0.6847461462020874,0.20547422766685486,0.011073015630245209,1736,1883,39,211,0.084,0.11518262706379356,0.16450943681047728,0.4520040027673009,0.4886288017151801,0.36484605760570865,0.5454116331431492,0.05912864563213677,0.1017143041050835,0.24117065407335758,0.3260834313929081,0.5766103103756904,0.7061302542686462,0.10569923520088195,0.26650160402059553,-0.07421860564500093,0.07127834782004355
final__none,26,post_instr_6,all,0.24112547125217612,0.42872134600319806,0.5980260312319742,0.06160145617247839,0.49021440744400024,0.7966786623001099,0.4831332862377167,0.10622964799404144,1736,1883,418,831,0.22177742193755004,0.22662437112035388,0.25795071937469977,0.4129451660239424,0.4474907032896593,0.5681585319392001,0.6298143845559205,0.047596908290735235,0.07547760305094349,0.46393379122018813,0.5130690649151802,0.7698303803801536,0.8112057864665985,0.4321586787700653,0.5244952514767647,0.060425594169646504,0.1522175509482622
final__none,26,post_instr_6,false_reject,0.46832252820632786,0.5791469485936841,0.6486291336026185,0.1569733932425311,0.6287839412689209,0.8108945488929749,0.6062783002853394,0.123975470662117,1736,1883,316,183,0.4589178356713427,0.44484478061107063,0.49415573224256315,0.5635489345232059,0.598124105285011,0.6169513336095256,0.6819586850274533,0.1342677737343779,0.18890870172951907,0.605998869240284,0.6504374116659164,0.775221811234951,0.8212765008211136,0.5578453838825226,0.6337116539478301,0.07599988579750061,0.163718506321311
final__none,26,post_instr_6,or_bench,0.07636050647359259,0.53295067548053,0.4689869858716394,0.01975760602499882,0.14183035492897034,0.7669508457183838,-0.10936854779720306,-0.2203732132911682,1736,1883,63,437,0.06,0.060780303217087564,0.09437854704231532,0.5080662813815573,0.5606270841404177,0.401648039383448,0.5478126063665208,0.005436877950403286,0.03626549995853667,0.11190349701792002,0.17370006963610649,0.6849908530712128,0.792372553050518,-0.19461533874273299,-0.011188263189978946,-0.29652236476540567,-0.12566737383604049
final__none,26,post_instr_6,xstest,0.11717000586124833,0.4593001462944291,0.39645882603212457,0.06554790840646567,0.24718892574310303,0.638185977935791,0.1799199879169464,0.022877419367432594,1736,1883,39,211,0.072,0.09992326834068412,0.14224692391692179,0.44750720590782583,0.4891995579537731,0.32070387659346206,0.470414052374777,0.04889116340575048,0.08733489598273322,0.20836425870656966,0.2827278047800064,0.5150266692042351,0.6643337622284889,0.06852476447820664,0.2504324976354837,-0.06909203547984362,0.09087605029344552
final__none,26,first_gen,all,0.22195975874836174,0.19821015999509956,0.6809837532526571,-0.008933162957034673,0.7458845376968384,0.8870297074317932,0.7509927749633789,0.13417556881904602,1736,1884,418,831,0.20416333066453163,0.20672743606468474,0.24004986816197452,0.19331816873142907,0.21030469980530983,0.6358428164690358,0.7270054258527907,-0.01879972421165713,0.001957806631138258,0.7111896246671676,0.7675311386585235,0.8696941167116166,0.8945370480418205,0.697858352959156,0.7733900159597397,0.09246255047619342,0.1602262508124113
final__none,26,first_gen,false_reject,0.4624751128910104,0.31061174179350287,0.7194201377174981,0.01878863247675614,0.8301440477371216,0.8833388090133667,0.8528393507003784,0.2144044041633606,1736,1884,316,183,0.3967935871743487,0.42771090752894897,0.5026577651089792,0.30180106672986595,0.32962282655170905,0.6660849715488781,0.7789162567758597,-0.0061922176671378336,0.04963408850016677,0.8050291270017624,0.8474583968520164,0.8596643716096878,0.8896130189299583,0.8075756669044495,0.8657937794923782,0.16479210555553436,0.24046440981328485
final__none,26,first_gen,or_bench,0.057502824776625175,0.3054625832829022,0.5992791125322264,-0.020602223160119604,0.18499892950057983,0.8549685478210449,-0.05541340261697769,-0.2173331379890442,1736,1884,63,437,0.074,0.04179763748118043,0.07862715128743993,0.2890211952574398,0.33506596666435107,0.4913668700585389,0.7497343140967287,-0.03082780039828959,-0.008947116519959051,0.13539619147777557,0.2452442683279514,0.7909081682562829,0.8724567532539368,-0.16752654798328875,0.0426188566721975,-0.29540646970272066,-0.1572950456291438
final__none,26,first_gen,xstest,0.07080498011738641,0.2600048892825753,0.5015347197682688,-0.008808570157163402,0.2627531886100769,0.7567650079727173,0.16346120834350586,-0.03666968271136284,1736,1884,39,211,0.08,0.046315305102356284,0.09795429691854568,0.25573200021601133,0.28891916827073355,0.35111439489451557,0.6416722021253609,-0.019086764047160976,0.00329510970569077,0.16341798156499862,0.3379541367292404,0.6704891070723533,0.7723897233605385,0.017279798653908076,0.24319946393370628,-0.11156730726361275,0.017473049787804458
final__none,31,last_prompt,all,-0.158466368382412,0.770390170928321,-0.027858633090641193,-0.22416312444569614,-0.2014780342578888,0.443793922662735,0.03268341347575188,0.12465442717075348,1736,1884,418,831,0.021617293835068056,-0.19056324850879783,-0.12062139596621521,0.7164748668825001,0.8343240152997446,-0.06753660412059766,0.018439194350618058,-0.255983120458906,-0.18385049419074814,-0.2340869303792715,-0.15241374224424364,0.3513705968856812,0.49572692587971684,-0.05323821036145091,0.12091735266149041,0.03674653880298138,0.20259460248053066
final__none,31,last_prompt,false_reject,-0.04950709429411101,0.8863051434219394,0.0011321551092547317,-0.13694970646472454,-0.055770907551050186,0.35589879751205444,0.08631248027086258,0.10632678121328354,1736,1884,316,183,0.04408817635270541,-0.08950604000886057,-0.001036088509144648,0.829475245725594,0.9629169789333262,-0.044575833840970525,0.05946753411760078,-0.1868118136580232,-0.08005305962835023,-0.09730117488652468,-0.001211427012458472,0.17513020522892475,0.430672451853752,-0.03949681725353003,0.19632988236844506,-0.02206752048805356,0.21000883951783147
final__none,31,last_prompt,or_bench,-0.2641284730171654,0.8727775421957131,-0.15591552068643896,-0.27972898112188493,-0.28965625166893005,0.25547486543655396,-0.21771612763404846,-0.15015321969985962,1736,1884,63,437,0.01,-0.3008135084860765,-0.22243714341539886,0.8117210647816685,0.9414928010922272,-0.21164039292758355,-0.07940658075284342,-0.3138746484318808,-0.23773093878214704,-0.3170125760138035,-0.24782313704490663,0.11252688448876143,0.33092065677046767,-0.2985613062977791,-0.06808699071407326,-0.2371769670397043,-0.014133141422644352
final__none,31,last_prompt,xstest,-0.1646246374157544,0.9170128807291493,-0.05589685220307034,-0.18472121879974737,-0.17669795453548431,0.19550202786922455,7.934868335723877e-07,0.035097867250442505,1736,1884,39,211,0.0,-0.19621637194380484,-0.11716126104081333,0.8596222747443218,0.9896865288406955,-0.1032474417099213,-0.0011583750869292597,-0.2147150917350856,-0.13543588255861233,-0.20669226832687854,-0.12294317763298751,0.1232423597946763,0.21101641915738578,-0.09994953256100415,0.11052517276257276,-0.0764760348945856,0.13585797473788247
final__none,31,post_instr_0,all,0.32028020055174095,0.6361156553577552,0.6124982439223633,0.17329208018853512,0.4497081935405731,0.654154896736145,0.2221727967262268,-0.08061803132295609,1736,1883,418,831,0.2658126501200961,0.29863587129333785,0.3431943006325572,0.6142306290872974,0.6679828405735715,0.5794910556712379,0.6434446006769841,0.15297134158339898,0.19951518235965068,0.4192898117005825,0.47486560419201845,0.6027113854885101,0.6658177971839905,0.15347374603152275,0.27220779284834856,-0.1382899384945631,-0.022084214678034203
final__none,31,post_instr_0,false_reject,0.5204932981060383,0.7468090786426925,0.6557814461425425,0.2868809195896984,0.5717853307723999,0.6370072364807129,0.39674192667007446,0.039627555757761,1736,1883,316,183,0.4969939879759519,0.4934779814809998,0.5506533856766348,0.7306550504951604,0.7787493626772013,0.6219678708991659,0.6942955607367506,0.25797754012089164,0.3243644583257713,0.5423904806375504,0.592103311419487,0.5521827563643456,0.624459108710289,0.2969565600156784,0.4351697824895382,-0.0326678991317749,0.1115703683346509
final__none,31,post_instr_0,or_bench,0.2196600219076624,0.8468876273569821,0.5416146543637196,0.17324551946201822,0.25106561183929443,0.5694524049758911,-0.19883491098880768,-0.3531150221824646,1736,1883,63,437,0.13,0.19366310532401845,0.2507072016219625,0.816814251310005,0.889658066055421,0.4630844315509973,0.6268331851753057,0.14314305952754647,0.2057001809191537,0.21978414319455625,0.2815160848200321,0.4345879562199116,0.5821413829922675,-0.27299978509545325,-0.06461877282708901,-0.3999971754848957,-0.21417970284819604
final__none,31,post_instr_0,xstest,0.12189521453677048,0.7943545657148883,0.3762971401773167,0.07487306994093586,0.1516764909029007,0.37670713663101196,0.06356438994407654,0.006501995958387852,1736,1883,39,211,0.076,0.08959747385447045,0.15684521080666491,0.7720365171563595,0.8430757111148101,0.31011242079580165,0.4477492832504484,0.042594527975011544,0.11148591568839754,0.10877680592238903,0.1928542762994766,0.2541228421032429,0.40562299489974973,-0.05083046145737171,0.14784809276461597,-0.10137862358242274,0.09472982101142405
final__none,31,post_instr_1,all,0.23732394501259502,0.4705646933459854,0.6245355293663801,0.042553277473564695,0.45030996203422546,0.767142653465271,0.3763328790664673,0.034586064517498016,1736,1883,418,831,0.27301841473178545,0.21983674944378614,0.2562721801999199,0.45714400109514064,0.48768102759991366,0.5904644881203778,0.6570856923020619,0.023294524727244907,0.06479280525900576,0.4172672748565674,0.48027408570051194,0.7455965578556061,0.7767810672521591,0.3195508517324924,0.42155952826142307,-0.005496954359114169,0.07664083223789929
final__none,31,post_instr_1,false_reject,0.577264802920884,0.6424403968636929,0.7195520697540231,0.33156651608530097,0.6683685779571533,0.6713281869888306,0.5196296572685242,0.0953645408153534,1736,1883,316,183,0.6012024048096193,0.5472519013363922,0.6052794709614692,0.6252569904413501,0.6650786971780855,0.6841474008448108,0.7520060676156495,0.2859605935923821,0.37299350391064606,0.6451696619391442,0.6872662365436554,0.6113116860389709,0.6859968408942222,0.4500476397573948,0.5494705885648726,0.04228457631543279,0.15032056309282776
final__none,31,post_instr_1,or_bench,-0.004103014612879036,0.5744391918692664,0.34858312140704806,-0.054947934218738614,-0.007142461836338043,0.6895195245742798,-0.26754021644592285,-0.26262202858924866,1736,1883,63,437,0.06,-0.024225483518934294,0.018574914994067247,0.5532945339273441,0.6022509216345909,0.27614987446525757,0.4249965693825135,-0.07648598147806007,-0.03191686074187962,-0.0409390801563859,0.03290296019986272,0.6036028027534485,0.7009364008903503,-0.3308257833123207,-0.17497659958899026,-0.3219832323491573,-0.17503249421715744
final__none,31,post_instr_1,xstest,0.04165597274575915,0.6453815543986278,0.3004269485847927,-0.006173733678799207,0.06441070139408112,0.5549657344818115,-0.00597696378827095,-0.04180951043963432,1736,1883,39,211,0.044,0.01649051592727751,0.07157858759226733,0.627504769705095,0.6726883286560991,0.22828814001471642,0.3727346610189501,-0.0330644906381652,0.02519228038057499,0.025257348269224166,0.10906540825963018,0.4300272211432457,0.5890067145228386,-0.078220896422863,0.07448714356869458,-0.11685447245836258,0.03597040278837079
final__none,31,post_instr_2,all,0.2960724591632919,0.5581243957172889,0.6520244230803061,0.11702559476094783,0.46862295269966125,0.7406890392303467,0.32175612449645996,-0.028693467378616333,1736,1883,418,831,0.29703763010408324,0.2726984007078992,0.3202599150558429,0.5336986589395226,0.5906153252492079,0.6112503976825011,0.6863156180302733,0.09562078590144225,0.1435899421621254,0.4292879857122898,0.5053718656301498,0.7053736642003059,0.7501519009470939,0.24909442737698556,0.38412132933735843,-0.09522378034889697,0.03909265557304024
final__none,31,post_instr_2,false_reject,0.6109088571455253,0.6845047976093988,0.7450996276031888,0.3791913644421964,0.6658604145050049,0.6176209449768066,0.47737425565719604,0.08863027393817902,1736,1883,316,183,0.6292585170340681,0.5761279729864227,0.6382937103159464,0.662698187191639,0.721217338309162,0.6998444054480428,0.7825136581166506,0.3331964814976046,0.42097803424725755,0.6367116034030914,0.6820210903882981,0.4917826436460018,0.6653244957327843,0.39214383214712145,0.5059589758515358,0.011374559463001789,0.1627433180809021
final__none,31,post_instr_2,or_bench,0.11179601973896389,0.7151181086290015,0.43027183533836594,0.06588303782150363,0.154456228017807,0.6366403102874756,-0.18299423158168793,-0.2847443222999573,1736,1883,63,437,0.092,0.08500885574891039,0.13841923455189287,0.6799847766555661,0.7616999965305963,0.34955279975058806,0.5072505582582965,0.03675451443881809,0.09501814613099213,0.11332122441381216,0.1900678291916847,0.5072551131248474,0.6547243997454643,-0.2910721108317375,-0.02214578115381305,-0.38630217760801316,-0.10909434072673324
final__none,31,post_instr_2,xstest,0.03621196300051884,0.7702350855113274,0.25609284792671166,-0.004429535137062746,0.046962279826402664,0.43943148851394653,-0.15489627420902252,-0.17572686076164246,1736,1883,39,211,0.044,0.002291382731663487,0.07780635436857879,0.7324672731535251,0.8204123421355175,0.18678116612213522,0.3387734034070246,-0.04035611134878239,0.034190210064020767,0.002888463251292706,0.09663340356200932,0.2879290632903576,0.49705942943692205,-0.23961504511535167,-0.006024570274166778,-0.2581722430884838,-0.024086319422349362
final__none,31,post_instr_3,all,0.4092618362455736,0.44036891815966817,0.7376422878846935,0.24408374314787326,0.6807617545127869,0.8625649213790894,0.5722652077674866,-0.020390328019857407,1736,1883,418,831,0.37389911929543634,0.3921977913495035,0.427704096633612,0.42868158678093826,0.45692495584808085,0.7122973046365108,0.7608720712862526,0.2238809775135647,0.2642564522178306,0.6602959647774697,0.6994965702295303,0.843988448381424,0.8744839265942573,0.535843177139759,0.6030625388026237,-0.0595947977155447,0.019952535908669227
final__none,31,post_instr_3,false_reject,0.6744220163704668,0.5351493304977973,0.8023920453131868,0.45344658865677584,0.7833489179611206,0.8153784275054932,0.5582914352416992,-0.1294025480747223,1736,1883,316,183,0.7334669338677354,0.6524099453693695,0.6958866431160088,0.5223831249305539,0.5528942738203355,0.7759351409055909,0.8261322208910475,0.4215483329268523,0.49010013154684245,0.7687517285346985,0.7959234625101089,0.7714052125811577,0.8297129899263381,0.5022381111979485,0.5884057849645614,-0.17455733455717565,-0.07903164420276881
final__none,31,post_instr_3,or_bench,0.2502137117172404,0.5491759440227607,0.5925813754841064,0.2008563810819104,0.4146106243133545,0.8198992609977722,0.06995107233524323,-0.29669034481048584,1736,1883,63,437,0.154,0.22839699599982438,0.2732411661154857,0.5313813054548672,0.568196738221035,0.5174168154543363,0.6578349706600234,0.17870352445616536,0.224116860265796,0.38197780549526217,0.4455159530043602,0.7470936179161072,0.8362064391374588,-0.015904958825558424,0.14601018838584418,-0.36318235844373703,-0.21473746784031394
final__none,31,post_instr_3,xstest,0.19809848817826725,0.5540142964530446,0.4473329159168374,0.15203144307240657,0.3366924524307251,0.7456703782081604,0.2830945551395416,0.03401917591691017,1736,1883,39,211,0.096,0.17093974859119537,0.22541242685027799,0.5389131363726923,0.5734260921373209,0.3820625305476048,0.5200773053351043,0.12481384460138996,0.18223696617533067,0.29412177205085754,0.37544460669159885,0.6323456481099129,0.7741206914186478,0.20837675407528877,0.32495498210191726,-0.027844334952533245,0.09480668213218449
final__none,31,post_instr_4,all,0.3669712462666212,0.5075460730162855,0.7040710128267038,0.19740725032692197,0.5859209299087524,0.7678020596504211,0.5372228622436523,0.1077924370765686,1736,1883,418,831,0.33306645316253003,0.35003376858872187,0.38501952435581904,0.49194081046433547,0.5292850086410511,0.6730433856897752,0.7322344020539696,0.1793808574773866,0.21960436384359636,0.5633694767951966,0.605014406144619,0.7385371640324593,0.7786854892969132,0.4901196725666523,0.5707331582903862,0.0661116423085332,0.15413783416151997
final__none,31,post_instr_4,false_reject,0.6474026258482773,0.6929498462646538,0.7811189338904041,0.4165046316656234,0.6826841831207275,0.744365930557251,0.5519040822982788,0.05985551327466965,1736,1883,316,183,0.685370741482966,0.6219686597620111,0.6721523793916574,0.6735009799718097,0.7227059754921626,0.7502247321770507,0.8098301060153009,0.3854147535060596,0.45164654384743297,0.6626963660120964,0.6974067032337189,0.6769710972905159,0.7447682976722717,0.4707893989980221,0.5804811313748359,-0.02342853024601936,0.13300994634628294
final__none,31,post_instr_4,or_bench,0.20321563400618287,0.6342886771345289,0.5127519677776937,0.15859140433908714,0.3051069974899292,0.7053002119064331,0.016690516844391823,-0.20844031870365143,1736,1883,63,437,0.114,0.18275568915939544,0.22569021020194974,0.6165213372784099,0.6599143371200095,0.448293302219983,0.571817798335743,0.13585671414197403,0.1822371736028448,0.2744281321763992,0.33338182643055914,0.5849276408553123,0.7189527198672294,-0.07254325449466706,0.11374438591301442,-0.2704146943986416,-0.09627232104539872
final__none,31,post_instr_4,xstest,0.13474146854276475,0.6583952038171244,0.38883942612316225,0.08777550834185789,0.20049583911895752,0.5252779126167297,0.2234153151512146,0.12054703384637833,1736,1883,39,211,0.068,0.10766701980393285,0.1634331817197017,0.6384373158197919,0.6906116498333729,0.32081070093453773,0.4740329627838912,0.059656828572541266,0.11744933785351035,0.16053253673017026,0.23815533444285392,0.4000145815312862,0.5623944699764252,0.13159374780952932,0.2707874298095703,0.03355501489713788,0.18276293314993375
final__none,31,post_instr_5,all,0.2551534786592434,0.4543557260626716,0.6009710717146893,0.08120428370292791,0.4896464943885803,0.753951907157898,0.464962899684906,0.10986432433128357,1736,1883,418,831,0.22978382706164932,0.23997650502118092,0.27204494817382846,0.44041145828584427,0.4717580080037071,0.5718762115944418,0.6311567744040106,0.06622071766014283,0.09854599566475204,0.4646860159933567,0.5141229033470154,0.7234184548258782,0.7706123799085617,0.4188209310173988,0.50406174659729,0.060977848898619416,0.15377516150474543
final__none,31,post_instr_5,false_reject,0.4739840026520799,0.6261483551143893,0.6417694396935091,0.1842561593850888,0.6035576462745667,0.7825236916542053,0.5743939876556396,0.12804889678955078,1736,1883,316,183,0.46292585170340683,0.45289530974500064,0.5010947131436115,0.6108104814047026,0.6463094829192086,0.6110993246042132,0.674066769797382,0.1606181704347411,0.21750572496590065,0.5792804792523384,0.6248926520347595,0.7399269744753838,0.7937562823295593,0.5207566872239113,0.60245171636343,0.07453142534941436,0.1723707519471645
final__none,31,post_instr_5,or_bench,0.09067084072708309,0.5789621680680925,0.49619798768657675,0.032208118195029355,0.15472334623336792,0.7547333836555481,-0.11472346633672714,-0.23432005941867828,1736,1883,63,437,0.072,0.07343638820159018,0.10884772791356156,0.5574816811484469,0.6045516562655768,0.4272408688471055,0.5777325274460059,0.016117509194869914,0.04930305292706867,0.1258857898414135,0.18545982912182807,0.6757179781794548,0.7737968146800995,-0.18403282314538955,-0.04103744020685557,-0.2926607869565487,-0.15939735546708106
final__none,31,post_instr_5,xstest,0.1473329259044455,0.4818620347638072,0.43964862898889906,0.09330301895932257,0.2923951745033264,0.6021223068237305,0.15970952808856964,-0.017095258459448814,1736,1883,39,211,0.08,0.12650968592753556,0.1704396600594649,0.47194068008389634,0.509534341891325,0.3550577969924232,0.519169340810786,0.07528423681810327,0.11702253717677133,0.25242746323347093,0.32661404833197594,0.4832766130566597,0.6323171690106392,0.06320650177076459,0.2249803621321916,-0.0894750202074647,0.052845714520662966
final__none,31,post_instr_6,all,0.2428404339389974,0.4673704944027096,0.5877921203432597,0.06932682376026018,0.46106547117233276,0.7250595092773438,0.402741402387619,0.07712884247303009,1736,1883,418,831,0.2209767814251401,0.2273149323826773,0.2590834201658348,0.4512536620645344,0.4871246426047987,0.5593133072205191,0.6184895637168454,0.05431391057886902,0.08546857794531972,0.43414378762245176,0.48642168641090394,0.6935447081923485,0.7460398867726326,0.34717814698815347,0.44635891020298,0.024400729080662133,0.1264123551547527
final__none,31,post_instr_6,false_reject,0.46220278424030553,0.6462405213824275,0.6354881944677587,0.162977608978219,0.581740140914917,0.7783958911895752,0.5619279146194458,0.13413718342781067,1736,1883,316,183,0.45490981963927857,0.4403387445427593,0.48750774554913634,0.6286097264044207,0.6679544920685597,0.6041974684806858,0.6674456570922923,0.13821961182937495,0.19679683868341982,0.5570669248700142,0.6057119339704513,0.7366574287414551,0.7889853626489639,0.503922475874424,0.5932905539870261,0.07912656739354133,0.18038027808070176
final__none,31,post_instr_6,or_bench,0.08396283453254197,0.6152959474956274,0.4701905042866977,0.02828241287552207,0.13520623743534088,0.7225407361984253,-0.17875969409942627,-0.2790137529373169,1736,1883,63,437,0.062,0.06769870357605418,0.10456404759816591,0.5899930793417649,0.6447448508697846,0.4083954436675941,0.5475881798613328,0.01251534320208271,0.04845493081645889,0.10801071040332318,0.16544433757662771,0.6339849039912224,0.748433718085289,-0.2592497818171978,-0.0918110277503729,-0.34790155589580535,-0.19570996165275575
final__none,31,post_instr_6,xstest,0.1227484330999204,0.48692175342631344,0.39130333847398946,0.073110326718578,0.24444317817687988,0.5669575929641724,0.14410066604614258,0.005684171803295612,1736,1883,39,211,0.072,0.10620796284935011,0.14556096971213092,0.4758826366200235,0.5178354608754785,0.3190820989390327,0.4618726518715648,0.05766578988271755,0.09453753663068698,0.20798449516296386,0.28001319989562035,0.44876470118761064,0.5978658065199852,0.03464931380003691,0.21645287498831745,-0.08903561513870954,0.08523317463696002
final__none,31,first_gen,all,0.21585046160008567,0.20940053580158466,0.6923405248355343,-0.023828031474650256,0.7177492380142212,0.8969129920005798,0.6722472906112671,0.04091424494981766,1736,1884,418,831,0.20416333066453163,0.19735663406035447,0.23490272491423123,0.20353352452319518,0.22477385033219316,0.6416754906229724,0.7399526808956015,-0.03708820289690959,-0.009886482712742244,0.6691771417856216,0.7466875553131104,0.8773256167769432,0.9037008166313172,0.6010018065571785,0.7067957058548927,-0.006712387199513614,0.0715555302798748
final__none,31,first_gen,false_reject,0.4599719711235392,0.30724116424251063,0.7249138019865194,0.002476790007319128,0.8315550088882446,0.8861079216003418,0.80156409740448,0.11651339381933212,1736,1884,316,183,0.3967935871743487,0.42266589517624553,0.5033796943382642,0.29901846635324875,0.32847352388935724,0.6705780146834184,0.7882632224658929,-0.026343608279054825,0.03766340449407714,0.7997545093297959,0.8513489320874214,0.8571655005216599,0.8919519245624542,0.7380180478096008,0.8228265896439552,0.06025988599285483,0.14754389040172097
final__none,31,first_gen,or_bench,0.04147597887024787,0.36760935328334693,0.6256909984321205,-0.042747233038716116,0.11211490631103516,0.8521784543991089,-0.20688530802726746,-0.3043460249900818,1736,1884,63,437,0.074,0.023632910742758518,0.06429772020801995,0.34384371645706713,0.4056077201503545,0.5206214135653825,0.7818712148216332,-0.05639976053882691,-0.026048405889208214,0.06165661718696356,0.17314813397824758,0.7795650064945221,0.873919528722763,-0.320921079069376,-0.09928395524621013,-0.38097617626190183,-0.24029610790312292
final__none,31,first_gen,xstest,0.07733292315824672,0.29991276002908135,0.5360778338007338,-0.007458787719207635,0.24968452751636505,0.7908411026000977,0.06333638727664948,-0.13851144909858704,1736,1884,39,211,0.08,0.04806895842500564,0.11000605139513563,0.2914519811111881,0.3377175075592464,0.3714383439556177,0.6916268552514023,-0.023942567709029555,0.011457278065690324,0.14890138395130634,0.33799872696399685,0.6721979901194572,0.8088759616017341,-0.055255489051342005,0.14920900054275985,-0.20626076757907866,-0.07679462693631653
