checkpoint,layer,position,pseudo_source,t,off_axis,t_refused,t_answered,entanglement,cos_vbeh_vref,cos_vbeh_vover,cos_vbeh_vover_orth,n_harmless,n_harmful,n_refused,n_answered,pseudo_read_harmful,t_lo,t_hi,off_axis_lo,off_axis_hi,t_refused_lo,t_refused_hi,t_answered_lo,t_answered_hi,entanglement_lo,entanglement_hi,cos_vbeh_vref_lo,cos_vbeh_vref_hi,cos_vbeh_vover_lo,cos_vbeh_vover_hi,cos_vbeh_vover_orth_lo,cos_vbeh_vover_orth_hi
base__none,8,last_prompt,all,-0.022108786695770422,1.2091429054115674,0.047792934883696944,-0.03662343201074853,-0.018281616270542145,0.25919046998023987,-0.10840119421482086,-0.10368010401725769,931,1358,163,785,0.03691983122362869,-0.065323733047628,0.03714279612016644,1.1194318356560615,1.2770518262868593,-0.015313658940014812,0.13250588641993452,-0.0776888328422996,0.022177441271473697,-0.05333936559036374,0.030935308523476097,0.082618298381567,0.33872527554631227,-0.2575736477971077,0.12666999623179367,-0.2542013764381409,0.1256509268656367
base__none,8,last_prompt,false_reject,0.0355081953703566,1.4385894146865141,0.08701653298881916,0.01844409978246913,0.024675121530890465,0.20549237728118896,-0.4359685182571411,-0.44117337465286255,931,1358,108,326,0.055299539170506916,-0.012542894605447129,0.10910744460241875,1.345574750265741,1.5239401351077366,0.0141136582717143,0.18762472336804703,-0.03419591022953557,0.09030724361912597,-0.00867238650098443,0.07722929082810878,-0.03177728075534105,0.30079123973846433,-0.47547671794891355,-0.10398971047252419,-0.48403345271945,-0.10395768471062189
base__none,8,last_prompt,or_bench,-0.07290287357614578,1.2481274904720225,-0.03457441193840863,-0.07719335220459156,-0.05831039696931839,0.09498414397239685,0.008304791525006294,0.013866957277059555,931,1358,45,402,0.024608501118568233,-0.11328823604054744,-0.0020813418554630884,1.1503408416699878,1.3300045153821844,-0.11827997939678472,0.07774189587648156,-0.11836532864024289,-0.005308506641839442,-0.09255572650581598,-0.001589310984127235,-0.05983714647591114,0.2427288584411143,-0.20256781354546546,0.23410858213901467,-0.20041109286248684,0.23722596466541246
base__none,8,first_gen,all,0.10595290475719212,1.7294178360041494,0.19988211685158727,0.08644898485035486,0.061150409281253815,0.17352882027626038,-0.41330525279045105,-0.4247114658355713,931,1358,163,785,0.056962025316455694,0.04033095922607075,0.2010750052072258,1.5934535603382438,1.8161796809891348,0.1206115524690547,0.29526211792110457,0.014276237726218945,0.1792854700115947,0.023620360530912876,0.11846824958920477,0.07878952603787184,0.24430873543024054,-0.5201325714588165,-0.18138265162706385,-0.5314587771892547,-0.1885704904794696
base__none,8,first_gen,false_reject,0.20577856691334212,1.9140630590977317,0.25768899291535685,0.18858117930147555,0.10689279437065125,0.1160910427570343,-0.4714536666870117,-0.486651211977005,931,1358,108,326,0.08755760368663594,0.1343499402729998,0.29711771133906995,1.7676205530803273,2.0457915750781104,0.15828786545054907,0.3669471191641616,0.11468727832813386,0.2828799879615155,0.07056250628083945,0.15788881778717037,-0.012850045273080467,0.2052970871329307,-0.5479524537920952,-0.1554820984601975,-0.5613478660583496,-0.16816130280494695
base__none,8,first_gen,or_bench,0.012270135661943444,1.8838960707458288,0.10309397332155425,0.002103319113863639,0.006513016298413277,0.10914075374603271,-0.4759787321090698,-0.4766996502876282,931,1358,45,402,0.015659955257270694,-0.06000213179994006,0.11239338392240572,1.7342394139535753,2.001696639999223,0.002773750571687525,0.22206996176524157,-0.0735362147945308,0.10400961608157773,-0.03275375971570611,0.05986932981759309,0.008122493838891388,0.18968108110129828,-0.5492999643087387,-0.1484184786677364,-0.5508254066109657,-0.14882097281515638
base__none,16,last_prompt,all,-0.04086426404539839,1.3233907677155161,0.0446788422034015,-0.05862671442563043,-0.03086373209953308,0.3069337010383606,0.005506504327058792,0.014986769296228886,931,1358,163,785,0.035864978902953586,-0.08778521823183343,0.025195846674620735,1.2243944563803824,1.3968511461431379,-0.028102463995049263,0.12951565970567547,-0.1049537627448888,0.0029374995467258344,-0.06805947497487068,0.018419089447706878,0.12332760393619538,0.3903894752264022,-0.21881052441895008,0.23112103529274458,-0.2119507011026144,0.23484907522797585
base__none,16,last_prompt,false_reject,0.03767944331662333,1.6128517375080622,0.08917072340096636,0.02062097622477951,0.023355642333626747,0.2030591368675232,-0.39612099528312683,-0.4009729325771332,931,1358,108,326,0.0576036866359447,-0.022557761471809275,0.11281454562959484,1.5089329035787555,1.7030068489458234,0.006586433429374922,0.1882095873925004,-0.04157240575010748,0.09898902866475484,-0.014579924382269382,0.07145147528499357,-0.017747298162430526,0.30913324505090706,-0.4862285956740379,-0.034630782250315045,-0.49181633070111275,-0.0349003542214633
base__none,16,last_prompt,or_bench,-0.10222783247810813,1.2856670705119182,-0.027745069875260705,-0.11056544042789841,-0.07926328480243683,0.160687655210495,-0.0006258226931095123,0.012149030342698097,931,1358,45,402,0.020134228187919462,-0.14448570309470757,-0.03781358784671076,1.19111927891512,1.3720411414810647,-0.11613566630351999,0.08108250953692814,-0.15203068697260325,-0.045668337007587566,-0.11331934779882431,-0.02867689803242684,0.005624035210348667,0.2786749526858329,-0.2281981136649847,0.20700169391930048,-0.22072288244962693,0.22118429504334874
base__none,16,first_gen,all,0.24086545308442983,1.4844436639054188,0.27416222364533044,0.23395153656387277,0.1601649969816208,0.05452150106430054,-0.27535977959632874,-0.28780776262283325,931,1358,163,785,0.25843881856540085,0.183936228609327,0.31081863892566186,1.385407929285485,1.5481528638884914,0.20076414129110445,0.36225393473545964,0.17730812727371106,0.3047897601360436,0.12380269430577755,0.2093335349112749,-0.027529667085036635,0.15103254765272128,-0.3785523548722267,-0.09726932421326642,-0.3903853364288807,-0.11297050639986995
base__none,16,first_gen,false_reject,0.296561055900172,1.6570064588088127,0.32186680147420593,0.28817758629741724,0.17617462575435638,0.0497605986893177,-0.28667333722114563,-0.3001343011856079,931,1358,108,326,0.2903225806451613,0.23635562586228392,0.37904710844953493,1.5504050269601148,1.7513288923844408,0.23876467664478015,0.42859118080283143,0.22309832568105353,0.36802026148061023,0.1421732757240534,0.22372031696140762,-0.05365568250417709,0.15560165233910078,-0.3774018697440624,-0.0529327091760934,-0.3903024226427078,-0.06966881342232235
base__none,16,first_gen,or_bench,0.1868415832214915,1.631342561904107,0.18601352916894986,0.18693424768558908,0.11378851532936096,-0.0009460616856813431,-0.36507293581962585,-0.367351233959198,931,1358,45,402,0.24384787472035793,0.12406985198985905,0.26146092376163343,1.5173771073745874,1.7285757054479227,0.08850107480388036,0.30534125286724145,0.12443655334004604,0.26329297789227646,0.07523339726030827,0.16025109998881815,-0.08146119695156813,0.10025610830634811,-0.43975810408592225,-0.10578247755765924,-0.44121519178152085,-0.10841584168374546
base__none,19,last_prompt,all,-0.07996072056728191,1.3036183091428788,-0.010546218864341208,-0.09437417532859188,-0.06122245267033577,0.2585849463939667,-0.006796226836740971,0.009051965549588203,931,1358,163,785,0.027426160337552744,-0.1201937161084466,-0.015900234177965402,1.2030558535728235,1.380487849429827,-0.0729789309546008,0.06905682814036018,-0.13448554019597522,-0.03178586960253282,-0.09516110830008984,-0.011869638692587685,0.08746175728738308,0.3541720353066921,-0.25634526908397676,0.2471650376915931,-0.2487102195620537,0.25397042930126185
base__none,19,last_prompt,false_reject,-0.041301599327703026,1.562213219104016,0.010639217243062524,-0.05850900588334615,-0.02642863243818283,0.2154425084590912,-0.3408666253089905,-0.33528992533683777,931,1358,108,326,0.05069124423963134,-0.09551877514936212,0.03442261331758914,1.459900444036812,1.6515957906541143,-0.06340073025087242,0.10899486251974908,-0.1160461409802849,0.021742832157147333,-0.06215731929987669,0.022177502885460835,-0.015707959234714505,0.33499823957681657,-0.4745659321546555,0.019083765754476,-0.46528437808156015,0.022052157530560813
base__none,19,last_prompt,or_bench,-0.11456174609275978,1.2848829789250582,-0.04775375812077054,-0.1220402836455583,-0.08880893141031265,0.15316563844680786,-0.07617275416851044,-0.0628184974193573,931,1358,45,402,0.008948545861297539,-0.15481465952896056,-0.04512864676849388,1.1835089574302153,1.374356197107076,-0.13875832134550745,0.06295426988723554,-0.16492848020147644,-0.051258083722675624,-0.12448548637330532,-0.03365907119587067,0.0037756071658805023,0.2680773869156836,-0.29570645168423654,0.19262259490787972,-0.28893992528319357,0.2052677113562821
base__none,19,first_gen,all,0.31427621346653895,1.5841939323632415,0.336070177173698,0.30975081758946194,0.1945902407169342,0.031229780986905098,-0.27371183037757874,-0.28524139523506165,931,1358,163,785,0.3227848101265823,0.2569751206339638,0.3886640960472119,1.4686932248287723,1.6529590187654677,0.2520680032637367,0.43823309162120494,0.2518996255570626,0.3845620730464541,0.1593872308731079,0.24143812172114845,-0.04619487887248397,0.12276370730251072,-0.38674558997154235,-0.0709380857646466,-0.3922089204192162,-0.08677337355911734
base__none,19,first_gen,false_reject,0.3632093248161397,1.7750833636180852,0.3757253205048727,0.3590628804292352,0.2004619836807251,0.02138427086174488,-0.26759421825408936,-0.2775140404701233,931,1358,108,326,0.35714285714285715,0.29515633816502007,0.4567016041791721,1.6469087866415075,1.884562840171507,0.2782504406764506,0.49441755858912706,0.28126038716073337,0.4575186416364877,0.16338925510644914,0.24549794644117354,-0.07307030651718378,0.13213346153497693,-0.38694624453783033,-0.027785597043111926,-0.39224341958761216,-0.03349107066169411
base__none,19,first_gen,or_bench,0.26459997658675216,1.7574352133313769,0.2561136473861069,0.2655499143340401,0.14888229966163635,-0.008651998825371265,-0.3741028308868408,-0.377016544342041,931,1358,45,402,0.3042505592841163,0.19620402104939297,0.34471721143211276,1.6158427781453841,1.8726703592695844,0.14561008132042808,0.3775740825106774,0.1953356968792997,0.34491779538125017,0.11228547375649214,0.19493615403771397,-0.08672994393855334,0.09540860615670671,-0.4459098592400551,-0.09041570164263252,-0.45014619529247285,-0.09655023459345104
base__none,24,last_prompt,all,-0.17774062227740903,1.3422217897782975,-0.10837206690363176,-0.19214452161374537,-0.1312766671180725,0.2417934238910675,-0.02417209930717945,0.007635813672095537,931,1358,163,785,0.027426160337552744,-0.2161706267624737,-0.11139048818317293,1.233428018308914,1.4205132579471327,-0.1719033372546578,-0.02215755987574821,-0.23031639464501927,-0.12563018833121167,-0.16582868248224258,-0.08336049653589726,0.05600333120673895,0.3473157756030558,-0.3083266578614712,0.2567167669534681,-0.27978637516498567,0.2718411765992641
base__none,24,last_prompt,false_reject,-0.17562060422255965,1.6429696930466706,-0.11340423647164125,-0.1962321550795501,-0.1062866821885109,0.23879730701446533,-0.3550260663032532,-0.33152297139167786,931,1358,108,326,0.05069124423963134,-0.23533462435765956,-0.09761426391064004,1.5240472467247632,1.7391832076501366,-0.19180378405927126,0.0004458022161280122,-0.2552578679261262,-0.10964622130761428,-0.14302379116415978,-0.060059100482612884,-0.0036033071577548956,0.3515334442257877,-0.5105678454041481,0.039703879319131226,-0.47969364300370215,0.04595294743776303
base__none,24,last_prompt,or_bench,-0.19711370049087823,1.2849163958599386,-0.11414355142499955,-0.20640138662626809,-0.15163201093673706,0.18536052107810974,-0.18851447105407715,-0.16228438913822174,931,1358,45,402,0.008948545861297539,-0.23878181792578484,-0.13232040501050443,1.1817819843842414,1.3813511842998736,-0.20008399808895222,-0.002361911716487082,-0.24498632804091314,-0.13787787371184257,-0.18618505597114562,-0.09916397165507079,0.02109120497480035,0.2847025103867053,-0.3743830449879169,0.133474502339959,-0.3531845293939114,0.1436022389680147
base__none,24,first_gen,all,0.4219090693057607,1.5974735145426215,0.4442868808504988,0.41726248392404836,0.2553543150424957,0.029277700930833817,-0.20955908298492432,-0.22447723150253296,931,1358,163,785,0.42616033755274263,0.360868710157833,0.49681541977195565,1.4770015477747287,1.6638658582951968,0.3524359308293814,0.5511733037439059,0.3595680960054963,0.4919091193758311,0.22238157987594603,0.30477879047393797,-0.054138308949768545,0.11023595202714201,-0.32684104740619657,-0.023111892864108228,-0.3383669674396515,-0.030497341509908477
base__none,24,first_gen,false_reject,0.4606901801911259,1.8230960004358097,0.466199555977184,0.4588649686677332,0.24499548971652985,0.008055666461586952,-0.19475728273391724,-0.20291487872600555,931,1358,108,326,0.4700460829493088,0.383471310382817,0.5590673744122306,1.6782599580669084,1.9281852991496395,0.35664498696481606,0.5954239776291868,0.37873078401724214,0.5552582271075651,0.2074577298015356,0.2967350386083126,-0.07310761734843255,0.10612188037484883,-0.3238906130194664,0.02887695506215081,-0.3296419396996498,0.02752422485500565
base__none,24,first_gen,or_bench,0.380518517048944,1.772809799746197,0.3927653113076082,0.37914765344324763,0.2098616659641266,0.011572448536753654,-0.31847238540649414,-0.32820987701416016,931,1358,45,402,0.378076062639821,0.31637261294298,0.4596784332118664,1.623990423571949,1.8843825990713174,0.2730724057257634,0.5266229952615767,0.3125012049218799,0.4609457593573504,0.1788132105022669,0.25062758997082707,-0.06646311618387699,0.11200116518884898,-0.39224360063672065,-0.05136170405894526,-0.3971664056181908,-0.06397929005324841
base__none,26,last_prompt,all,-0.16139685141314927,1.2639867520217747,-0.09161725364816699,-0.17588614125513063,-0.12666034698486328,0.24434587359428406,-0.021106261759996414,0.009922586381435394,931,1358,163,785,0.027426160337552744,-0.19607649849025702,-0.10047967297912844,1.1641829133305062,1.3378013921964016,-0.1509024794749981,-0.009735284498129977,-0.210288234473078,-0.11388406657066272,-0.15686558596789837,-0.07926069218665362,0.057589443027973176,0.3538219019770621,-0.28924622386693954,0.2514051698148246,-0.2565579891204834,0.2631128363311289
base__none,26,last_prompt,false_reject,-0.15599425386799437,1.5548061982366381,-0.09448692546984855,-0.1763708953156545,-0.09982915967702866,0.23686785995960236,-0.34772205352783203,-0.3257027566432953,931,1358,108,326,0.05069124423963134,-0.2085932728234219,-0.08194339483855101,1.446704109256783,1.645676105441909,-0.1698456238770741,0.014471003025146943,-0.2288605344579564,-0.09794013375725406,-0.13374187499284745,-0.05356096774339677,-0.0008542462252080409,0.3528588756918903,-0.48387318253517153,0.026009364984929555,-0.4604257710278034,0.030985904298722663
base__none,26,last_prompt,or_bench,-0.18420302243885925,1.2236572131198482,-0.10217449297433392,-0.19338531148616891,-0.14885765314102173,0.1892278492450714,-0.14774253964424133,-0.12092175334692001,931,1358,45,402,0.008948545861297539,-0.2221754065547617,-0.12302607477647451,1.126177850906827,1.3156790891862067,-0.18875322724791446,0.0073188345235385335,-0.22803717134820486,-0.12930871259240423,-0.18046417310833932,-0.09745250754058363,0.022382434178143742,0.28411604613065716,-0.33721470832824707,0.16240135170519346,-0.3241359695792198,0.17193945311009873
base__none,26,first_gen,all,0.46318844661996095,1.5867509858424937,0.4973586854226853,0.45609327868191696,0.2802152633666992,0.043668147176504135,-0.19557830691337585,-0.21648786962032318,931,1358,163,785,0.4440928270042194,0.4000107972443922,0.5368196398779393,1.465069985876147,1.652611994248023,0.40334517124715297,0.603892784553105,0.3975239729660283,0.5325245337851575,0.24778372272849084,0.3301880203187465,-0.04014799650758505,0.12148576118052005,-0.30712088048458097,-0.016463764593936545,-0.3270241282880306,-0.022766705183312343
base__none,26,first_gen,false_reject,0.509839797548232,1.809678795295638,0.5199672485194343,0.5064847392535962,0.27117323875427246,0.014217009767889977,-0.16821518540382385,-0.1787688136100769,931,1358,108,326,0.4861751152073733,0.4316741076967873,0.599293792553791,1.666902414850322,1.9085109038031751,0.4135488091658362,0.6405265205190181,0.42315627596488226,0.5981352824374402,0.235762520134449,0.321825698018074,-0.05938136214390397,0.10457492657005787,-0.2943062908947468,0.035975902900099756,-0.30917296558618546,0.03224984211847185
base__none,26,first_gen,or_bench,0.41759388515609913,1.7656272898922887,0.44517316970403686,0.414506649187962,0.23016315698623657,0.025753140449523926,-0.3076906204223633,-0.32227036356925964,931,1358,45,402,0.3959731543624161,0.3535051145218428,0.49622927310754456,1.6124076336617135,1.8699921325879005,0.32134618012269556,0.580206318158414,0.3493052337791115,0.4979263473883889,0.19726074896752835,0.27127080112695695,-0.056458469852805136,0.1180689699947834,-0.378714357316494,-0.04332268321886659,-0.39092365130782125,-0.06267614588141446
base__none,31,last_prompt,all,-0.20450108154654048,0.8381289088773699,-0.14841257605698538,-0.21614744015494483,-0.23704300820827484,0.27793124318122864,-0.125287264585495,-0.061148352921009064,931,1358,163,785,0.027426160337552744,-0.2547340194883007,-0.14762452838473916,0.7745480313119473,0.9101144285264383,-0.21886668485529337,-0.0609829161294289,-0.26538988639191097,-0.16121230489516006,-0.283612334728241,-0.17754825055599213,0.026863602455705404,0.45185713320970533,-0.36536177396774294,0.15223825648426983,-0.31860358119010923,0.18747829869389498
base__none,31,last_prompt,false_reject,-0.13937538997100044,1.0166990373004168,-0.09168588761184562,-0.15517433661158408,-0.13581594824790955,0.24602311849594116,-0.35144883394241333,-0.32100939750671387,931,1358,108,326,0.05069124423963134,-0.2028280246323855,-0.06734804037934426,0.9469008090963975,1.0965706898509098,-0.19018908258974165,0.0342677142267119,-0.21320888244565578,-0.07954721530554262,-0.18936582542955877,-0.06684757769107834,-0.1178457822650671,0.5069580346345901,-0.491486381739378,0.016465590591542158,-0.45030653327703474,0.002762560220434896
base__none,31,last_prompt,or_bench,-0.28262099112122924,0.8003836668792769,-0.30057534554652104,-0.2806111994759668,-0.33295905590057373,-0.06630417704582214,-0.20390741527080536,-0.23965862393379211,931,1358,45,402,0.008948545861297539,-0.3325018744582592,-0.22282511662250382,0.74369739273822,0.8724930774197588,-0.3885112324216887,-0.19502453178451734,-0.3294160143517484,-0.21853974224403172,-0.37134904116392137,-0.27060385644435886,-0.23051403798162937,0.21427485458552809,-0.3644972786307335,0.13502432852983473,-0.3838526263833046,0.10341277271509164
base__none,31,first_gen,all,0.39225340051963353,1.1263389420113705,0.3854415375504181,0.3936678307272042,0.328882098197937,-0.012661606073379517,-0.061153899878263474,-0.06034677475690842,931,1358,163,785,0.4050632911392405,0.30873363385637487,0.4849033687127057,1.0095668271199973,1.2021702068711544,0.2671321791422023,0.4964900139823119,0.31309839223815217,0.48004356110267804,0.268243931978941,0.3961193330585956,-0.11203888580203056,0.1144100816920399,-0.22964828871190548,0.15199122428894027,-0.2183568265289068,0.1416902568191288
base__none,31,first_gen,false_reject,0.39813338667168524,1.37738125836766,0.3888401400706872,0.4012121507918237,0.2776833772659302,-0.018870986998081207,-0.20382697880268097,-0.20671647787094116,931,1358,108,326,0.4009216589861751,0.2812209257523931,0.5171400417544971,1.2558995324959539,1.4928087250687097,0.25550974905620777,0.5336193407479484,0.28136078219573846,0.5201184249668811,0.2056556288152933,0.3543225534260273,-0.12534083444625138,0.14140676259994503,-0.3437237799167633,0.03466651649214309,-0.32751991897821425,0.006485447846352337
base__none,31,first_gen,or_bench,0.3843468658632577,1.2255005437760458,0.35522747268073623,0.38760655754990364,0.2992522418498993,-0.04129138961434364,-0.2170882225036621,-0.21456429362297058,931,1358,45,402,0.3982102908277405,0.30433409113259074,0.4625473398672519,1.121592954101749,1.3147748232736793,0.1730060638980761,0.5200898295935398,0.305285541800584,0.4662538719887189,0.24204883240163327,0.3558583982288837,-0.17785216830670833,0.16596214398741702,-0.3372884221374989,0.06040738709270935,-0.3238036081194878,0.05742341103032222
sft__none,8,last_prompt,all,0.17390131619424443,1.0736004103609782,0.3004986180097861,0.08599121723177836,0.15989547967910767,0.4163200855255127,0.09347542375326157,0.027258455753326416,1720,1876,509,733,0.0893719806763285,0.13789196314639657,0.22079627507789124,1.0207407375461928,1.12158729134675,0.25387392799430597,0.3527746548667452,0.05220454843249469,0.13462575372464933,0.13070334866642952,0.2014522898942232,0.3410640127956867,0.4494110435247421,0.0007230098359286832,0.18016511537134647,-0.07127286978065966,0.11891521327197539
sft__none,8,last_prompt,false_reject,0.28275897173077863,1.3163734857158047,0.3473685206457054,0.15810062396229163,0.21001121401786804,0.3907853960990906,-0.03108832612633705,-0.11573871970176697,1720,1876,328,170,0.16265060240963855,0.2360313655949337,0.3341209148347963,1.2549490205967297,1.3754168855700035,0.2956837367313721,0.4075254326676642,0.11131382298128692,0.21758437769919908,0.18255552761256694,0.2473039425909519,0.2671334959566593,0.4022052094340324,-0.12777153663337232,0.09210648238658872,-0.2055342573672533,0.024225328071042627
sft__none,8,last_prompt,or_bench,0.11132651080717827,1.3424586967240046,0.22837615568442715,0.08035149097007403,0.08264363557100296,0.24174711108207703,-0.10707591474056244,-0.12749090790748596,1720,1876,104,393,0.04426559356136821,0.07108472672950739,0.16277428096326924,1.2744076001191273,1.407163848933525,0.17397425893121293,0.2998516247048261,0.03917798861450536,0.13417849809275664,0.053608659841120246,0.11991930212825536,0.14480906017124653,0.2902101211249828,-0.21926435865461827,0.029553524358197962,-0.24034546352922917,0.00754191596060989
sft__none,8,last_prompt,xstest,0.08033264757103566,1.2554344265131374,0.1982573212287355,0.026919678544826568,0.0638573169708252,0.2835732102394104,0.09056384861469269,0.07260380685329437,1720,1876,77,170,0.032388663967611336,0.03908231216950005,0.13753345447628232,1.2061381656340293,1.3245390680056,0.13635949347108192,0.26749983875906247,-0.012871699637145323,0.08451033985775473,0.031319276383146646,0.10348030291497706,0.16798083297908306,0.29521014764904974,-0.009695321321487427,0.15650413967669008,-0.025232684798538685,0.14161086902022355
sft__none,8,post_instr_0,all,0.2736130895686569,0.9091112589956967,0.3908705946168166,0.19218873712055387,0.2881978750228882,0.4521039128303528,0.23191218078136444,0.10611937940120697,1720,1876,509,733,0.1537842190016103,0.24366755026634804,0.3087830199923517,0.8704284001668796,0.9459866018165918,0.3537117662884344,0.4332958511282469,0.16220479454536157,0.22702061538854046,0.26140715181827545,0.3199453741312027,0.3864138968288898,0.49166427701711646,0.14082864820957183,0.301313316822052,0.01270070595201105,0.18374432548880576
sft__none,8,post_instr_0,false_reject,0.3703162850197189,1.1799076322365711,0.43690286273857365,0.2418433554463112,0.2994498610496521,0.4860880672931671,0.10915639996528625,-0.03815341740846634,1720,1876,328,170,0.25903614457831325,0.3283745336585748,0.41102638462422786,1.1381064440061457,1.2318612727181095,0.3894263662333157,0.4856520185590338,0.19975072804214578,0.28344565991767257,0.2714781560003757,0.32973049134016036,0.3902118429541588,0.5030728429555893,0.008412634057458492,0.20406556427478764,-0.1384024415165186,0.07159407958388317
sft__none,8,post_instr_0,or_bench,0.2167752035679121,1.0449742621188804,0.320357506747078,0.18936411324346616,0.20312100648880005,0.26615625619888306,-0.27265989780426025,-0.33367782831192017,1720,1876,104,393,0.08249496981891348,0.18075666646895716,0.2533981301730913,1.0032081485335635,1.085961511206476,0.2750766747034548,0.3719383675033879,0.153245450909332,0.22736860103940582,0.1730230651795864,0.2335284747183323,0.17093573622405528,0.3519998617470264,-0.3434125639498234,-0.15094561725854877,-0.393448892980814,-0.2141301728785038
sft__none,8,post_instr_0,xstest,0.19300678159211299,1.0662590660582787,0.2900234159920864,0.14906397253935788,0.17811846733093262,0.3509770631790161,0.07542698085308075,0.01312131155282259,1720,1876,77,170,0.08502024291497975,0.15466008057082822,0.23778945784094194,1.0276918586134633,1.1185643578922804,0.22686113490529392,0.35740349716487757,0.10646373289888797,0.1948676694590739,0.14411423541605473,0.2129303492605686,0.17732777521014215,0.3987522587180136,-0.04782895529642701,0.16743512824177734,-0.0841903980821371,0.11134316530078643
sft__none,8,post_instr_1,all,0.5572282553350084,1.0643489217483117,0.6757894821819646,0.47489855728627905,0.4638189971446991,0.3798984885215759,0.08562981337308884,-0.10223642736673355,1720,1876,509,733,0.5636070853462157,0.5061256155500945,0.6121912463484888,1.0213909665835075,1.1134191772859847,0.6231358910147419,0.7381896131171366,0.41484678189994884,0.5308822807958519,0.4217977873980999,0.5077538803219795,0.3006740689277649,0.43293225839734073,-0.006216062232851981,0.18629724122583863,-0.18857345171272755,0.0025901651126330576
sft__none,8,post_instr_1,false_reject,0.5348079713164331,1.2537316416083604,0.6472212899649983,0.3179164991476819,0.39236578345298767,0.5769370794296265,0.1918921172618866,-0.03748413547873497,1720,1876,328,170,0.5582329317269076,0.4725943670248775,0.5919128359844801,1.1982232768764933,1.3090524022545522,0.5817479032103305,0.714472511347846,0.2515090941950231,0.3823109314587856,0.3526399426162243,0.43154750093817706,0.4920681655406952,0.587902894616127,0.0859309896826744,0.2819942474365233,-0.13257002085447311,0.0681568695232272
sft__none,8,post_instr_1,or_bench,0.6249676769999076,1.1836721611416252,0.8456744614956649,0.5665618343301502,0.46690571308135986,0.3923632502555847,-0.22022858262062073,-0.45620492100715637,1720,1876,104,393,0.6317907444668008,0.5706119353726878,0.6782697549919048,1.1179657520415562,1.231598323534316,0.7799614255774554,0.91414453371167,0.5049190317460988,0.6226383309693957,0.4288276873528957,0.5024264067411423,0.3024325296282768,0.4499976143240928,-0.3093864195048809,-0.09082749933004387,-0.5199601024389267,-0.34502119049429897
sft__none,8,post_instr_1,xstest,0.4661303312137294,1.4708892481859752,0.5680277743603578,0.4199768291916866,0.3020971417427063,0.3349922299385071,0.2515506148338318,0.15771949291229248,1720,1876,77,170,0.43724696356275305,0.3824900701741759,0.54619379099862,1.4107569142907617,1.5360802236742033,0.47403657136961025,0.6685074295021082,0.33324762337418956,0.514498498101393,0.25048991218209266,0.3479403167963028,0.15676730275154113,0.3848444916307926,0.0631545338779688,0.34734850153326985,0.0010413883894216285,0.2663330748677253
sft__none,8,post_instr_2,all,0.34896756485245456,0.9517522140741531,0.3933588351330521,0.31814215029263404,0.3442475199699402,0.15370026230812073,0.15801134705543518,0.11194244027137756,1720,1876,509,733,0.30917874396135264,0.297709288350747,0.4019285899869629,0.9042681396891907,0.9996355871065548,0.32317343969866186,0.46225618453959516,0.2622994870203187,0.3744178557856082,0.29722719863057134,0.3901179194450378,0.01428029707167298,0.2706512190401554,0.047888698615133764,0.26327375471591946,-0.000203397567383944,0.20778026171028613
sft__none,8,post_instr_2,false_reject,0.2944674928828526,1.298018380899859,0.3677888585311816,0.1530003177046436,0.2212376594543457,0.5287232398986816,0.007722286507487297,-0.11202725768089294,1720,1876,328,170,0.27309236947791166,0.21121113765932267,0.3674840094113142,1.228526121860796,1.3621099786772064,0.27098597738393043,0.4510958141112278,0.0684614359916917,0.23464844635499205,0.16100875474512577,0.27418157979846,0.30104920566082,0.5913278967142105,-0.1278734765946865,0.13356709405779824,-0.22650178633630275,0.020173056609928585
sft__none,8,post_instr_2,or_bench,0.4771221173357483,1.0566122452816327,0.6206077415872617,0.4391514413859788,0.4115454852581024,0.24013161659240723,0.0004019439220428467,-0.10799244046211243,1720,1876,104,393,0.41851106639839036,0.4121657040132891,0.5453744441023854,0.9996648777076851,1.1088196146262324,0.509603547506498,0.7312562190373494,0.3755687710405263,0.5066919478436799,0.3623284287750721,0.46333060115575786,0.09977069608867169,0.353181029856205,-0.14607702121138572,0.15730701461434352,-0.2570714697241783,0.0592152717523276
sft__none,8,post_instr_2,xstest,0.20098480706788993,1.4938926490639395,0.1953462676829533,0.20353876134736373,0.13333635032176971,-0.025577057152986526,-0.11286360770463943,-0.11043940484523773,1720,1876,77,170,0.16194331983805668,0.06668845681606544,0.36676034259540774,1.386798675570699,1.578119719175343,0.06528488906793652,0.36827099506773925,0.056398139850782826,0.37616575084120923,0.04523956561461091,0.22937486767768858,-0.20115687400102616,0.18068304657936096,-0.2907078072428703,0.18044629357755163,-0.28261034190654755,0.1676557771861553
sft__none,8,post_instr_3,all,0.9195308804252446,1.0810803357643843,1.029649036013621,0.8430642272400631,0.6478989124298096,0.38813960552215576,0.19994118809700012,-0.06765430420637131,1720,1876,509,733,0.8156199677938808,0.8626271013456437,0.9701237192141314,1.0110862044193625,1.1480256202619337,0.9704963094042226,1.0943224462800536,0.7779368732856685,0.8963679206174807,0.6084951147437095,0.6850765511393547,0.2701174795627594,0.46873963549733155,0.07491514887660741,0.30611496344208716,-0.1677007455378771,0.03396152863278978
sft__none,8,post_instr_3,false_reject,0.8803276155671949,1.273424934172384,1.0102209949026573,0.6297097284907976,0.568653404712677,0.6857215166091919,0.33388304710388184,-0.06814533472061157,1720,1876,328,170,0.7369477911646586,0.8103737450971175,0.9428454020800435,1.2043865859408092,1.3466645686033227,0.9391420466901976,1.0819011593526235,0.5435682252763803,0.7115061578634944,0.5262483894824982,0.6047433897852897,0.5889638841152192,0.7051412180066109,0.2083729702979326,0.41879935264587403,-0.1832004625350237,0.030438295053318125
sft__none,8,post_instr_3,or_bench,1.0423266833843963,1.1678451760926,1.2251964316021833,0.993933718553017,0.6658763289451599,0.39440351724624634,-0.06989187002182007,-0.44569462537765503,1720,1876,104,393,0.9295774647887324,0.9859623833278238,1.0890009902716034,1.079074839817226,1.2375021308327823,1.1577491814442267,1.297246354347787,0.9282337064523326,1.0462951152984403,0.6287400320172309,0.6982989072799682,0.2717622980475426,0.4858145043253897,-0.19751452207565307,0.09687967412173745,-0.522512236237526,-0.3008737385272981
sft__none,8,post_instr_3,xstest,0.7514895837471066,1.411596823669893,0.8482915054777992,0.707643976329676,0.4699249863624573,0.38640981912612915,0.22893795371055603,0.0536467619240284,1720,1876,77,170,0.7449392712550608,0.6627526529094621,0.8286163404318208,1.3408034761611252,1.4803632217476062,0.7483550499091821,0.9476499013569245,0.6084815474312585,0.794758256713449,0.41222336813807486,0.5158495366573334,0.13262103274464607,0.5087554723024368,0.03282051524147392,0.3415513530373573,-0.05837292699143291,0.1504689209163189
sft__none,8,post_instr_4,all,0.4270496137921293,1.0705264415427675,0.521209932340972,0.3616640799533964,0.370522141456604,0.3305618464946747,-0.018329590559005737,-0.1516004502773285,1720,1876,509,733,0.36312399355877617,0.37757182077856377,0.4842577435923831,1.0325896001800456,1.113567747149244,0.4713079757885886,0.5807634894437631,0.3135003910571874,0.42057612063986827,0.3337895475327969,0.41494309678673746,0.2667147986590862,0.37712811753153785,-0.10443131327629089,0.08025572020560502,-0.2381368141621351,-0.04458811897784488
sft__none,8,post_instr_4,false_reject,0.41795066086074106,1.253773681777693,0.4977388189645861,0.26400637130860644,0.31624552607536316,0.4854459762573242,-0.0006678912322968245,-0.16252943873405457,1720,1876,328,170,0.35943775100401604,0.36779489973187834,0.47340181950753957,1.2075719183164775,1.306885947038805,0.4446659998485808,0.5526278662276647,0.21276827084251074,0.3245039414296747,0.27842418774962424,0.3543911047279834,0.39825107008218763,0.5044852152466773,-0.09159255549311637,0.09495757408440111,-0.24516230151057244,-0.048212313093245196
sft__none,8,post_instr_4,or_bench,0.47570993620078583,1.2197864756348447,0.6502769400493074,0.4295140889904647,0.3633407652378082,0.3340534269809723,-0.39645957946777344,-0.5558217763900757,1720,1876,104,393,0.4225352112676056,0.42106703607484885,0.5320898210741744,1.1589258999067529,1.2672069867136142,0.5999744728789641,0.7071735895735126,0.37088049102440357,0.489698013330583,0.32822499573230746,0.4090921737253666,0.25533825904130936,0.39140198975801466,-0.4489141568541527,-0.2677329145371916,-0.5943417459726333,-0.4351329937577248
sft__none,8,post_instr_4,xstest,0.3474832833375791,1.338369576986063,0.44686653612202015,0.3024685072683485,0.25130000710487366,0.3022419810295105,0.08718589693307877,0.011604886502027512,1720,1876,77,170,0.25101214574898784,0.276240489256681,0.415559765109397,1.2987585605026655,1.386603706145087,0.3650707468164943,0.5267032599383811,0.23278452323266483,0.377531785962463,0.20467994846403598,0.29744150191545476,0.1605859711766243,0.35533456802368163,-0.022190897166728972,0.18145003840327253,-0.08224913366138935,0.10564617719501254
sft__none,8,first_gen,all,0.30971200711493996,0.42487364896232604,0.8429938107310798,-0.06060231349606134,0.5890583395957947,0.8789597749710083,0.3738284111022949,-0.1781114637851715,1720,1876,509,733,0.2914653784219002,0.28320168749599733,0.3422618669532429,0.3989026407639155,0.45736033937831944,0.7933235683764899,0.8919793885976,-0.09610780903163509,-0.019987367023735266,0.5499766439199447,0.6260076582431793,0.8558659002184867,0.8901363223791122,0.3028145007789135,0.4429852239787578,-0.23069254346191884,-0.12876184955239303
sft__none,8,first_gen,false_reject,0.552976063718438,0.4489949997299441,0.84552650514043,-0.011474115584252827,0.7763187885284424,0.8999838829040527,0.7342604994773865,0.056455399841070175,1720,1876,328,170,0.463855421686747,0.5177023417789757,0.5892352387327594,0.42888611551412326,0.47792206564306877,0.7930159603054259,0.8963720542811009,-0.05567760165719587,0.034171966972754014,0.7474810898303985,0.7973411813378334,0.8694570541381836,0.9010715380311012,0.6518312245607376,0.7667052745819092,-0.023303512437269087,0.1073217514902353
sft__none,8,first_gen,or_bench,0.06973827294401923,0.609335953109014,0.898927848983897,-0.14969102338324353,0.11370733380317688,0.8597408533096313,-0.3163943290710449,-0.4168567657470703,1720,1876,104,393,0.16297786720321933,0.04021204562049356,0.10414163603286701,0.5551495894565196,0.6612921610979272,0.8049205256769392,0.98483133006408,-0.18174962691049318,-0.1063786709430686,0.0663591668009758,0.17266009561717507,0.8217752680182457,0.8834873184561729,-0.3898312583565712,-0.2274559270590544,-0.47168971598148346,-0.3516107998788357
sft__none,8,first_gen,xstest,0.30210655190107516,0.5769973745088774,0.7566577029810224,0.09622162776506844,0.4638501703739166,0.8242201209068298,0.21339476108551025,-0.19067303836345673,1720,1876,77,170,0.20242914979757085,0.25442897218251537,0.35546940150573625,0.5413416736504758,0.6302045749055324,0.6318733197321539,0.8518158115408329,0.04599144526665258,0.15257411819813,0.39597016870975493,0.5241277366876602,0.7617795675992965,0.8315212279558182,0.08305305931717158,0.2972403176128864,-0.2805913396179676,-0.12356942594051366
sft__none,16,last_prompt,all,0.22666870950879617,1.0545376398167032,0.38776313363880743,0.11480371946153564,0.21014633774757385,0.48792606592178345,0.15957868099212646,0.058345694094896317,1720,1876,509,733,0.16344605475040258,0.19147893524577195,0.2714499353677444,1.0095029760616616,1.09804269714304,0.3385619297338758,0.43577388253631777,0.07898569608516716,0.15982830968558295,0.1787922728806734,0.25053605064749707,0.4129048980772495,0.514987613260746,0.07211201433092355,0.22873668782413004,-0.03126735333353281,0.13534956499934192
sft__none,16,last_prompt,false_reject,0.37734136381255895,1.310920541143375,0.4629642402142443,0.21213959987651407,0.2766132950782776,0.4607048034667969,0.015165034681558609,-0.11683060228824615,1720,1876,328,170,0.3072289156626506,0.3300894800439455,0.4266062391407922,1.2509958112994635,1.3665925798416056,0.41286193770357715,0.5176906615388364,0.162235156798672,0.2751620345683629,0.2462326779961586,0.3119317330420017,0.3535422295331955,0.46598203405737865,-0.07589352782815695,0.12702283002436154,-0.20625583529472352,0.013918736530467792
sft__none,16,last_prompt,or_bench,0.09491894577982381,1.270564833693891,0.20317384828527524,0.06627133521855623,0.0744984894990921,0.20824158191680908,-0.031717173755168915,-0.04736248403787613,1720,1876,104,393,0.05835010060362173,0.05611258415811952,0.13897974024243492,1.2141634230891531,1.3320499770826058,0.14251950942985586,0.27431194203854675,0.02594826778390752,0.11189899411050776,0.0445251208730042,0.10940798260271548,0.10220310427248477,0.2822846934199333,-0.14244205243885516,0.07912728171795602,-0.16351294554769993,0.06859050374478097
sft__none,16,last_prompt,xstest,0.1879831166437077,1.2002422923621772,0.3167411991015072,0.12966327511733058,0.15473464131355286,0.3408673405647278,0.06173111870884895,0.009096683003008366,1720,1876,77,170,0.08502024291497975,0.14106081277804597,0.24249150579365425,1.161171025735895,1.2628265200764166,0.2611601292357446,0.38450410155851733,0.08225715579378721,0.188971906407801,0.11570214722305536,0.1973263401538133,0.21180261373519899,0.34941447898745537,-0.034647801984101535,0.1384136728942394,-0.07439414486289024,0.09003836177289484
sft__none,16,post_instr_0,all,0.3109084382906179,0.6745580075172062,0.5296929399448757,0.15898299665578158,0.41858524084091187,0.6844679117202759,0.3354925215244293,0.05393694341182709,1720,1876,509,733,0.25684380032206117,0.28896532781878526,0.33677677224041713,0.6549481530609181,0.69866957118981,0.497321074281537,0.5638291681611887,0.13691652294571421,0.18535266010952936,0.3974543549120426,0.4453029818832874,0.6401556208729744,0.6960195779800415,0.2700599513947964,0.3793755143880843,-0.0020556846982799468,0.10572603605687615
sft__none,16,post_instr_0,false_reject,0.5058869920486694,0.8859912697626674,0.6172153201962995,0.2910889029473532,0.49584802985191345,0.6328878402709961,0.25925129652023315,-0.06283318251371384,1720,1876,328,170,0.4839357429718876,0.47541895965117287,0.5387865624446907,0.8599056209152178,0.9105074037763048,0.5817874659345901,0.6549230497855795,0.2539073970328594,0.3293550749305618,0.47173500433564186,0.5209586352109908,0.5655378520488739,0.6350356817245483,0.1835879061371088,0.3185303643345831,-0.12783146202564238,0.023235260415822183
sft__none,16,post_instr_0,or_bench,0.16723915542591652,0.8012774429368057,0.3731844650042907,0.11273963422531313,0.20431293547153473,0.46724554896354675,-0.10689818859100342,-0.20672321319580078,1720,1876,104,393,0.09054325955734406,0.1450095601799291,0.19375108253516307,0.7736775962460769,0.8303912515534465,0.31878780827571945,0.43485005584459024,0.09024431494228066,0.13793665727352908,0.17822133675217627,0.23409361913800236,0.3613278895616531,0.5256088331341744,-0.17162166386842728,-0.00309025458991539,-0.2616978958249092,-0.1114435251802206
sft__none,16,post_instr_0,xstest,0.20687722424952726,0.8486962255576599,0.3682587831955893,0.13378085031931192,0.23682454228401184,0.5494565963745117,0.16229388117790222,0.03311102092266083,1720,1876,77,170,0.13360323886639677,0.1723464170587872,0.24115977802714506,0.8281275625605258,0.8863315264044435,0.3083957249666252,0.4281293256647051,0.10136016731126574,0.1712102439237247,0.20012934356927872,0.26741850227117536,0.3523439772427082,0.5532024770975112,0.012891483842395246,0.24772745147347447,-0.08214607760310173,0.12900170013308518
sft__none,16,post_instr_1,all,0.3720045443299451,0.668915420605376,0.5669741892708876,0.23661628919549516,0.4860271215438843,0.6938250064849854,0.2687166631221771,-0.07838159799575806,1720,1876,509,733,0.2971014492753623,0.34981514315213413,0.3957857315610423,0.6512630768939968,0.6904024817179534,0.537663735311609,0.5973004667727446,0.21153220380772836,0.2621043383539297,0.4644856035709381,0.5085311695933342,0.6468271389603615,0.7068120509386062,0.2110315825790167,0.3174731649458408,-0.1279882937669754,-0.02513732258230458
sft__none,16,post_instr_1,false_reject,0.5098545333879675,0.754224354901489,0.6140193682744989,0.3088776453123853,0.5600409507751465,0.6814852952957153,0.38762760162353516,0.007203578483313322,1720,1876,328,170,0.5220883534136547,0.48359568694956323,0.5371441257062589,0.7360832960904171,0.7776369292524012,0.5842974118677102,0.6462731802060855,0.2777548960611964,0.3412460820014974,0.5392339989542961,0.5790705934166908,0.6071397215127945,0.6808094501495361,0.3142389222979546,0.4213945440948009,-0.04618888888508081,0.06596408430486914
sft__none,16,post_instr_1,or_bench,0.2590135596104007,0.7914281927239264,0.48919101446094365,0.19810145323749417,0.3110398054122925,0.538597583770752,-0.10437316447496414,-0.28608939051628113,1720,1876,104,393,0.11468812877263582,0.23479756110445898,0.2854923415932345,0.7692172161030917,0.8162875863021537,0.4453107239404481,0.5426728313101337,0.17273301863331852,0.22288566506033494,0.2866696879267693,0.33846140578389167,0.4359249100089073,0.576077638566494,-0.16902071759104728,-0.019741632090881468,-0.3350466676056385,-0.2000742476433516
sft__none,16,post_instr_1,xstest,0.3214264052973458,0.7818748000294692,0.47163193265196524,0.25339214294573625,0.38022172451019287,0.5687975883483887,0.2989870309829712,0.08943481743335724,1720,1876,77,170,0.21052631578947367,0.29225539004633555,0.349554881423932,0.7635114893687083,0.8166285950212353,0.42116036840893584,0.5112245050866878,0.22145693365097455,0.284649116829202,0.3519111394882202,0.40335445702075956,0.40286325067281725,0.5637296050786972,0.16391015723347663,0.33887863308191296,-0.0035611868835985654,0.16806947141885753
sft__none,16,post_instr_2,all,0.4931548841161687,0.7204943885311889,0.670379574528545,0.3700888176066597,0.5648281574249268,0.5714056491851807,0.351315975189209,0.034621477127075195,1720,1876,509,733,0.45169082125603865,0.4670722263562828,0.5207259247116384,0.6980259401685849,0.7498909727579615,0.6402586208987061,0.700394057867349,0.3437031424003231,0.40073441023721207,0.5434971988201142,0.5881901621818543,0.5029353201389313,0.5930813044309616,0.27744911462068556,0.3982233673334122,-0.031007804861292242,0.09712886679917572
sft__none,16,post_instr_2,false_reject,0.5703202644419202,0.9769668085113857,0.6762204221199554,0.36599526149503525,0.5041499137878418,0.6320489645004272,0.33903923630714417,0.023612113669514656,1720,1876,328,170,0.5742971887550201,0.53491126513749,0.6042429040302391,0.9444188171016089,1.0133202756758468,0.6355799633829765,0.7155655216708436,0.3264273903916784,0.40693910041479675,0.47978689298033717,0.5271889269351959,0.5293921366333961,0.6226663410663604,0.22600654922425747,0.3948139801621437,-0.06681006979197264,0.11133662983775122
sft__none,16,post_instr_2,or_bench,0.4800120281600453,0.8969149049777793,0.7755814314885429,0.4017951864157129,0.47185614705085754,0.5784695148468018,0.020534014329314232,-0.2862963080406189,1720,1876,104,393,0.4124748490945674,0.45048027219510334,0.5079271457547642,0.8668493778191251,0.9301344203627413,0.7130193433121341,0.8340459449435792,0.3686169288351924,0.43166142878592734,0.44847077429294585,0.4963892340660095,0.4649973899126053,0.5970965802669524,-0.0834684059023857,0.11756952814757815,-0.34906226173043253,-0.17521941848099237
sft__none,16,post_instr_2,xstest,0.36401970280791224,0.8877973906238438,0.5034084322300263,0.30088482456689386,0.37937361001968384,0.4634857177734375,0.2411598414182663,0.07060366123914719,1720,1876,77,170,0.2834008097165992,0.3272013200348119,0.39956415916936117,0.8644567772379806,0.9310472475650678,0.44410767682500596,0.5529596425543184,0.2597002464009677,0.3383314441982226,0.34573145881295203,0.4048306584358215,0.29021492302417756,0.47247245237231256,0.08474711626768112,0.3008346416056155,-0.03919535344466567,0.15469058975577352
sft__none,16,post_instr_3,all,0.6476156441438885,0.8317545910733065,0.8194335302356225,0.5283041327119038,0.6143516302108765,0.6418368220329285,0.04588545486330986,-0.44158896803855896,1720,1876,509,733,0.7713365539452496,0.6109921196515415,0.6843491129468935,0.8017344097447942,0.8629215642423042,0.7842087826136058,0.8568451111872214,0.4833209291270004,0.5698091785940451,0.5857532545924187,0.6417865887284279,0.5751267969608307,0.6874176472425461,-0.055175214819610116,0.1392733383923769,-0.5213651493191719,-0.35000434517860435
sft__none,16,post_instr_3,false_reject,0.7120687440100771,0.7402096588061701,0.8334335741151369,0.4779061370774935,0.693274974822998,0.76778244972229,0.4486779570579529,-0.1160115897655487,1720,1876,328,170,0.7670682730923695,0.6714736194039612,0.7516347631066481,0.7030195584998733,0.7832086797851645,0.7933013926978864,0.8746919133260326,0.42249477195113244,0.537071475922377,0.6679093256592751,0.7154278561472893,0.6848948001861572,0.7894291758537292,0.2622332155704498,0.5636246740818024,-0.3063716545701027,0.031612527836113985
sft__none,16,post_instr_3,or_bench,0.6142101486988142,0.9642494766527975,0.849292115842762,0.5520000725699662,0.5372470617294312,0.5503800511360168,-0.18014566600322723,-0.5641707181930542,1720,1876,104,393,0.778672032193159,0.57394701779758,0.6491405204889331,0.926855315918814,0.9945774643097648,0.8080150010840244,0.895190064107534,0.5063381180824231,0.5904289767188531,0.5075486585497856,0.5672706723213196,0.4816764548420906,0.6018608331680297,-0.24713648147881032,-0.09094769395887854,-0.6107575669884682,-0.4911033317446709
sft__none,16,post_instr_3,xstest,0.5848822837093295,0.9653393119593064,0.7194686654910614,0.5239225627830413,0.5181903839111328,0.6663008332252502,0.34762489795684814,0.002752566710114479,1720,1876,77,170,0.7651821862348178,0.541643277492883,0.6268127627369878,0.9230539767224896,1.009720196673873,0.6694761268395581,0.764797015104591,0.47352128490790796,0.5706171063767956,0.4876754604279995,0.5467279240489006,0.5536963626742363,0.6743020266294479,0.13281384352594616,0.4814367398619651,-0.18902685791254042,0.18371613286435604
sft__none,16,post_instr_4,all,0.3768256074136267,0.6270339808311307,0.602765084241637,0.21993173608329883,0.5151039361953735,0.761326014995575,0.32054203748703003,-0.08355816453695297,1720,1876,509,733,0.3059581320450886,0.35513688831142487,0.4010213736519011,0.6051605885009412,0.649516738566779,0.5746024693216828,0.6280227531082623,0.19784328767716833,0.2446285089894443,0.4941324107348919,0.537148404121399,0.7285642698407173,0.7758413627743721,0.25744677111506464,0.3731035217642784,-0.1373770870268345,-0.02541642980650071
sft__none,16,post_instr_4,false_reject,0.5120216629775334,0.7037480791024272,0.6415069745254852,0.2621911784014875,0.5883256196975708,0.7529605627059937,0.40772539377212524,-0.04360558092594147,1720,1876,328,170,0.5060240963855421,0.48357293416590563,0.5378401311696733,0.6829898530152537,0.7296998631009652,0.6074718505271097,0.6748685381307418,0.23167420893302781,0.29378979423239393,0.5644139468669891,0.6092768386006355,0.7023342296481132,0.7638857245445252,0.34080508947372434,0.4509184643626213,-0.11283000409603118,0.024994882754981514
sft__none,16,post_instr_4,or_bench,0.28340487269906783,0.7655020516061329,0.5957203433914915,0.20075649051496613,0.34719109535217285,0.6820916533470154,-0.0596148781478405,-0.3160938620567322,1720,1876,104,393,0.17303822937625754,0.2604638515707079,0.30744458614760384,0.7384327274504942,0.7924517822240416,0.5501963016150292,0.6477818510720568,0.17460310663731843,0.22581753096052384,0.32262259647250174,0.3738409124314785,0.6115548864006997,0.7137990206480026,-0.13169598281383516,0.020529834600165435,-0.36975263953208926,-0.23841121643781668
sft__none,16,post_instr_4,xstest,0.29222030874345817,0.6813325718523161,0.4472499700594076,0.22200094960337352,0.3941706717014313,0.6123508214950562,0.2696976661682129,0.030822375789284706,1720,1876,77,170,0.1700404858299595,0.26447482442286946,0.3194736726578756,0.6609359732341943,0.7127009161062856,0.3974466997731218,0.4927043826310725,0.19215721573157904,0.253669872643091,0.3619781106710434,0.4162240788340569,0.41713271513581274,0.6422272756695747,0.11913640070706606,0.3313655897974968,-0.06849498059600591,0.10742509942501782
sft__none,16,first_gen,all,0.2752766523206703,0.40878183654247985,0.7231352592499203,-0.03571928170684883,0.5585649013519287,0.8087430596351624,0.28051596879959106,-0.2064226269721985,1720,1876,509,733,0.28180354267310787,0.25632721051786217,0.2968511725495741,0.38841778680540706,0.4364557290599931,0.6777449674348397,0.7651586727691634,-0.05213534493652756,-0.014746608273154613,0.5263880342245102,0.593799152970314,0.7831349492073059,0.8240515485405921,0.19654174372553826,0.3554000735282898,-0.2593877583742142,-0.15511243902146818
sft__none,16,first_gen,false_reject,0.4917170304742584,0.4189830842218278,0.7422341167278903,0.008366430845993532,0.7611568570137024,0.8458870053291321,0.6864011287689209,0.06560365855693817,1720,1876,328,170,0.44779116465863456,0.46412067629865766,0.5215869228078192,0.4065109163953915,0.4387208173587691,0.696305786003373,0.7840506556778787,-0.01291379858892645,0.034939519858219144,0.7324883311986923,0.7815410405397415,0.8164424702525139,0.8513934582471847,0.6152235582470894,0.7198313742876052,0.004065659770276398,0.10529441256076096
sft__none,16,first_gen,or_bench,0.08811302391063075,0.6286014899542258,0.761467990853711,-0.09007758490594872,0.1388159692287445,0.7585463523864746,-0.3496905267238617,-0.4594371020793915,1720,1876,104,393,0.158953722334004,0.06917648300859822,0.11397003273080741,0.5742685080482841,0.6815071427813734,0.678040078088984,0.8390041703546057,-0.10604704387156617,-0.06748982263033285,0.1036553492769599,0.18717172667384138,0.7189046338200569,0.7929738566279411,-0.4164565294981003,-0.24804655686020852,-0.5075007155537605,-0.3883862912654877
sft__none,16,first_gen,xstest,0.2154911927807737,0.4678517529135592,0.5900047183237153,0.0458586155253863,0.41835319995880127,0.772193193435669,0.21905674040317535,-0.11449364572763443,1720,1876,77,170,0.19433198380566802,0.18096864882682426,0.25307320067167094,0.4515897383161299,0.5044804952013046,0.49327776090939274,0.6732348659353428,0.01839021186042687,0.08003754969837147,0.3476885728538036,0.47353473603725427,0.7068052187561988,0.7793711632490158,0.10179615039378405,0.29677216634154313,-0.18790311068296434,-0.06306595858186484
sft__none,19,last_prompt,all,0.09491326266842094,1.0474428846561845,0.22631229650799736,0.003668932670831627,0.09024452418088913,0.4847181737422943,0.094160296022892,0.05062370002269745,1720,1876,509,733,0.06763285024154589,0.059450477669999405,0.14264928323691298,0.9961993355633442,1.1036013431330312,0.17938147768991855,0.2778455468464673,-0.031379124812462876,0.051163555447382054,0.056931928265839815,0.13698745593428605,0.3976695016026497,0.5219375744462013,0.004376163426786662,0.18697409816086288,-0.03712946465238929,0.14085791297256936
sft__none,19,last_prompt,false_reject,0.18506374146459056,1.2686149920234553,0.269130626254353,0.02286411000113273,0.14435073733329773,0.4947279691696167,-0.0837344080209732,-0.1567908674478531,1720,1876,328,170,0.11244979919678715,0.14042005552076792,0.23994351886304488,1.2070155679186365,1.3301027534359242,0.21769674245413081,0.3260225604296639,-0.025581635055882467,0.08918721222893874,0.11136404648423195,0.18598159514367577,0.3840140514075756,0.5110847070813178,-0.17029898017644882,0.0495923914946615,-0.24593278542160987,-0.018507540458813504
sft__none,19,last_prompt,or_bench,-0.011885734611575337,1.1865623937939875,0.0730933924821595,-0.03437386545493623,-0.010016441345214844,0.18937942385673523,-0.07905999571084976,-0.07716695964336395,1720,1876,104,393,0.03219315895372234,-0.05069129969004268,0.034336756728926644,1.1296198499782717,1.2557524254856525,0.016160891726302813,0.1442823238238985,-0.07378215886495279,0.012982450064898529,-0.04348087478429079,0.028904488775879134,0.07841371968388558,0.28165749981999383,-0.17991326451301573,0.021360676828771796,-0.17816962562501432,0.02564324028789996
sft__none,19,last_prompt,xstest,0.128047533263046,1.1935710910536852,0.25086229055390485,0.07241968147057372,0.10666894912719727,0.364443302154541,0.0027698264457285404,-0.03631214052438736,1720,1876,77,170,0.048582995951417005,0.07756506908096339,0.18996248253493653,1.1485496875183583,1.2583196615006322,0.19349020272672068,0.31914961517960033,0.018447154019689518,0.13553637186146575,0.0633066026493907,0.15662668496370316,0.21599236726760865,0.3871489241719246,-0.09240850377827882,0.08919752743095159,-0.11467796973884106,0.0560025843791663
sft__none,19,post_instr_0,all,0.28339574186657024,0.664676182714714,0.4938235773411824,0.13727329822754214,0.39220520853996277,0.6802812814712524,0.30944257974624634,0.046346038579940796,1720,1876,509,733,0.2391304347826087,0.2593294472049125,0.31026344807102413,0.6441489960818321,0.6894585187320255,0.45896433214421295,0.5272242436230373,0.11166855938984055,0.16365019250978516,0.36537758708000184,0.42484956830739967,0.6321718573570252,0.6916310757398605,0.24328294731676578,0.3549146145582198,-0.011536642699502407,0.09729946088045834
sft__none,19,post_instr_0,false_reject,0.4713028296758523,0.8620974909643541,0.5821919193240847,0.2573521137817787,0.4796895384788513,0.6303295493125916,0.2516210675239563,-0.05782904103398323,1720,1876,328,170,0.4578313253012048,0.4404277100049622,0.503198903624168,0.8363965640661005,0.8875461215784893,0.5457143838572989,0.6182144831621483,0.21925692809617117,0.2995482652958738,0.4524129033088684,0.5063718929886818,0.5586745128035545,0.6332455188035965,0.1807295221835375,0.3008939646184444,-0.1156671792268753,0.02618265920318661
sft__none,19,post_instr_0,or_bench,0.14088944946871465,0.7718914911814936,0.32649019206682073,0.09177372317255801,0.1795584261417389,0.43664777278900146,-0.1533099263906479,-0.23554189503192902,1720,1876,104,393,0.08651911468812877,0.11947025872455388,0.16858472729320648,0.7438436622493498,0.8020636357662095,0.2730786437310533,0.3827987263133149,0.0678620022361937,0.12010392902494303,0.15046148225665093,0.2116709902882576,0.32062471881508825,0.5026356197893618,-0.21567504294216633,-0.05375059107318522,-0.28539822325110437,-0.14545826874673368
sft__none,19,post_instr_0,xstest,0.19128201064117037,0.8362724637332283,0.3434060368955759,0.12237875239236015,0.22297325730323792,0.5321820974349976,0.12588946521282196,0.007413730025291443,1720,1876,77,170,0.10526315789473684,0.15670933003678114,0.2245132626051462,0.8147135780052596,0.8737906542913817,0.2835154465170249,0.4043176931519264,0.08904913257576295,0.1587038427380706,0.18291896134614943,0.25497866347432135,0.3534403398633003,0.5383522048592566,-0.016780520509928464,0.2070722449570894,-0.1085700698196888,0.09994008261710399
sft__none,19,post_instr_1,all,0.3726220391564637,0.6661940352869846,0.5394729729022762,0.2567596953838481,0.4881579279899597,0.636750340461731,0.2521892488002777,-0.06719577312469482,1720,1876,509,733,0.27938808373590984,0.35058419953204645,0.3998566737478359,0.6495475606213912,0.6880399567565281,0.5102297028383375,0.5702311416661641,0.23332878567137277,0.28310963913426945,0.46523470506072045,0.5131713300943375,0.5777118727564812,0.6490142717957497,0.1791271086782217,0.29586107209324836,-0.12349072266370058,-0.012610948411747848
sft__none,19,post_instr_1,false_reject,0.48151917452998816,0.7386910980773985,0.571653459890521,0.3076129188079722,0.5460800528526306,0.6079993844032288,0.35802775621414185,0.031049778684973717,1720,1876,328,170,0.46987951807228917,0.4574810457358724,0.5078395365951272,0.7241699517779243,0.7645885261944605,0.5425857020372947,0.6047610529333004,0.27905729370629784,0.3392215623767378,0.5240632623434067,0.5664954051375389,0.5159393891692161,0.6002427563071251,0.271253827214241,0.374742629379034,-0.03671143166720867,0.08522327393293376
sft__none,19,post_instr_1,or_bench,0.2873108791981069,0.8137798267570316,0.49487930796958024,0.23238181475752603,0.3329174518585205,0.50872403383255,-0.031267352402210236,-0.2127675861120224,1720,1876,104,393,0.1267605633802817,0.26259508153593175,0.313045307047111,0.7929703572882005,0.8419163534031336,0.44914101786564925,0.5500129935959455,0.20704805444829677,0.25754514140328166,0.3072531081736088,0.3554375171661377,0.3880890153348446,0.5377025350928306,-0.11094253174960614,0.0575153088197112,-0.2655146263539791,-0.11341686770319939
sft__none,19,post_instr_1,xstest,0.32472294543659963,0.7465533664911537,0.4626227454167197,0.2622624218972069,0.39886510372161865,0.4879974126815796,0.26446112990379333,0.07613445818424225,1720,1876,77,170,0.20242914979757085,0.29711603196874176,0.35419107974203423,0.7320541421281778,0.7803238397288299,0.4192520131634779,0.5015665469718481,0.23075598662995536,0.29689140835267347,0.36945485398173333,0.4225959897041321,0.32209471315145494,0.4846011094748973,0.12909667789936066,0.2993163995444774,-0.012315779109485446,0.14267599806189532
sft__none,19,post_instr_2,all,0.5291625403701119,0.7490202127620185,0.6894421662408426,0.41786344992159163,0.57700514793396,0.5117354989051819,0.3368077576160431,0.050853047519922256,1720,1876,509,733,0.5080515297906603,0.4997255551180158,0.558474089324542,0.7257495122068576,0.7803016157189985,0.6571851192356303,0.7206151733049382,0.3890820868683724,0.45110952310402863,0.5550292402505874,0.6012688979506493,0.4335261173546314,0.5386015474796295,0.2492960847914219,0.3798619806766509,-0.023769474914297456,0.11719730384647845
sft__none,19,post_instr_2,false_reject,0.5938612928152628,1.0361741007866583,0.6939744378586777,0.40070182036698243,0.49725058674812317,0.5824838876724243,0.2882504463195801,-0.0016021139454096556,1720,1876,328,170,0.6124497991967871,0.5603993827908703,0.6281199365537354,1.0029138165290663,1.074064128973033,0.6522840752271158,0.7306716290750399,0.3615720326273095,0.44473273471526625,0.4718837171792984,0.5206587627530098,0.4650823391973972,0.5679632276296616,0.1678488679230213,0.33538578525185586,-0.08997544609010219,0.0809638064354658
sft__none,19,post_instr_2,or_bench,0.5564131409757767,0.9520881240897292,0.8308537613343483,0.48378767575087916,0.5045667290687561,0.536434531211853,0.026960579678416252,-0.2822725474834442,1720,1876,104,393,0.5412474849094567,0.5251832375183944,0.5843941819033783,0.9199657958216207,0.9866657922857538,0.7661220377973758,0.8888485278817357,0.44832212228784624,0.5151283091758323,0.4781180046498775,0.5277801051735878,0.3992023356258869,0.5536933273077012,-0.09254763349890709,0.1274419303983449,-0.3449386052787304,-0.15700598992407325
sft__none,19,post_instr_2,xstest,0.3438853002680867,0.9177091783650982,0.47913789791042605,0.28262382199487646,0.3508947491645813,0.4187667667865753,0.17305374145507812,0.027883678674697876,1720,1876,77,170,0.23076923076923078,0.30599979090296164,0.3781970667815842,0.892350309687056,0.9607448030373053,0.42662025095594786,0.5293011261477955,0.24128394086210622,0.32059672523304994,0.3153234630823135,0.3784945607185364,0.2634794436395168,0.427358242869377,0.041771295573562385,0.22938053719699378,-0.06606604773551225,0.10542251057922837
sft__none,19,post_instr_3,all,0.6299253827259885,0.896198998554214,0.8067489350186459,0.5071380026587162,0.5750457048416138,0.6244634985923767,-0.012338254600763321,-0.45400765538215637,1720,1876,509,733,0.7399355877616747,0.5886577294426258,0.6696667681876194,0.862097286934983,0.9326728060097611,0.7676390794005841,0.8468726563482099,0.4586694849787422,0.5515806468891584,0.5428054556250572,0.6044319063425064,0.5568400919437408,0.6716980814933777,-0.11672097351402044,0.08817207887768744,-0.5367955893278122,-0.35932538658380514
sft__none,19,post_instr_3,false_reject,0.7094645796802698,0.7675310340533936,0.83051272907386,0.47591291271206004,0.6787833571434021,0.7663912773132324,0.46588075160980225,-0.07398882508277893,1720,1876,328,170,0.7690763052208835,0.6690454641499355,0.7502538499851302,0.7223382702130734,0.8144358122487091,0.7909609128625271,0.8750859184908281,0.41940384016564297,0.5323762458521529,0.6523901149630547,0.7026447013020516,0.6788505524396896,0.7847628623247146,0.25660695470869543,0.5921508342027664,-0.2908158950507641,0.10095181763172131
sft__none,19,post_instr_3,or_bench,0.5801556702069983,1.0530951179468397,0.8091727866557474,0.5195505641527014,0.48252737522125244,0.5198240876197815,-0.2544969916343689,-0.5769349932670593,1720,1876,104,393,0.704225352112676,0.5341038763737181,0.6215519968656883,1.0112365639496126,1.0861057177756117,0.7662770182590402,0.8561662074490719,0.4686786735884535,0.5645569432389372,0.4497170075774193,0.5155760124325752,0.44947297051548957,0.5779400587081909,-0.32694140672683714,-0.15891441069543372,-0.6290013924241066,-0.4974908739328385
sft__none,19,post_instr_3,xstest,0.5697030257768485,1.0412555495498792,0.7022471484143714,0.5096683447257031,0.4799851179122925,0.6416520476341248,0.4159681797027588,0.12309083342552185,1720,1876,77,170,0.7530364372469636,0.519966058494863,0.61478095364762,0.9919997590841818,1.0943250178684647,0.6476534728853416,0.7482380096760702,0.45654079136773373,0.5580868191313911,0.4446073830127716,0.513089607656002,0.5324463427066803,0.6507065936923027,0.1760373014956713,0.55707189142704,-0.11191219799220561,0.30556265115737913
sft__none,19,post_instr_4,all,0.33964624494425555,0.5993794311668854,0.5663238630933297,0.18223988407114686,0.49301034212112427,0.7702237367630005,0.3201131522655487,-0.06852123886346817,1720,1876,509,733,0.2608695652173913,0.31940165654584507,0.36167096466515575,0.5785658765953038,0.619282614661989,0.5376001136398075,0.5924131096784024,0.16178142010090227,0.20536450903786438,0.4723094880580902,0.513399176299572,0.7392709597945213,0.7836761206388474,0.26226131021976473,0.3719599455595016,-0.12029442023485899,-0.01342856998089704
sft__none,19,post_instr_4,false_reject,0.4854531504349539,0.6739630807209599,0.6164875655813428,0.23263374426030117,0.5844631195068359,0.7777688503265381,0.44040098786354065,-0.017470896244049072,1720,1876,328,170,0.4678714859437751,0.46160941868928157,0.5116449360257926,0.6546821751136079,0.6972041441469443,0.5830484298372316,0.6481439908054093,0.20578437431631136,0.2615787798220689,0.5635803028941154,0.6052514433860778,0.7324539601802826,0.7849725097417831,0.3736163914203644,0.4833967469632625,-0.08196061998605728,0.04366237614303827
sft__none,19,post_instr_4,or_bench,0.24540795863156567,0.7258073934713423,0.5561653571186227,0.1631718780139546,0.32030346989631653,0.7066518068313599,-0.06207115203142166,-0.30445435643196106,1720,1876,104,393,0.13279678068410464,0.22500296099914466,0.2688071947793767,0.6994144886082375,0.7520711994247937,0.5057569077135777,0.6121849036306788,0.14148112015577707,0.18584127411519902,0.29707899540662763,0.349610374122858,0.6432708948850632,0.7368643209338188,-0.12892389185726644,0.01604588932823368,-0.3598535045981407,-0.22670959345996383
sft__none,19,post_instr_4,xstest,0.2352924660720139,0.62932233292276,0.3663596289020174,0.175926741481265,0.3502053916454315,0.5697880983352661,0.2526254653930664,0.05667147785425186,1720,1876,77,170,0.10121457489878542,0.21389447258137068,0.25923245746801665,0.6085106147968168,0.6586736068370258,0.3238322003234811,0.4053163745821698,0.15229373351800718,0.20261507277228763,0.3201791077852249,0.37193870469927787,0.3884984448552132,0.5984373226761818,0.11080068554729224,0.30989800393581385,-0.054187549836933614,0.12941652722656719
sft__none,19,first_gen,all,0.2771254565175506,0.34423474560326606,0.7170405232634519,-0.02835442982639399,0.6270896196365356,0.8218648433685303,0.417399138212204,-0.1257900595664978,1720,1876,509,733,0.2809983896940419,0.2592686819320761,0.29955826397129787,0.32823542047219223,0.3664550901079354,0.6701017000563493,0.7611181581263684,-0.04218207648750332,-0.01125996042292495,0.5939974665641785,0.6577868863940239,0.7995219066739082,0.8345909520983696,0.3369778700172901,0.48514407873153687,-0.17680454179644584,-0.07725720014423133
sft__none,19,first_gen,false_reject,0.487081681391321,0.3754631685967192,0.7427522701936854,-0.006212170260498741,0.79200679063797,0.8516685962677002,0.7508261203765869,0.12497511506080627,1720,1876,328,170,0.4457831325301205,0.4551802627565359,0.5183310908321068,0.3659629097462731,0.39397578873809647,0.6914282928601938,0.7852340096308421,-0.02333805534789858,0.01432854728103135,0.7663720220327377,0.8081348940730095,0.8241780966520309,0.8579825922846794,0.6883188799023628,0.7772535488009453,0.07006888352334499,0.16056302562355995
sft__none,19,first_gen,or_bench,0.11077558898508272,0.5216868884824737,0.7585271512270094,-0.06063960461581927,0.20771005749702454,0.7744268178939819,-0.22741323709487915,-0.39692628383636475,1720,1876,104,393,0.158953722334004,0.09082768726592351,0.13441351777296873,0.4800277905643128,0.5645678906722097,0.6742628362971751,0.8359379124451004,-0.07166889347336426,-0.043565764824929534,0.16670934557914735,0.25567008331418034,0.7359499901533126,0.8042301774024964,-0.29935707449913024,-0.1231263665482402,-0.44531954526901246,-0.32821817845106127
sft__none,19,first_gen,xstest,0.18853313639918576,0.41163028063681933,0.5514811909464431,0.02413903471792805,0.41641610860824585,0.7680672407150269,0.2627788484096527,-0.06275661289691925,1720,1876,77,170,0.19433198380566802,0.1562111485267011,0.22548306100516335,0.3966841491184133,0.44788432201946093,0.45270413512077884,0.6391903726892646,-0.0009763782879574549,0.0552957677488057,0.3371535263955593,0.47280189767479885,0.7077687546610832,0.774509134888649,0.12575827091932298,0.33577071800827973,-0.13815141022205352,-0.016059821890667084
sft__none,24,last_prompt,all,-0.06338878635457439,1.2511807372415962,0.0581713515570908,-0.1478009382883794,-0.050598278641700745,0.4664366841316223,0.04176507145166397,0.0654497966170311,1720,1876,509,733,0.027375201288244767,-0.11081596541109918,0.005388954657548973,1.1777152794493981,1.338398408478053,-4.19483220006121e-05,0.132029543183819,-0.1895155710885311,-0.07712793817636356,-0.09190477263182402,0.0041577084455638146,0.3748399540781975,0.5064295709133148,-0.07184306159615517,0.15329995639622204,-0.05252678673714399,0.17323110960423943
sft__none,24,last_prompt,false_reject,-0.008593210350667355,1.4844407242152629,0.07805967447403421,-0.17578227296164706,-0.005788758397102356,0.43710997700691223,-0.1484321504831314,-0.14590425789356232,1720,1876,328,170,0.050200803212851405,-0.06912886977130121,0.07176871659262729,1.4004978454426442,1.5668970288407023,0.009035954651745082,0.15684508587560192,-0.23929965473324205,-0.09028209837644971,-0.04761493569239974,0.04741388559341429,0.3264855809509754,0.46802297830581663,-0.2551571160554886,0.016714392043650113,-0.2553658924996853,0.015103146922774603
sft__none,24,last_prompt,or_bench,-0.13924455667493868,1.2796613582937773,-0.04045163108629564,-0.16538820322831277,-0.10817504674196243,0.2006790041923523,-0.19612163305282593,-0.17544269561767578,1720,1876,104,393,0.012072434607645875,-0.18317086925366755,-0.07849688352903009,1.2051120606760461,1.363585957303078,-0.09480669144587808,0.03691955577562454,-0.2100587282999631,-0.10284027262848341,-0.14404650405049324,-0.06045278180390598,0.10055946074426174,0.27254215776920315,-0.27890350520610807,-0.07654240913689138,-0.2566386304795742,-0.05603385958820587
sft__none,24,last_prompt,xstest,-0.021234498085795195,1.4793414708835981,0.10665731071168513,-0.07916198236361596,-0.014352544210851192,0.35493990778923035,-0.11987386643886566,-0.1147914007306099,1720,1876,77,170,0.012145748987854251,-0.08930709893894606,0.06480752523264861,1.4056543335885474,1.5652824546624244,0.036338520480688905,0.19591061249317027,-0.1485948344472888,0.003113897933252153,-0.06095382273197174,0.0418042224831879,0.23359526582062246,0.3633785381913185,-0.21416775025427343,0.015703252912498748,-0.20752144418656826,0.023917529731988883
sft__none,24,post_instr_0,all,0.23835013312412964,0.6665362541524972,0.4572019867646469,0.08637796775483224,0.33671408891677856,0.6911304593086243,0.24341429769992828,0.011364548467099667,1720,1876,509,733,0.23268921095008052,0.21229366373456648,0.26939791410111974,0.6426503115177661,0.6947002353285723,0.419354745142724,0.49386415152127716,0.06033763991286107,0.11996158681682452,0.3019196279346943,0.3742658458650112,0.6403412595391273,0.7051315858960152,0.17630104385316372,0.29551410153508184,-0.04595235008746386,0.06905906759202479
sft__none,24,post_instr_0,false_reject,0.43013301421117184,0.8448748079841639,0.5497937683945343,0.19925819942086997,0.4536955654621124,0.64557945728302,0.24102027714252472,-0.058212246745824814,1720,1876,328,170,0.42771084337349397,0.393162142566892,0.4641077144836627,0.8136351115689067,0.8760987074119858,0.5120733301670458,0.5902479425072541,0.14869635737613393,0.25043743378439104,0.4207952730357647,0.48606929704546925,0.5646931484341622,0.6486638799309731,0.16097318679094313,0.2940689578652381,-0.1178588079288602,0.02713676155544813
sft__none,24,post_instr_0,or_bench,0.07680213962148055,0.7674322493972062,0.25950066845631087,0.028454442243866285,0.0995793491601944,0.4484373927116394,-0.20362922549247742,-0.2495245635509491,1720,1876,104,393,0.08651911468812877,0.050786576200600286,0.1064155368740408,0.7377557375769044,0.80099187807149,0.1996549322083209,0.3171979189541167,-0.00012220657534782052,0.06191139760328726,0.06577495820820331,0.1377885341644287,0.31177027001976965,0.5129013091325759,-0.26389623060822487,-0.09716375377029185,-0.30168490335345266,-0.1453332204371691
sft__none,24,post_instr_0,xstest,0.17673665043108502,0.8496950148425354,0.32981030995488314,0.10740328811747431,0.20364156365394592,0.5221299529075623,0.08632118254899979,-0.02043435536324978,1720,1876,77,170,0.13360323886639677,0.13737903668810084,0.21903900487131078,0.8211308606619627,0.8872941780709611,0.2636099199055732,0.3976097691791307,0.06536744533130705,0.1564154658321004,0.15760048031806945,0.2453321136534214,0.3308596506714821,0.5481423020362853,-0.0412235090509057,0.18132707029581066,-0.1267321802675724,0.08484997358173131
sft__none,24,post_instr_1,all,0.3925609382804436,0.6971612174984657,0.5452241359540375,0.2865506517057543,0.4906483590602875,0.5935093760490417,0.24086719751358032,-0.057768672704696655,1720,1876,509,733,0.2898550724637681,0.3677379794023657,0.423930733236801,0.6808936116527716,0.7237442942963942,0.5142661686410446,0.5793351013440017,0.25923406584199676,0.3175131048542416,0.4639320343732834,0.5154057234525681,0.521841262280941,0.5982330352067947,0.16377972066402435,0.2785401105880737,-0.11358515806496143,0.007499689864925987
sft__none,24,post_instr_1,false_reject,0.48267095142207816,0.7508137159848841,0.5660535239276391,0.3217916605354558,0.5407615303993225,0.5377281904220581,0.3612176179885864,0.08373386412858963,1720,1876,328,170,0.44377510040160645,0.4563061508898774,0.5140736946245045,0.7349198945671699,0.7839430831838329,0.5333386322463292,0.6005459732342112,0.29088477490852205,0.3579449567291376,0.5163006067276001,0.5619725257158279,0.42517142221331594,0.5158737063407898,0.2418362431228161,0.3768028117716312,-0.011367891053669152,0.13844704926013943
sft__none,24,post_instr_1,or_bench,0.32933424091495317,0.8388843163912448,0.5300927407221652,0.2762073396305335,0.3654336929321289,0.474039763212204,-0.009427034296095371,-0.19622886180877686,1720,1876,104,393,0.17303822937625754,0.3018954599243581,0.35929159192844723,0.8183288161985474,0.870317155726994,0.48165196586387266,0.5870776970663091,0.24747484376470946,0.3069700430035737,0.3389909140765667,0.3892841927707195,0.3389733776450157,0.4912974402308464,-0.0894155241549015,0.0812140325084327,-0.24493999257683755,-0.09196841642260552
sft__none,24,post_instr_1,xstest,0.3381030634615241,0.8084166466181538,0.47693359982580324,0.2752209320241723,0.3858429193496704,0.4054192900657654,0.22674152255058289,0.07621508836746216,1720,1876,77,170,0.2145748987854251,0.3051360764648623,0.37597469421206114,0.7901856456652877,0.8558921898626795,0.42146067698500556,0.5275493208614767,0.2405883638981078,0.3168016580039451,0.3488620474934578,0.4149076700210571,0.24790737815201283,0.40027370229363435,0.08530135191977024,0.256011214852333,-0.034386031515896316,0.13744253702461717
sft__none,24,post_instr_2,all,0.5283546539055817,0.8025875195217808,0.6748448024883539,0.42663096523702254,0.5498610138893127,0.4602636694908142,0.28601396083831787,0.03942854702472687,1720,1876,509,733,0.501610305958132,0.49773377682041187,0.5591080860046328,0.7751148173414762,0.839729277443943,0.6390068939054757,0.7126737244380692,0.39386998082289554,0.4589171013330519,0.5279904544353485,0.5756275206804276,0.3796584501862526,0.4861318804323673,0.2007319875061512,0.33369928598403925,-0.03805568655952811,0.10813580565154547
sft__none,24,post_instr_2,false_reject,0.5723233887885355,1.105092327988862,0.6711185529318427,0.3817069190473754,0.4598817527294159,0.5419843196868896,0.23009605705738068,-0.02156873419880867,1720,1876,328,170,0.5803212851405622,0.5368828739380259,0.6039183118458737,1.0683288617443152,1.1466234367640311,0.6286567574218705,0.7102648644235428,0.3409170908740833,0.42701159290026436,0.4334418274462223,0.48196999728679657,0.41010159626603127,0.517463119328022,0.11575690489262343,0.27782773897051805,-0.09797706827521324,0.058519865944981556
sft__none,24,post_instr_2,or_bench,0.5901406257750997,1.0043231342345527,0.8608994269963268,0.5184894756227904,0.5066134333610535,0.4942876100540161,0.013822448439896107,-0.27441149950027466,1720,1876,104,393,0.5855130784708249,0.5532519935796505,0.6219103475820377,0.9700644408140573,1.0438361972519303,0.7916407209313207,0.9262800232302085,0.48201670669866575,0.5496360331731602,0.47701859325170515,0.5290542438626289,0.35470850914716723,0.5037242859601975,-0.09125346504151821,0.10936847236007445,-0.322126105427742,-0.14931331984698773
sft__none,24,post_instr_2,xstest,0.31538279537411035,0.9733244669057153,0.4394232808419369,0.2591997091978337,0.30824822187423706,0.36024120450019836,0.07292921841144562,-0.04006543010473251,1720,1876,77,170,0.17408906882591094,0.27182845345183343,0.3583544369327773,0.946118298880647,1.022512010921026,0.38135073037280687,0.49192841983108077,0.21344907587848577,0.3037934983833448,0.2695977821946144,0.34062589555978773,0.21431152001023293,0.36864860057830806,-0.046484409179538486,0.14784537144005297,-0.12247271090745926,0.049958243221044536
sft__none,24,post_instr_3,all,0.5195905744569762,0.9391612724407445,0.7126236923407187,0.3855471361048775,0.4841002821922302,0.658699631690979,-0.030780944973230362,-0.3996029794216156,1720,1876,509,733,0.4573268921095008,0.4751568756649557,0.5644198120683687,0.9041441084088904,0.9733526410181348,0.6682244864632835,0.7580272184233465,0.34028647732991846,0.4352398328916026,0.4490093752741814,0.5166213601827621,0.6047623559832573,0.7006620690226555,-0.1302787810564041,0.06673692129552364,-0.4845330432057381,-0.3026671931147576
sft__none,24,post_instr_3,false_reject,0.6266659108485615,0.8018553083255968,0.7514823016490182,0.38584379619083653,0.6157761216163635,0.784723162651062,0.4729681611061096,-0.013003410771489143,1720,1876,328,170,0.6847389558232931,0.5875519976475498,0.6659497283832868,0.7538444018186462,0.8478834240974595,0.710036584244565,0.7926883034499148,0.3336476276900358,0.4369077288507797,0.5877457797527313,0.6470627501606941,0.7130002111196518,0.7994289040565491,0.2645448729395866,0.6092539370059965,-0.23309944793581963,0.17590418457984924
sft__none,24,post_instr_3,or_bench,0.4410651424354608,1.0878049897116808,0.686379018394701,0.37614745484467715,0.3757512867450714,0.5494226217269897,-0.28508275747299194,-0.5303962230682373,1720,1876,104,393,0.27565392354124746,0.39501812759822447,0.4867814499982868,1.047640994745499,1.1200654841900135,0.6387091091658537,0.7414808080102123,0.3280604969291147,0.4261461666980842,0.33980744406580926,0.41063185408711433,0.48289217203855517,0.5994376495480537,-0.35513633117079735,-0.19420583583414555,-0.5873141139745712,-0.4531731672585011
sft__none,24,post_instr_3,xstest,0.4617105625639386,1.090339544594259,0.582543815624891,0.40698017255913294,0.38993585109710693,0.5899112224578857,0.425331175327301,0.21209239959716797,1720,1876,77,170,0.3643724696356275,0.41108834793741844,0.5107014734222678,1.03974550409516,1.1443103249270556,0.522169690272719,0.6311478198825707,0.3553912782842258,0.45461862765114497,0.3511790446937084,0.42278310433030114,0.46909220665693285,0.6064308583736419,0.17085173837840556,0.5827963218092918,-0.033942429907619955,0.40834075734019276
sft__none,24,post_instr_4,all,0.2762913914563189,0.5481162107341173,0.4904191687168798,0.12759967269007494,0.4501219391822815,0.7776719331741333,0.31219273805618286,-0.04239174351096153,1720,1876,509,733,0.19243156199677938,0.2598286682985707,0.2965415722368694,0.5307938216268225,0.5659608970366679,0.46269035298017336,0.5164491801952688,0.11225465887030435,0.14698966766953694,0.4298371225595474,0.47207495421171186,0.7462025463581086,0.7887869328260422,0.2528920084238052,0.3654737778007984,-0.09784905705600977,0.013384383125230584
sft__none,24,post_instr_4,false_reject,0.41200711897809067,0.597576261072489,0.5345767434234341,0.17551996329201044,0.5676261186599731,0.7802383899688721,0.510452926158905,0.08207258582115173,1720,1876,328,170,0.3654618473895582,0.3887021350550597,0.4378299267828186,0.5813917458101139,0.6174053029693053,0.5016232873297809,0.5655794867643943,0.15360191502840428,0.201961213316319,0.5459213435649872,0.5917908787727356,0.7314500033855438,0.7860025331377983,0.4359164834022522,0.550068661570549,0.007350665843114259,0.13720672093331812
sft__none,24,post_instr_4,or_bench,0.18081919685745668,0.6835718296968867,0.47533015816806123,0.10288246663785729,0.2557256817817688,0.7311800718307495,-0.08598916977643967,-0.2823593020439148,1720,1876,104,393,0.08853118712273642,0.16281096842814236,0.2025183133389522,0.6587085994919891,0.7062836124080472,0.42784568695746034,0.5348362245798446,0.08316962198673375,0.12276566198104641,0.2328892931342125,0.2848912969231605,0.669748330116272,0.7550034552812576,-0.153536369651556,-0.01174790104851128,-0.33689498007297514,-0.20740825906395913
sft__none,24,post_instr_4,xstest,0.1947660507837732,0.5403661782569236,0.32269944553990065,0.13681975315142192,0.33908045291900635,0.5800435543060303,0.3498157262802124,0.16277767717838287,1720,1876,77,170,0.05263157894736842,0.17563087816113154,0.21560154543395094,0.5216001008246094,0.5700187994091666,0.2821769730389752,0.3605521141401692,0.11593066484162515,0.15761432928674968,0.3083516001701355,0.36652446612715717,0.41344627141952517,0.5981557324528693,0.183606581017375,0.3944608673453331,0.04223608719184995,0.2276793614029884
sft__none,24,first_gen,all,0.26714855757811806,0.28076789609171665,0.6845560245528017,-0.022701925375671773,0.689317524433136,0.8371607065200806,0.5912535190582275,0.019578665494918823,1720,1876,509,733,0.2809983896940419,0.2493328096326268,0.28820979613875386,0.26934166700210904,0.29815294365492456,0.6375538014142933,0.7282408698432142,-0.033915401170390894,-0.008223371787743886,0.6617694109678268,0.7166476815938949,0.8196783006191254,0.8483156591653823,0.5239374250173569,0.6430632278323174,-0.027574374107643962,0.06196659663692117
sft__none,24,first_gen,false_reject,0.4650463370903751,0.33187528433558156,0.7134477031949968,-0.014222222914605396,0.8139821887016296,0.853678286075592,0.8244966268539429,0.22313642501831055,1720,1876,328,170,0.4457831325301205,0.43193980551281325,0.4952758457261437,0.32289671808347303,0.3489894245251252,0.6602455602143209,0.7593466848719225,-0.028152935300937678,0.002678225675158904,0.7910704433917999,0.8286638095974922,0.8300424441695213,0.8608052924275398,0.7757858201861382,0.8464374452829361,0.1713576875627041,0.25713530555367464
sft__none,24,first_gen,or_bench,0.11766461290047119,0.3925456334787752,0.7224038015996994,-0.04236813399360375,0.2871260643005371,0.7999802827835083,-0.026256145909428596,-0.2672024965286255,1720,1876,104,393,0.158953722334004,0.09955433759038997,0.1401376188764886,0.3625731417971724,0.4245955807184115,0.6409410055771965,0.800499944247038,-0.05137616425795308,-0.029027319589198332,0.23847132697701454,0.33994617536664007,0.7638545513153077,0.8238432973623275,-0.1067698959261179,0.08275878485292196,-0.3146915897727013,-0.19792729392647745
sft__none,24,first_gen,xstest,0.16893159568790758,0.32611649680871396,0.510365747339084,0.014282002532476249,0.4599611759185791,0.7669514417648315,0.37263089418411255,0.022369761019945145,1720,1876,77,170,0.19433198380566802,0.1378496398507695,0.2036288504899211,0.3158133001138078,0.35802592891947116,0.4145341976201899,0.5986178213773725,-0.005334529305230902,0.03886658167484773,0.36804727986454966,0.51852146089077,0.7047207966446877,0.7781574875116348,0.22025310397148132,0.44892840757966035,-0.06799755841493606,0.07979691550135612
sft__none,26,last_prompt,all,-0.08903632986426077,1.2438977295630742,0.022121499945590328,-0.16622505698561335,-0.07139582931995392,0.4431901276111603,0.06396916508674622,0.095855712890625,1720,1876,509,733,0.024154589371980676,-0.1350928345458643,-0.01791541668689758,1.1684103195010374,1.3361089607015393,-0.03468418286465861,0.09681883330428931,-0.2061675349548028,-0.09667661382130055,-0.11219762302935124,-0.01387047558091587,0.34990337267518046,0.48820300921797743,-0.05790726020932198,0.17915597967803465,-0.029104216396808623,0.2026328574866056
sft__none,26,last_prompt,false_reject,-0.04142945138222247,1.468047377688336,0.03897343094173746,-0.19655970072822235,-0.02820955216884613,0.4037814736366272,-0.11735346913337708,-0.10600516945123672,1720,1876,328,170,0.04618473895582329,-0.10134746517661701,0.03794318429284436,1.380479155393485,1.556462685800996,-0.03048623339858049,0.1215508948802373,-0.25499363361555977,-0.11248637570866378,-0.07072143908590078,0.025474352343007895,0.2865255206823349,0.440876754373312,-0.23493871353566648,0.04548876769840711,-0.2265400543808937,0.05420014830306166
sft__none,26,last_prompt,or_bench,-0.15316862001173268,1.274605557188217,-0.06223723716360214,-0.17723185220639995,-0.11931103467941284,0.19013339281082153,-0.19034993648529053,-0.1688711941242218,1720,1876,104,393,0.01006036217303823,-0.19514387272597714,-0.0917716259933294,1.1986433666741576,1.3586017900114622,-0.11823865460006443,0.01381932411983061,-0.22272491743376824,-0.11437024655493365,-0.15623124800622462,-0.07020097337663175,0.09106898531317711,0.2571756944060324,-0.26850735023617744,-0.06649438757449391,-0.24888972267508508,-0.04636244745925073
sft__none,26,last_prompt,xstest,-0.05597759544974085,1.4432186340676347,0.06427574790584711,-0.11044528379651072,-0.03875748813152313,0.34158599376678467,-0.10961976647377014,-0.0964532196521759,1720,1876,77,170,0.008097165991902834,-0.12159738403020834,0.028106520869648578,1.3694174063507054,1.5341789334528118,-0.004589320676244743,0.15174520360037885,-0.1756667636318447,-0.026937327873649376,-0.08496601860970258,0.019361257925629607,0.2246191047132015,0.343737780302763,-0.21613505631685256,0.03902489598840472,-0.20336813442409038,0.046223799977451546
sft__none,26,post_instr_0,all,0.2323893032401874,0.6547512804311971,0.4517243994591821,0.08008156565791137,0.3344842195510864,0.692137598991394,0.23745617270469666,0.006310529075562954,1720,1876,509,733,0.2318840579710145,0.20619437317898473,0.26462304989020113,0.6296169746703973,0.6831256582922991,0.41176163171720376,0.4916958566844768,0.051034419495692034,0.11503397292454588,0.2983003295958042,0.37639280483126636,0.6403135612607003,0.7084905952215195,0.17060060799121857,0.2904687017202377,-0.05173830110579729,0.06622935067862269
sft__none,26,post_instr_0,false_reject,0.42246725706968663,0.826619356868668,0.5454959058014596,0.1850944299715431,0.45508795976638794,0.6514477729797363,0.2515133023262024,-0.05048330873250961,1720,1876,328,170,0.41767068273092367,0.38366214665508735,0.4582162116705063,0.7951737938744892,0.8595452283179496,0.5036291706169916,0.5859628491632435,0.1301474830703135,0.23951079704543496,0.41921739727258683,0.48791832253336903,0.5673045516014099,0.6571067228913307,0.17333103865385055,0.30251810774207105,-0.10784831624478101,0.03127347738482058
sft__none,26,post_instr_0,or_bench,0.07279115352787754,0.7578534487057352,0.25362729204318624,0.02493630649316441,0.09560911357402802,0.4499627649784088,-0.21505312621593475,-0.2592613697052002,1720,1876,104,393,0.08853118712273642,0.043177483469841495,0.10376743259958843,0.7286115495520051,0.7921837929170136,0.19007095851132574,0.31551528560999614,-0.004412211040142396,0.0610259712516047,0.05540248602628708,0.1369537208229303,0.30692541897296904,0.5131582885980606,-0.27885409593582156,-0.10977126434445385,-0.3122043438255787,-0.15217745751142503
sft__none,26,post_instr_0,xstest,0.17028990644550787,0.8322013950269913,0.3198420606577819,0.10255156573784645,0.20047183334827423,0.5120565891265869,0.08740508556365967,-0.01556379534304142,1720,1876,77,170,0.145748987854251,0.1293918481805731,0.21353095754530274,0.8014881939982355,0.8705249868525656,0.2516491676795735,0.3925291874539163,0.059325087279443925,0.15357245522874227,0.15244403816759586,0.24589572846889496,0.3180375173687935,0.5431899592280387,-0.040129351615905764,0.18101767599582663,-0.11833181045949459,0.0914513302966952
sft__none,26,post_instr_1,all,0.4064625901381717,0.7161221061120169,0.5520533580085689,0.305363449826031,0.49361923336982727,0.5749421119689941,0.23508614301681519,-0.056016501039266586,1720,1876,509,733,0.3196457326892109,0.379017437716592,0.44020855554435495,0.6993199849798715,0.7441470945493388,0.5190001430293281,0.5875467367464854,0.2767699418000466,0.3404033116896875,0.464917816221714,0.5200196862220764,0.4979198776185513,0.5775189816951751,0.1599696919322014,0.2752920567989349,-0.11358816716820001,0.013535657897591454
sft__none,26,post_instr_1,false_reject,0.48926154555486545,0.7662831372466811,0.5718250439260336,0.32996249756852264,0.5381485223770142,0.5098476409912109,0.3557337522506714,0.09652959555387497,1720,1876,328,170,0.46586345381526106,0.46169145277769474,0.5232745451423472,0.7506035957350217,0.7996668256015194,0.5390171647473843,0.6088027197771229,0.299560667930668,0.3670115293420061,0.5129067286849022,0.560323728621006,0.3963882625102997,0.49026493132114407,0.23843382634222507,0.3649678878486156,0.0017945355124538774,0.1466357670724392
sft__none,26,post_instr_1,or_bench,0.3455477750364323,0.8522640982908027,0.5312979671630038,0.29639251763372093,0.37573808431625366,0.44379815459251404,-0.02370336838066578,-0.2055141031742096,1720,1876,104,393,0.20925553319919518,0.3169879727120329,0.37811442959476543,0.8298683165827392,0.883220193099621,0.4811359446703386,0.5895516508172532,0.2655023450984531,0.329857909614124,0.34732830822467803,0.4007819682359695,0.30051357448101046,0.4634600169956683,-0.10556776262819767,0.07284603640437104,-0.2562556616961956,-0.09158068206161264
sft__none,26,post_instr_1,xstest,0.3620932867590137,0.8357853798440587,0.4958640968756852,0.3015029812679172,0.397533118724823,0.374213844537735,0.21864786744117737,0.07616213709115982,1720,1876,77,170,0.24696356275303644,0.3283304943085572,0.4029589450497044,0.8170259209780979,0.8870070829477654,0.44194155841245314,0.5457082094683876,0.26561444939709355,0.3452543886106786,0.3605683833360672,0.4264341309666633,0.22255171835422516,0.3674159750342369,0.07625307831913233,0.24686585478484618,-0.03614235837012529,0.14136712215840816
sft__none,26,post_instr_2,all,0.5363821825303589,0.8345898489039156,0.6831080767288603,0.4344946633266905,0.5406578779220581,0.4453262686729431,0.3053707480430603,0.07679309695959091,1720,1876,509,733,0.500805152979066,0.504496270814892,0.5674244221788672,0.805522121860913,0.8705284473979265,0.6458226625049595,0.7181615653305818,0.40252908012350874,0.46779838122028966,0.5185348376631737,0.5645913034677505,0.36667330116033553,0.46919081658124917,0.21288099810481073,0.3491896547377108,-0.01225938140414655,0.14228216633200644
sft__none,26,post_instr_2,false_reject,0.581449180222924,1.1672356928043193,0.6798706870355073,0.39155375362926875,0.4458826780319214,0.5158163905143738,0.2280818223953247,-0.002135844901204109,1720,1876,328,170,0.5742971887550201,0.5420238305435718,0.6146959184383175,1.1271799732748868,1.2133428179499757,0.6326119448020311,0.7200303766009141,0.3490144157877568,0.4416013856307273,0.42000467106699946,0.4677800066769123,0.38151946663856506,0.48790369778871534,0.10546794719994068,0.26822021901607507,-0.08278983999043703,0.07483953833580013
sft__none,26,post_instr_2,or_bench,0.5948456750152652,1.040153996560109,0.8650258132060757,0.5233475959466674,0.49643582105636597,0.47460222244262695,0.004207685589790344,-0.26656946539878845,1720,1876,104,393,0.5814889336016097,0.5587768335498959,0.6275371438439538,1.0026991562531142,1.0826283321387495,0.7919747266685383,0.9328166706918397,0.4840593645228185,0.5562792316367232,0.46688621640205386,0.5183045268058777,0.3318738915026188,0.47852395176887513,-0.10242486409842969,0.10317974723875514,-0.31336475238204003,-0.13554223813116553
sft__none,26,post_instr_2,xstest,0.32788100681960347,0.9689164804555416,0.45119143500924846,0.27202863394968024,0.3205435872077942,0.34697943925857544,0.09248902648687363,-0.01977653242647648,1720,1876,77,170,0.1902834008097166,0.2835149972887531,0.37143772931707986,0.939824863607191,1.021273154705263,0.393449242765756,0.5037250414911207,0.2264168323181184,0.31669938867048675,0.2812679119408131,0.35268750637769697,0.20642095729708673,0.34950955584645266,-0.028877558885142207,0.15481192395091053,-0.10648378115147353,0.06864978186786173
sft__none,26,post_instr_3,all,0.48855531858087503,0.9297348435076708,0.687100479609877,0.3506843083651333,0.46516573429107666,0.6600773930549622,-0.028982650488615036,-0.3795967102050781,1720,1876,509,733,0.391304347826087,0.44527573588765845,0.5327975336127226,0.8951237060972944,0.9639267959500941,0.6429096426339739,0.7319122754255368,0.3072507617315724,0.3989112356888218,0.43068707883358004,0.4978361815214157,0.6103319332003594,0.6992585346102714,-0.12479551210999489,0.06536794342100619,-0.4632865771651268,-0.2852041900157929
sft__none,26,post_instr_3,false_reject,0.6030028815385853,0.796279501609225,0.7292978196491152,0.3593278544546327,0.6037055253982544,0.7774257659912109,0.47042837738990784,0.0013699601404368877,1720,1876,328,170,0.6244979919678715,0.5644229139781086,0.641686096604173,0.7489783708078498,0.8416642842909922,0.6886275353901766,0.7705610175496584,0.30909686956000243,0.4084037733765706,0.5753864765167236,0.6359188199043274,0.7092881292104721,0.7926370531320571,0.2666898101568222,0.6069376736879347,-0.21344550885260105,0.18511097356677056
sft__none,26,post_instr_3,or_bench,0.40683648024426045,1.0755115925779781,0.6626626677308183,0.3391369746297956,0.3538055121898651,0.5573838949203491,-0.27794861793518066,-0.5080128312110901,1720,1876,104,393,0.21730382293762576,0.3623973136306586,0.4513426057896927,1.0356966905426854,1.1077036023302103,0.6149393324352975,0.7207175761949951,0.2927837969513651,0.3874673977073058,0.3179340146481991,0.3889292821288109,0.49259303212165834,0.6054363548755645,-0.3482405230402946,-0.18979822471737867,-0.5670957446098328,-0.4330901883542538
sft__none,26,post_instr_3,xstest,0.42223718011983685,1.0817049812649098,0.5403577278118391,0.3687354632339979,0.3636234998703003,0.5720629096031189,0.4119235873222351,0.21889212727546692,1720,1876,77,170,0.27125506072874495,0.3733299722501248,0.4693398694118383,1.0314040511637634,1.136356819099836,0.48018692149233605,0.5881568351307076,0.3199332615514392,0.41557432242097125,0.32533360496163366,0.3957077100872992,0.4529422014951706,0.5908120900392532,0.16479706168174743,0.5702613666653633,-0.024645488150417803,0.4118955716490745
sft__none,26,post_instr_4,all,0.28634072867773835,0.5566481124882604,0.498434680264721,0.13906126284420858,0.45742955803871155,0.7597520351409912,0.31894081830978394,-0.032153353095054626,1720,1876,509,733,0.1972624798711755,0.2689004925169196,0.3071663221839574,0.539604440034567,0.5746574132124037,0.47115669986767794,0.5257868887696487,0.1236647845960275,0.15878564451044794,0.4371359646320343,0.4792755872011184,0.7280314311385154,0.7697724446654319,0.2611986383795738,0.3700699716806411,-0.0902089325711131,0.021050428831949818
sft__none,26,post_instr_4,false_reject,0.41764597360420735,0.6081689001876399,0.540928634778414,0.17978293738250695,0.5660960078239441,0.7577417492866516,0.5130224227905273,0.10198207199573517,1720,1876,328,170,0.37349397590361444,0.394137089412509,0.4434330995772561,0.5920690168429179,0.6288577186781569,0.5072399867468126,0.5717996352338227,0.15837108183975193,0.2054851835888932,0.5443722620606423,0.5903771221637726,0.7089043885469437,0.7620985597372055,0.43662437573075297,0.5512932062149047,0.031664861273020505,0.1584865279495716
sft__none,26,post_instr_4,or_bench,0.19946187724435577,0.6933925741757382,0.4944845096009169,0.12138974585177989,0.2764502167701721,0.7178133726119995,-0.06389208137989044,-0.2729698419570923,1720,1876,104,393,0.0925553319919517,0.18074234285171284,0.22293917096686136,0.6690167909068764,0.716910867023825,0.44787656843872253,0.554650560904958,0.10138638808279819,0.14166800913093144,0.25383445546030997,0.30550869777798645,0.6541795209050179,0.7408636450767517,-0.12757388316094875,0.01094109299592673,-0.3308640971779823,-0.1976930599659682
sft__none,26,post_instr_4,xstest,0.1964167656609061,0.5436109798059805,0.3227571075947614,0.13919199795548368,0.3398171067237854,0.5554646253585815,0.3435930609703064,0.16463381052017212,1720,1876,77,170,0.05263157894736842,0.17835884697002657,0.21753587997030585,0.5251623679610139,0.5744994079391491,0.2835180536569709,0.3591848736668339,0.11903991079145393,0.15867013497719337,0.31050255745649336,0.3654922530055046,0.3931661993265152,0.568613252043724,0.1719025880098343,0.3877294108271599,0.03747119596228004,0.22765435837209222
sft__none,26,first_gen,all,0.2627482280498795,0.2747163007262099,0.6766303592417852,-0.02465419916122982,0.6911898851394653,0.8364517688751221,0.6192635893821716,0.056895218789577484,1720,1876,509,733,0.2809983896940419,0.24547846512982263,0.2833649557937557,0.26421712949708226,0.29141578294133624,0.6297710178697914,0.7202420399925832,-0.035565099026114926,-0.010491141726382516,0.6637901142239571,0.7179232850670814,0.8195231318473816,0.8474210247397422,0.5552504360675812,0.6671474814414978,0.0111236633034423,0.09754395950585602
sft__none,26,first_gen,false_reject,0.45828138836399424,0.3311545557029383,0.70362760618811,-0.015092387721646719,0.8105334639549255,0.8493924140930176,0.8341283202171326,0.24870967864990234,1720,1876,328,170,0.4457831325301205,0.4245010883525607,0.48890271729044643,0.322151765686921,0.34846758534946753,0.6504541181746885,0.7499909973287214,-0.02875176650058811,0.00023963290748309343,0.7873104184865951,0.8260239034891128,0.8255142331123352,0.8572094827890396,0.7862822890281678,0.8546748504042625,0.19582061134278775,0.28057123720645905
sft__none,26,first_gen,or_bench,0.1163661016099436,0.375348063339871,0.721128279185826,-0.04367273668432736,0.29611778259277344,0.8038346171379089,0.017096053808927536,-0.2313074916601181,1720,1876,104,393,0.158953722334004,0.09841846475327269,0.1385374539147468,0.3481774433123787,0.40501585341916985,0.6390694797474954,0.8006434557321235,-0.05278813287345004,-0.031219636750315537,0.24558361768722534,0.35032929554581643,0.7689409777522087,0.8260157093405723,-0.06525327265262604,0.12556335814297195,-0.2798291116952896,-0.16347036585211755
sft__none,26,first_gen,xstest,0.1630575901906039,0.3147229469648777,0.5015280552730114,0.009750380179854927,0.460023432970047,0.7617663741111755,0.39923661947250366,0.054967768490314484,1720,1876,77,170,0.19433198380566802,0.13156543449999752,0.19706721651079573,0.30580730868877015,0.34660257824905655,0.4055578632474927,0.5894880398207776,-0.00900497756665748,0.03431345903569105,0.36454091370105746,0.5176030218601226,0.7023016929626464,0.7718506902456284,0.24128847680985926,0.4737909607589244,-0.03828237829729914,0.11262816712260237
sft__none,31,last_prompt,all,-0.2484512275648913,0.7926330159941869,-0.19400434305232972,-0.28625949681152885,-0.29910117387771606,0.37854570150375366,0.014480508863925934,0.13383057713508606,1720,1876,509,733,0.021739130434782608,-0.27983710581002313,-0.20490810165198922,0.7339362221159298,0.8668826348191401,-0.23851691769138067,-0.1360776813756966,-0.31645072068522867,-0.24203559977129574,-0.3322493404150009,-0.2512283727526665,0.21305669620633125,0.49365729764103866,-0.13471715599298478,0.1681400291621685,0.0010999600868672136,0.25089256539940835
sft__none,31,last_prompt,false_reject,-0.19290829050377692,0.8899604803672528,-0.15432054848605883,-0.26735995837138,-0.21184095740318298,0.3023569583892822,-0.11780659109354019,-0.055003367364406586,1720,1876,328,170,0.04417670682730924,-0.22965639587368641,-0.13917402243953267,0.8264248538998452,0.9656746322608702,-0.19926884362532685,-0.08821804863197882,-0.3096986551753236,-0.20807893296754232,-0.2519132696092129,-0.15869713686406617,0.1029837815091014,0.4251047872006893,-0.24817218780517578,0.05591230243444434,-0.17678366005420684,0.08987297490239123
sft__none,31,last_prompt,or_bench,-0.2868769645150723,0.830912947342942,-0.2872365140339342,-0.28678181604322917,-0.3263518512248993,-0.0012227464467287064,0.05351869761943817,0.05619651824235916,1720,1876,104,393,0.01006036217303823,-0.3168269364704994,-0.2461660572945327,0.7729997088567047,0.9075067889530628,-0.3255718367396826,-0.23501856581817465,-0.31891166294108386,-0.24489528107506378,-0.35467173010110853,-0.2822973720729351,-0.08910369127988815,0.09591450151056043,-0.05245703188702464,0.16844697035849082,-0.042068006843328475,0.15791508294641965
sft__none,31,last_prompt,xstest,-0.2831183006682402,0.9545949009569992,-0.23712309053938943,-0.30395152733909486,-0.28434261679649353,0.21657605469226837,-0.05254324525594711,0.009427699260413647,1720,1876,77,170,0.0,-0.31521529068958565,-0.2346885488750035,0.8910622258146277,1.0351545938459603,-0.2704848210806417,-0.18838966951148314,-0.3372085882265922,-0.25721825099885887,-0.3172106519341469,-0.23517722412943842,0.12526998296380043,0.24083176255226135,-0.15538760796189308,0.06391851566731926,-0.09887893199920654,0.12092642188072204
sft__none,31,post_instr_0,all,0.17821523709238504,0.632114106335064,0.3737439507855924,0.04243882868944548,0.2713567018508911,0.6873287558555603,0.2579447627067566,0.0742182731628418,1720,1876,509,733,0.17552334943639292,0.15030299096657834,0.21196893795848454,0.5996939814469825,0.6637480184177668,0.333709220148871,0.4188372261067097,0.012792095841406606,0.07689661245233943,0.22941888235509394,0.3172424681484699,0.6135534375905991,0.7091940447688102,0.18871207013726235,0.3122536391019821,0.011421692674048245,0.13415146730840205
sft__none,31,post_instr_0,false_reject,0.3675362843858688,0.7880621102001535,0.4692699726419752,0.17125007145933527,0.42267197370529175,0.5855052471160889,0.3005286157131195,0.05853797867894173,1720,1876,328,170,0.3112449799196787,0.3255045954820483,0.40699687939186524,0.7557982778556225,0.8234443821944337,0.41687938905623806,0.5204815246008486,0.1177199563720655,0.22902065159373944,0.3780948780477047,0.46006096303462984,0.4656396619975567,0.6305878907442093,0.2153169449418783,0.34858450442552563,-0.01955990814603865,0.13697171509265899
sft__none,31,post_instr_0,or_bench,0.048324610146934927,0.7057966405130448,0.20322665544633986,0.007332718502965683,0.0683082565665245,0.4428706467151642,-0.1976291537284851,-0.228414386510849,1720,1876,104,393,0.09054325955734406,0.01877677770946997,0.08278506616418158,0.6755612186023631,0.7444481742543543,0.13654656168099058,0.27527787151330196,-0.02458009613227125,0.04245402151370137,0.02603641408495605,0.1170767430216073,0.2764604680240154,0.5225212886929511,-0.2590868577361107,-0.07863824293017388,-0.2854119807481766,-0.11768107451498522
sft__none,31,post_instr_0,xstest,0.05786611948194646,0.8010909173439438,0.1971369575085836,-0.005215376127725204,0.0720464363694191,0.5113898515701294,-0.009366333484649658,-0.046330537647008896,1720,1876,77,170,0.0728744939271255,0.012007119383231868,0.1035619881931544,0.7687658642208172,0.8453887552587926,0.13150110156435332,0.2702199194905368,-0.051952697069433146,0.0458362566512912,0.014636994246393443,0.1237855149433016,0.28971212804317475,0.5600888505578041,-0.14026975445449352,0.11107519324868914,-0.16670697294175624,0.07915916070342063
sft__none,31,post_instr_1,all,0.413206702812488,0.7571100802527908,0.5585759499175078,0.31226135365143975,0.47906437516212463,0.5881709456443787,0.20073965191841125,-0.09231486916542053,1720,1876,509,733,0.33816425120772947,0.37857047761295126,0.4526703669842473,0.731280128626183,0.7874110855270522,0.5196619988612265,0.5983226263796765,0.2762284327604809,0.35229524856176553,0.4457870781421661,0.5100450158119201,0.5057135865092277,0.5870933622121811,0.12581401020288469,0.25109526067972177,-0.14719251319766044,-0.0229891400318593
sft__none,31,post_instr_1,false_reject,0.48556695802799976,0.7703303746801125,0.5744741109902898,0.3140285756376773,0.5332411527633667,0.556276798248291,0.39100614190101624,0.11156098544597626,1720,1876,328,170,0.463855421686747,0.4538449155849466,0.5240863533017207,0.7508175275307843,0.8047076864584221,0.5346042053756008,0.6101028937937896,0.2761756122256296,0.3611300465437736,0.5041645184159279,0.5586197733879089,0.43917321413755417,0.5356312781572342,0.25907643139362335,0.4029658995568752,0.011040021292865278,0.16601102650165558
sft__none,31,post_instr_1,or_bench,0.3463610236617311,0.8757699041773065,0.521686025909232,0.29996461626830195,0.36777496337890625,0.43981772661209106,-0.0015606791712343693,-0.17562317848205566,1720,1876,104,393,0.21327967806841047,0.3108360846154556,0.3827413748940307,0.8477772243848363,0.9100935110371103,0.46749616755968854,0.5827492369926304,0.26248842340765155,0.33877076820191276,0.33438378274440766,0.39847326576709746,0.29657972157001494,0.461142386496067,-0.10068226046860218,0.09001436997205012,-0.24780387319624425,-0.05906253904104239
sft__none,31,post_instr_1,xstest,0.40181758381816135,0.9078610925498012,0.5406795562500747,0.33892129807268156,0.40472811460494995,0.4032352566719055,0.16899873316287994,0.006340613588690758,1720,1876,77,170,0.3360323886639676,0.3598126099966654,0.4487539660930367,0.8751639570615425,0.9602371411068105,0.4844344004992943,0.5990011205004391,0.2958018279558637,0.387044795409162,0.3665816575288773,0.43290932327508924,0.25174264088273046,0.39178826212882994,0.02578476583585143,0.23391763195395465,-0.098877496086061,0.11344114486128089
sft__none,31,post_instr_2,all,0.485681049743926,0.9714194298663974,0.6405856048678393,0.37811431694110587,0.44719254970550537,0.5350761413574219,0.08546660095453262,-0.17196887731552124,1720,1876,509,733,0.4524959742351047,0.4386380529396077,0.5353911708308743,0.9343602571113303,1.0070405269893357,0.5921478954352328,0.6940762865824915,0.3278163524308166,0.4352076582396568,0.4087112627923489,0.48639377057552335,0.45447268038988115,0.5563295632600784,0.004034543503075839,0.16252951696515078,-0.23417435809969903,-0.0859449826180935
sft__none,31,post_instr_2,false_reject,0.5775782151938377,1.0649096703003178,0.6771273657865711,0.38550696565552767,0.47676312923431396,0.5546572208404541,0.22981366515159607,-0.03939162194728851,1720,1876,328,170,0.5803212851405622,0.5336529696350611,0.6286347512682419,1.0251243315718674,1.1090657744091152,0.6286622580529866,0.7268965520322512,0.32514791765148165,0.4529101840135547,0.4430294051766396,0.5094422414898873,0.4276552103459835,0.5463869199156761,0.09709619432687759,0.29126796871423716,-0.1342916503548622,0.05206326991319656
sft__none,31,post_instr_2,or_bench,0.42054435096694254,1.1394855400594752,0.596676358378171,0.3739343579414247,0.3462373614311218,0.38034477829933167,-0.18518413603305817,-0.33776551485061646,1720,1876,104,393,0.3380281690140845,0.3741016085497855,0.4760244710402971,1.0961571537807115,1.1838464802546396,0.53038968996587,0.6614594809133505,0.3262715136531549,0.43288422578307895,0.30992847979068755,0.38769999295473095,0.25141443535685537,0.41428675279021254,-0.27384545654058456,-0.0616171312518418,-0.3931680992245674,-0.207992347329855
sft__none,31,post_instr_2,xstest,0.43146305831090354,1.1191658597001708,0.5442331488133676,0.3803847542170454,0.35971587896347046,0.34807875752449036,0.026780975982546806,-0.10548976063728333,1720,1876,77,170,0.4251012145748988,0.37040284693583625,0.49440314474281577,1.0808394760910098,1.1741302743383608,0.46720855698668007,0.619159153481701,0.3144241153654598,0.4456506359496541,0.3119474209845066,0.4016756273806095,0.18557243049144745,0.37344773709774015,-0.10420834496617318,0.14458228126168227,-0.19180030822753907,0.02130465642549076
sft__none,31,post_instr_3,all,0.486613512054049,0.9272395128647997,0.682868688171518,0.3503326437891044,0.46469375491142273,0.6387859582901001,0.004556239582598209,-0.3300880491733551,1720,1876,509,733,0.391304347826087,0.4460807443628585,0.5311387308618838,0.8946500586517193,0.9581657179749616,0.6379159274043237,0.727533823418467,0.30903999488064443,0.3971563573028949,0.4320789217948914,0.49645883738994595,0.5936166390776634,0.6722521558403969,-0.0876183396205306,0.09662048872560262,-0.41452642232179643,-0.24011954069137578
sft__none,31,post_instr_3,false_reject,0.6039841713808247,0.8142603918317166,0.7309817577011293,0.35895345856846395,0.5957549810409546,0.7473610639572144,0.4666580557823181,0.026661960408091545,1720,1876,328,170,0.6265060240963856,0.5655053427479425,0.6422534515934951,0.7706378153961518,0.8589686643244149,0.6872031190964725,0.7730341689109209,0.30957271286471744,0.4098405422430691,0.5677619874477386,0.6262001007795334,0.6816588521003724,0.7567212998867034,0.2827270746231079,0.5889864414930341,-0.1682571068406105,0.19223179593682285
sft__none,31,post_instr_3,or_bench,0.40956898482617843,1.0611169484519312,0.6529776303319411,0.345155495467382,0.3600870966911316,0.5192046165466309,-0.2600047290325165,-0.4791024327278137,1720,1876,104,393,0.23340040241448692,0.36785636842313296,0.4538307736032558,1.0214839609927557,1.0915621563831102,0.6066611261385357,0.7101894572126294,0.2998836038014883,0.39045833629200805,0.3278524845838547,0.39515035375952723,0.4530086487531662,0.5603215456008911,-0.3276285849511623,-0.1731446884572506,-0.5402108907699585,-0.40030943527817725
sft__none,31,post_instr_3,xstest,0.4049962872809933,1.0894031243715152,0.5182918210334191,0.3536800698406813,0.3484593629837036,0.5115814805030823,0.40571364760398865,0.24265708029270172,1720,1876,77,170,0.23481781376518218,0.3571341346187438,0.4494785307209889,1.0399408144788864,1.1409962144712473,0.45924556050894055,0.566254463966183,0.3056021047906746,0.3995041417953106,0.31133624017238615,0.38101924806833265,0.3931580163538456,0.5278315111994742,0.1784311018884182,0.5392412304878235,0.014282656135037543,0.40555214360356323
sft__none,31,post_instr_4,all,0.30057916897507964,0.6207718833602495,0.5094932164781623,0.15550789915707872,0.4358025789260864,0.7082712650299072,0.19465333223342896,-0.12667526304721832,1720,1876,509,733,0.20531400966183574,0.2803236573246067,0.3251086751991742,0.6025658707226462,0.6404864166910816,0.4792330637710838,0.5372630336853825,0.1355915844181725,0.1820619045055974,0.4130887806415558,0.46050184667110444,0.6718094304203988,0.7216908827424049,0.13180921152234076,0.2475889340043068,-0.1858961157500744,-0.07148438207805158
sft__none,31,post_instr_4,false_reject,0.4257131366495134,0.6559808063024524,0.5497804510505307,0.1863361975943359,0.5443819761276245,0.7317131757736206,0.451396107673645,0.06325975805521011,1720,1876,328,170,0.3815261044176707,0.3990456264754622,0.4535405697149049,0.6383845986317016,0.6783816385240514,0.5134679433852359,0.5819271742846825,0.1607914836492844,0.21543111764069967,0.5211548060178757,0.5693294495344162,0.6756892830133439,0.7306949645280838,0.3690817207098007,0.4894506007432938,-0.0034184969612397254,0.11973162963986395
sft__none,31,post_instr_4,or_bench,0.22034344683175067,0.7955723766066801,0.5063115692077921,0.1446674089228497,0.2669140696525574,0.6597978472709656,-0.15352262556552887,-0.3420410752296448,1720,1876,104,393,0.10462776659959759,0.19651573198049274,0.24682808577376303,0.7691420876407367,0.8206860230333237,0.4580517135008237,0.5675836611429169,0.12130801631912111,0.1701488907658487,0.24160298742353917,0.2957316018640995,0.5963540926575661,0.685914048552513,-0.20374648422002792,-0.07954398859292271,-0.38608517646789553,-0.2683318190276623
sft__none,31,post_instr_4,xstest,0.2097307966067056,0.6457017364558475,0.342177357022129,0.14974026661009238,0.3089231252670288,0.5148488879203796,0.2894284725189209,0.13708500564098358,1720,1876,77,170,0.05263157894736842,0.1897017083698611,0.23678545092293776,0.62338496376982,0.6810598767865543,0.30246620512527567,0.3855621410529739,0.1287356699831539,0.1748565183919363,0.27993818297982215,0.3351432472467422,0.36121546253561976,0.5171412512660026,0.13266926854848862,0.3395612649619579,0.009770768019370735,0.2088106974959373
sft__none,31,first_gen,all,0.29009115058129475,0.2889594858198609,0.7616436057891336,-0.03735793078131419,0.7084873914718628,0.8633828163146973,0.5170634984970093,-0.13409267365932465,1720,1876,509,733,0.2809983896940419,0.2686727601099086,0.3166111152223288,0.2727738221050834,0.313314271130649,0.7104134019816238,0.8174185595920657,-0.05480578713514146,-0.016578775413856373,0.6714706152677536,0.7409071043133736,0.8413495555520057,0.8754668623209,0.4283322259783745,0.5843636691570282,-0.19066202715039254,-0.08567312471568586
sft__none,31,first_gen,false_reject,0.5007100743107274,0.2915051010102119,0.7788957787066575,-0.036024752624373296,0.8642111420631409,0.8904125094413757,0.8192328214645386,0.09883818030357361,1720,1876,328,170,0.4457831325301205,0.4628683933440255,0.538450607088323,0.2806044112312071,0.3108331670170638,0.7182361475507352,0.8319722675805094,-0.0656880267433612,-0.0020660288555387762,0.8395116850733757,0.8801151007413864,0.8663169413805007,0.8941365599632263,0.753199715912342,0.8424894332885742,0.028805172676220535,0.13756549656391143
sft__none,31,first_gen,or_bench,0.12284418007883002,0.4760033707422901,0.8198751546888308,-0.06161183389716549,0.24988682568073273,0.82999187707901,-0.1497223675251007,-0.3688274025917053,1720,1876,104,393,0.158953722334004,0.09976313290798773,0.15043166977345884,0.4340939711204467,0.5188979003120013,0.7291001925589314,0.9005651137472207,-0.07685551432126914,-0.04077956596983351,0.20286575220525266,0.30836757868528364,0.7921683266758919,0.8547122180461884,-0.24775908812880515,-0.031195070501417017,-0.4285056285560131,-0.29463239163160326
sft__none,31,first_gen,xstest,0.2019678727941523,0.34532874367207117,0.6095035631008671,0.017378215851521495,0.5048519372940063,0.8080812692642212,0.3347633481025696,-0.08479786664247513,1720,1876,77,170,0.19433198380566802,0.16109445371066425,0.24795184601782788,0.3289106968499803,0.3929643399234516,0.4903954579319576,0.7100077071707318,-0.01718887592409025,0.057769122965766535,0.39310356676578523,0.5828313827514648,0.7424393773078919,0.8153777450323104,0.14038539826869964,0.43599126189947124,-0.17871099710464478,-0.015985113754868684
dpo__none,8,last_prompt,all,0.1698390079783205,1.068017978709898,0.33772325190180896,0.08819262002163526,0.157049298286438,0.40553373098373413,0.20153596997261047,0.13957923650741577,1736,1884,409,841,0.0888,0.13265903693013437,0.22507819648752672,1.0119266936695213,1.1210480678549155,0.28725153819868804,0.39282489346623356,0.051475530466127184,0.14180747778765354,0.12673314101994038,0.20289526879787442,0.34405349418520925,0.43253896981477735,0.10335196182131767,0.27379386276006695,0.03807637263089419,0.221262164786458
dpo__none,8,last_prompt,false_reject,0.28329825334869874,1.3084860052941683,0.3579242004231727,0.164592649459459,0.21160560846328735,0.3717978000640869,-0.015858490020036697,-0.096723273396492,1736,1884,307,193,0.168,0.2347588250830444,0.3414190157501188,1.2466223420673113,1.3699398418099569,0.2999030941902873,0.4267342969291938,0.11969991183312784,0.2297269405982136,0.1752152167260647,0.25123121403157705,0.2579579368233681,0.38872992917895316,-0.11929293852299451,0.09466432966291903,-0.19073827117681502,0.033932480029761763
dpo__none,8,last_prompt,or_bench,0.10202079701923683,1.3337439344510422,0.2929022768512955,0.0754973856510238,0.0762692540884018,0.3366546034812927,-0.1407601237297058,-0.16692271828651428,1736,1884,61,439,0.04,0.05903508502120563,0.1607807882571085,1.271760817535624,1.3964250155025735,0.21932829856618968,0.3872083586251098,0.03221140525383111,0.13332683540610824,0.0447814173065126,0.11831159070134159,0.2153118308633566,0.35187829583883284,-0.24924353137612343,0.0042545541306026205,-0.26681591048836706,-0.020737450104206842
dpo__none,8,last_prompt,xstest,0.07855711203778255,1.2540531081991788,0.25314725124985743,0.044307372398151725,0.06252002716064453,0.27726060152053833,0.05944836139678955,0.042196568101644516,1736,1884,41,209,0.028,0.03126215898869054,0.13724993613172048,1.196648323523455,1.3282667080565709,0.16910016562382627,0.3563766633286065,-5.903300011548358e-05,0.10295657771611501,0.025300622219219804,0.10601011905819176,0.15005917772650718,0.2986839845776557,-0.04010800803080201,0.13264840319752674,-0.06167398579418659,0.11857305858284224
dpo__none,8,post_instr_0,all,0.2730687350882376,0.906079671251001,0.43054255970337957,0.19648513877796778,0.28855448961257935,0.4413640797138214,0.38115161657333374,0.2650691568851471,1736,1884,409,841,0.1528,0.23565412173774045,0.31161641765778186,0.8684329378858231,0.9499151602278642,0.3894808736125572,0.47964802941109125,0.16128755892924415,0.23688866582299561,0.255422230809927,0.321325708925724,0.3831482581794262,0.47196021080017087,0.31016096100211143,0.42829886004328727,0.18638190105557442,0.32373970672488206
dpo__none,8,post_instr_0,false_reject,0.37573060594642904,1.1805572779262763,0.4542212805401657,0.25087753296547854,0.303276002407074,0.43369460105895996,0.08981838822364807,-0.04377235099673271,1736,1884,307,193,0.264,0.33185017013252777,0.4234605170388024,1.137384199086996,1.2314421263692383,0.40586760649539444,0.5064706153227647,0.21303503065640136,0.2978102585549854,0.2727477639913559,0.33193225786089897,0.3539020150899887,0.4654089242219925,-0.004178523633163419,0.15635912194848053,-0.13055294901132583,0.04113669404760001
dpo__none,8,post_instr_0,or_bench,0.21067758078326027,1.0450087044460608,0.3736619314127776,0.18803057631067038,0.1976274698972702,0.46019190549850464,-0.09373296797275543,-0.18839521706104279,1736,1884,61,439,0.08,0.174924141240143,0.25250459238840334,1.0049756061843966,1.0953364836720791,0.30408087459584515,0.4387577418491758,0.1519531493332097,0.22934977961215075,0.16732274666428565,0.22817733660340309,0.29855477064847946,0.48093206360936164,-0.23105721212923527,0.07899507358670226,-0.3064752034842968,-0.007301670464221409
dpo__none,8,post_instr_0,xstest,0.19252728242283437,1.0710535221822237,0.3378681077302076,0.16401546066549333,0.17691949009895325,0.3751075267791748,0.07605728507041931,0.0098488200455904,1736,1884,41,209,0.076,0.15191029100883105,0.2368663876122741,1.0317983487775073,1.1338351936735485,0.2584056278616558,0.4281789743566766,0.124312791659121,0.2091197707177637,0.14056264124810697,0.21188095286488529,0.19410652182996274,0.41795224994421004,-0.022839660802856085,0.15942460559308527,-0.0703760428354144,0.10312166959047314
dpo__none,8,post_instr_1,all,0.4325576091781738,1.045162571669953,0.5479827713721364,0.3764234129015692,0.38240957260131836,0.29826685786247253,0.22503632307052612,0.12010499835014343,1736,1884,409,841,0.3904,0.3864546729164331,0.48406586391844275,1.0052117813826211,1.0833777824325355,0.4928465303910976,0.6088136433713301,0.330040748004327,0.42980418341505555,0.3427280090749264,0.42884762957692146,0.22083605602383613,0.34636763110756874,0.14180195964872838,0.29376098811626433,0.03723228890448809,0.19404393434524533
dpo__none,8,post_instr_1,false_reject,0.4164832896319322,1.2978577605126298,0.5196690746151043,0.2523484094071174,0.30555349588394165,0.49433398246765137,0.029950005933642387,-0.12717774510383606,1736,1884,307,193,0.388,0.36244225448907613,0.4696905832821497,1.253274397800038,1.34204651166131,0.4611696456281034,0.5812429935248714,0.20415418466922844,0.3061096208143206,0.2672208435833454,0.3422390192747116,0.41116745173931124,0.5137150436639786,-0.05287377284839749,0.10343425814062347,-0.1947787467390299,-0.0468478427268565
dpo__none,8,post_instr_1,or_bench,0.47409601789328903,1.1724141136737753,0.7075951844704971,0.4416507610380965,0.3748852014541626,0.48744067549705505,-0.08541340380907059,-0.289241760969162,1736,1884,61,439,0.434,0.424515682491078,0.5239972062404468,1.1254721970346462,1.231658752272241,0.6254154690937013,0.7838944336483009,0.39315790212625895,0.49287863651937397,0.3355759561061859,0.4092639170587063,0.3387236975133419,0.5018134295940399,-0.2271498654037714,0.07141266018152229,-0.4098336182534695,-0.08507786896079787
dpo__none,8,post_instr_1,xstest,0.3816295368131892,1.464941442243714,0.5225178874075428,0.3539911514862627,0.25209465622901917,0.31070736050605774,0.17409183084964752,0.09896031022071838,1736,1884,41,209,0.308,0.31134372844146385,0.46501948736210924,1.4103096925072311,1.5373560132193453,0.4219711184550355,0.6322401664711853,0.28307055117502344,0.43847930821625763,0.20647622793912887,0.3013536915183067,0.11636746507138014,0.36323076114058495,-0.012382776197046036,0.2785352095961569,-0.06185638392344117,0.21261683404445644
dpo__none,8,post_instr_2,all,0.30739214686836097,1.0873680155929653,0.34821911985168386,0.2875368849593497,0.272032767534256,0.0994115099310875,0.31716832518577576,0.30149516463279724,1736,1884,409,841,0.2824,0.2597409303595864,0.36690756132749647,1.0269816535874658,1.1434840788519876,0.28604802359905374,0.4154838697427672,0.23887940246305495,0.3488606134564531,0.231860513985157,0.3205911710858345,0.006649461295455697,0.18793819174170487,0.23086515404284,0.38846292048692704,0.21219242215156556,0.366311789304018
dpo__none,8,post_instr_2,false_reject,0.23195782082549604,1.4823454275460834,0.3013785692181699,0.12153205321447015,0.15459896624088287,0.40302398800849915,-0.09257577359676361,-0.15676763653755188,1736,1884,307,193,0.228,0.1581785026782502,0.3117092562021316,1.4089874238076296,1.5494247179573046,0.22024763952229337,0.3837164636730946,0.03898775079250368,0.22285078103438,0.10555532686412335,0.2089833192527294,0.23177486956119536,0.4697113402187823,-0.2124982476234436,0.043445708416402336,-0.27440135926008224,-0.010004730499349732
dpo__none,8,post_instr_2,or_bench,0.38842110984152883,1.1952330690733035,0.5629129192504975,0.3641751120787837,0.30906471610069275,0.368247926235199,-0.1627008616924286,-0.29074805974960327,1736,1884,61,439,0.352,0.32655734521893137,0.45773078545571216,1.1392819568386774,1.263097455917138,0.4589188690502052,0.6640045435545229,0.2976591659114745,0.4414463712395097,0.26394025459885595,0.36154490336775774,0.15935005992650986,0.4248241804540157,-0.31376893147826196,0.06836287342011921,-0.42977060079574586,-0.025320982839912264
dpo__none,8,post_instr_2,xstest,0.2962026766069744,1.686271070109392,0.3795302250445848,0.27985615035472483,0.17300663888454437,0.21065545082092285,-0.0041976626962423325,-0.041264716535806656,1736,1884,41,209,0.252,0.13111433173957066,0.46188174506465274,1.5712425252630582,1.7906935994273157,0.20676267143476995,0.546346258654703,0.1081131722721224,0.44455602095260077,0.07795999515801669,0.2658359453082084,-0.03558881105855107,0.34515265226364117,-0.22455454766750335,0.20451230257749553,-0.2299766480922699,0.16267842128872867
dpo__none,8,post_instr_3,all,0.6978951685076339,1.2113726597501109,0.7748611349320986,0.6604645451582251,0.499199777841568,0.20177362859249115,0.18871498107910156,0.10154756903648376,1736,1884,409,841,0.7168,0.6273338340345267,0.7580034876939493,1.1440750124386987,1.263848923117307,0.6972672884370883,0.8443049265578453,0.5891298484883882,0.7228498098498365,0.45264146849513054,0.548920664191246,0.11117450390011072,0.27483369112014766,0.08395477663725615,0.28146664276719086,0.007749424141366035,0.1824162535369396
dpo__none,8,post_instr_3,false_reject,0.6369613758605022,1.4636132080854294,0.7392472287950085,0.47425788930786733,0.39904624223709106,0.5089005827903748,0.023637549951672554,-0.19569343328475952,1736,1884,307,193,0.618,0.5582895240418251,0.709738518534856,1.4045300159417768,1.5226723176032333,0.6574668481821465,0.8147206522919068,0.40245161925581263,0.554441874903973,0.34770516529679296,0.4484420225024223,0.40114653781056403,0.5431865334510804,-0.0733385730534792,0.1197922855615615,-0.2811745025217533,-0.10128993969410659
dpo__none,8,post_instr_3,or_bench,0.8006305776673026,1.281125062315874,0.9748161132656122,0.7764270882696968,0.5299643874168396,0.41722768545150757,-0.05299489200115204,-0.3232361674308777,1736,1884,61,439,0.85,0.7373070996542184,0.8566290035703632,1.214357039672707,1.3529115948273325,0.8855567011890999,1.0613386033410321,0.713139396560588,0.8323966542281267,0.48656056448817253,0.5716870173811912,0.24615045338869096,0.4664692863821982,-0.2691142372786999,0.18507899791002266,-0.50789934694767,-0.024268020410090765
dpo__none,8,post_instr_3,xstest,0.6142918338764518,1.6567538809580604,0.7440377535783639,0.5888393005923229,0.3476523756980896,0.3277319073677063,0.10416626930236816,-0.010420504957437515,1736,1884,41,209,0.648,0.5133930529005143,0.7119839592728545,1.5836708302984364,1.730992510434748,0.6130556898166186,0.8658148624151469,0.488708872025185,0.6935738434841177,0.29426698535680773,0.40184604898095133,0.08564006686210632,0.41006522104144094,-0.060984404943883415,0.20893972106277933,-0.11816339362412691,0.10429019164293994
dpo__none,8,post_instr_4,all,0.4017349996451066,1.0388572061324695,0.5070451430220395,0.350519955190345,0.36067914962768555,0.29306167364120483,0.19431808590888977,0.0950121060013771,1736,1884,409,841,0.328,0.3502316290210822,0.4559364021580227,0.9957503402154875,1.079813026142251,0.45108185895128583,0.5683412034049266,0.30025032554352377,0.40501742539728064,0.31903103888034823,0.40208215117454527,0.2248556774109602,0.33942300155758853,0.10681053809821606,0.2635049104690551,0.009933690261095763,0.1771068550646305
dpo__none,8,post_instr_4,false_reject,0.4014473759996649,1.2507052988236258,0.4847831819509363,0.2688873466540534,0.3056192994117737,0.4212930500507355,-0.0045815459452569485,-0.14003705978393555,1736,1884,307,193,0.336,0.34932387963893063,0.45073613385703837,1.2047652969587976,1.294328944456793,0.429522624274884,0.5340914532338784,0.21520251235442098,0.3264474131496679,0.26454098597168924,0.3425329394638538,0.3375460684299469,0.4405416987836361,-0.08259725775569678,0.07676453031599516,-0.22178636342287064,-0.05217338353395465
dpo__none,8,post_instr_4,or_bench,0.44698212617216637,1.1508471050910039,0.6566471824373148,0.41784872348917224,0.362045556306839,0.4662571847438812,-0.1943897306919098,-0.3896282911300659,1736,1884,61,439,0.368,0.39613478169343747,0.5000782104915605,1.0958966632852116,1.2119498710741856,0.5884181816537645,0.7296772312938408,0.3675292018373669,0.47275933862284847,0.3223757207393646,0.3996686421334743,0.32695148289203646,0.49069775342941285,-0.35898043513298034,0.038611473422497405,-0.5172729671001435,-0.1208328535780311
dpo__none,8,post_instr_4,xstest,0.31181588479578504,1.3371042317594304,0.45115983235068585,0.2844804389740439,0.2271086424589157,0.3085889220237732,0.06536965072154999,-0.00484003871679306,1736,1884,41,209,0.232,0.2505188968933131,0.3710923924506208,1.2976264757296603,1.3962405852502728,0.3639255918421744,0.5409101188462778,0.2196513158714971,0.3510223914344959,0.18152598887681962,0.26805945858359337,0.15257783085107804,0.35581737160682675,-0.038517778646200894,0.1599393971264361,-0.09513860158622264,0.10874648429453365
dpo__none,8,first_gen,all,0.3309942940062355,0.3514998796736173,0.8709673737461217,0.0683914691557219,0.6855523586273193,0.9156477451324463,0.5575677752494812,-0.0963660329580307,1736,1884,409,841,0.276,0.2925235643509721,0.3598264735844243,0.330123102387493,0.3780173904627253,0.8153021154831392,0.9193714927907243,0.026713952031780147,0.1076143326719616,0.6413790732622147,0.7169093549251556,0.89625785946846,0.9219220668077469,0.4809990465641022,0.6076101332902908,-0.15200462751090527,-0.052969476860016594
dpo__none,8,first_gen,false_reject,0.6551685063785885,0.4449344228174785,0.8912155206984065,0.2796946542609272,0.8272669911384583,0.8048190474510193,0.5495246052742004,-0.2069665491580963,1736,1884,307,193,0.48,0.6093360326311844,0.6976155012622987,0.4214722543009145,0.47655720838222554,0.8328562723409773,0.948721766475063,0.21301344523201593,0.3358631263839918,0.8040742233395577,0.8463494628667831,0.7459774985909462,0.84251289665699,0.4483937077224255,0.6339513629674911,-0.2794308170676231,-0.12332986705005179
dpo__none,8,first_gen,or_bench,-0.04036970437605431,0.42856051433682507,0.7974396924044341,-0.1567851281271651,-0.09378321468830109,0.9222801923751831,-0.33090198040008545,-0.24548953771591187,1736,1884,61,439,0.13,-0.08668295162423702,0.005559766822784209,0.4081734275272573,0.4752279116484428,0.6250249808985064,0.9339043631255459,-0.2031929990023927,-0.1013372240380828,-0.18923706635832788,0.01367364986799655,0.8801018759608269,0.9276244267821312,-0.44035421311855316,-0.20525473542511483,-0.3099583610892296,-0.18133325427770616
dpo__none,8,first_gen,xstest,0.4253739689862789,0.6309890507477677,0.8287478207744676,0.3462431952153056,0.5589820146560669,0.754048228263855,0.08468393981456757,-0.40620315074920654,1736,1884,41,209,0.16,0.3775584597413843,0.47129973709416106,0.6021600146508597,0.6742562787308463,0.715131621704208,0.9453418705179026,0.29665738638102984,0.3944576390014411,0.5019699990749359,0.6046391889452933,0.6507563114166259,0.7640526637434959,0.0034040748956613246,0.14643438085913657,-0.4522020578384399,-0.31236794963479053
dpo__none,16,last_prompt,all,0.24465461472361147,1.0177939360608403,0.47005123619549166,0.13503841527161328,0.2337198406457901,0.4940410852432251,0.239039808511734,0.12709258496761322,1736,1884,409,841,0.1784,0.2075349132146424,0.29234643362349605,0.9728615411892085,1.066964114839762,0.423999234950606,0.522477484102993,0.10106371488742527,0.1790800047659425,0.20285667814314365,0.27342745289206505,0.43904539570212364,0.5179004028439521,0.1676313940435648,0.2954566724598407,0.049612875375896696,0.19355449005961414
dpo__none,16,last_prompt,false_reject,0.4030716779783516,1.2635521237688978,0.5010723872130535,0.24718458463976947,0.30391043424606323,0.4358312487602234,0.056339822709560394,-0.07989270240068436,1736,1884,307,193,0.338,0.35710461758959927,0.4541500043387668,1.2150928095632707,1.3172858431283878,0.44788879909093904,0.5549799149764331,0.20394500085903183,0.3062403192201937,0.2711175516247749,0.33934040516614916,0.34786331206560134,0.4503064818680286,-0.031118468567728996,0.14759819880127895,-0.16520474925637246,0.025941246701404422
dpo__none,16,last_prompt,or_bench,0.10722113145349028,1.2359876790871738,0.3643312167620452,0.07149512646064422,0.08642476052045822,0.3914434015750885,-0.14564338326454163,-0.18014782667160034,1736,1884,61,439,0.06,0.07693903798280845,0.15814354264890518,1.1869251969239865,1.292910448306588,0.29528456639708006,0.4525247303456772,0.03977895632911817,0.11806544295768992,0.06211767736822367,0.12572236694395542,0.2784796178340912,0.41182212084531783,-0.2424668326973915,-0.02199879367835825,-0.27782659605145454,-0.05298133278265601
dpo__none,16,last_prompt,xstest,0.20268741764498158,1.159328109021836,0.395061801239424,0.16494889146081715,0.17221957445144653,0.3181759715080261,0.06236838176846504,0.007687107659876347,1736,1884,41,209,0.096,0.15918984018321236,0.25616544983602696,1.1182378264747943,1.2259096613244929,0.3194994390629276,0.4674014519788758,0.12216393652858296,0.21936630443313976,0.13438264541327954,0.2124659527093172,0.19646760411560535,0.33151655122637746,-0.04383183727040887,0.14224353060126302,-0.08967634662985802,0.09758729655295609
dpo__none,16,post_instr_0,all,0.31542590416790056,0.6395774475257623,0.6151278471394579,0.1696731582366766,0.442312628030777,0.7103663682937622,0.43231672048568726,0.1316956877708435,1736,1884,409,841,0.2664,0.29577123713222464,0.34073334008175904,0.6167136566145577,0.6651863327171407,0.582160577343938,0.655924816970821,0.15093070841235456,0.1912714790721664,0.4211077466607094,0.4664726138114929,0.6775474816560745,0.7212884321808815,0.3793405830860138,0.4684743478894234,0.07648723479360342,0.17916823066771026
dpo__none,16,post_instr_0,false_reject,0.5163182629765067,0.8391403630529553,0.6443898279094833,0.31259822520303554,0.5240416526794434,0.6363102197647095,0.27717751264572144,-0.0660749226808548,1736,1884,307,193,0.506,0.48783213167869227,0.5489369048062267,0.8172248660225475,0.8683997084557984,0.6106217940564452,0.6884219152033823,0.2792014377733023,0.3492419040055067,0.5009698897600174,0.5466067314147949,0.5741166353225708,0.6445392683148384,0.20287033021450043,0.33007037341594686,-0.12224358152598143,0.0020679729932453123
dpo__none,16,post_instr_0,or_bench,0.15976115676998232,0.7734174015930843,0.5270006968672688,0.10873241437363537,0.20229443907737732,0.6205425262451172,0.008100280538201332,-0.11991122364997864,1736,1884,61,439,0.086,0.1420535195845992,0.18586294980840676,0.7506012897882195,0.8075567890869266,0.4658257217000547,0.6000864558747633,0.09232561027404258,0.13332703495313225,0.18017749041318892,0.23165405690670013,0.5256080672144889,0.629808421432972,-0.07452808022499084,0.08248334564268585,-0.1966592464596033,-0.04075789935886873
dpo__none,16,post_instr_0,xstest,0.22497079851958865,0.798185132812238,0.5271359145830237,0.16569437109193658,0.2712833285331726,0.6069470643997192,0.2090390920639038,0.04611378535628319,1736,1884,41,209,0.148,0.19418383017398608,0.26041071740500704,0.7728436366938785,0.8408240655067843,0.4532047438178698,0.5876407793214966,0.13346443751952108,0.2025578924837616,0.23526404649019242,0.30616867765784256,0.4777950122952461,0.6017185345292091,0.10492711868137121,0.28191268295049665,-0.0409324899315834,0.1326443627476691
dpo__none,16,post_instr_1,all,0.31158928571067024,0.4959414951463186,0.5645099896761502,0.1885873677301035,0.531993567943573,0.7239883542060852,0.4669705927371979,0.09662073850631714,1736,1884,409,841,0.248,0.29446661555658377,0.3301497224956947,0.4823743940106407,0.5157803949898659,0.5348595620383364,0.5955839777699923,0.17219276580220227,0.20746656867411625,0.5102968484163284,0.5520951822400093,0.68809884339571,0.7370247036218643,0.4112477503716946,0.4957370616495609,0.05119175733998418,0.13205000422894952
dpo__none,16,post_instr_1,false_reject,0.46284800980917584,0.6361580834694187,0.579457401617194,0.27736053033691305,0.5883275270462036,0.667178213596344,0.37906140089035034,-0.016643034294247627,1736,1884,307,193,0.444,0.43730187160065576,0.4912301041393852,0.6239006985422917,0.6580946775047375,0.5477563705865778,0.613077452118605,0.24914643983048626,0.30723714609683805,0.565593184530735,0.6079107165336609,0.5962949454784393,0.6747441738843918,0.30792290940880773,0.40598710030317303,-0.0601963815279305,0.030023350380361042
dpo__none,16,post_instr_1,or_bench,0.18165509949384992,0.6078290448851612,0.5275392590759881,0.13359373434035582,0.28634464740753174,0.6879080533981323,0.052747417241334915,-0.1505347639322281,1736,1884,61,439,0.098,0.16490258479100228,0.20132628076868114,0.5918672529035173,0.6321391288635081,0.46464005436612416,0.5881337759073987,0.11462865110088621,0.15376828425377292,0.25604773834347727,0.3116849705576896,0.5872723966836929,0.6980929791927337,-0.02438220758922398,0.11615911182016132,-0.2156991593539715,-0.08284250199794772
dpo__none,16,post_instr_1,xstest,0.2689400834047202,0.5982902021639895,0.5075921498247942,0.2221231759393357,0.40999636054039,0.5853772163391113,0.2944881319999695,0.059737302362918854,1736,1884,41,209,0.156,0.24271296612368892,0.2995992907023219,0.5849901790772898,0.6288969240947101,0.45949128382378146,0.5609094660131805,0.19466378523664024,0.25268610682951553,0.3761097863316536,0.43760395646095274,0.44282191917300223,0.5908907055854797,0.17955285198986531,0.3297245532274246,-0.01382715420331806,0.11612557414919134
dpo__none,16,post_instr_2,all,0.42903076698793313,0.6202220519108449,0.6355176868357498,0.3286108686144499,0.5688928961753845,0.5316047072410583,0.4455466568470001,0.17402547597885132,1736,1884,409,841,0.348,0.40546662604987804,0.4565977446572836,0.5970523620888161,0.6445671803551298,0.5972328295887167,0.6738935496514187,0.305382292107799,0.3550891196254171,0.5453188091516494,0.593374128639698,0.47381710112094877,0.5649374693632125,0.3734028317034245,0.48483870327472683,0.104991071857512,0.22348911315202707
dpo__none,16,post_instr_2,false_reject,0.5143557811320693,0.8916290971387821,0.6181548410489269,0.3492453989639066,0.4996892213821411,0.5479952096939087,0.22989189624786377,-0.05072173476219177,1736,1884,307,193,0.49,0.48058740007404477,0.5492963565014297,0.8683819644865175,0.9253138342768165,0.5799817907417559,0.6583416613900898,0.3140659934964406,0.39098219985681454,0.47098524644970896,0.5224246889352798,0.4456711396574974,0.5664496153593063,0.13387877941131593,0.2912640765309334,-0.11334362477064133,0.02077396539971229
dpo__none,16,post_instr_2,or_bench,0.40065388511468,0.7909319838478754,0.7877208726723581,0.3468700876926894,0.4518885612487793,0.6424102783203125,0.11203242093324661,-0.19983243942260742,1736,1884,61,439,0.29,0.3762518597235614,0.42909466928229306,0.7656436116043138,0.8281592852459602,0.7041064063662253,0.8531501400789239,0.32131824064124376,0.37712327574420695,0.42460903227329255,0.4743097350001335,0.5134356826543808,0.6385280534625053,-0.0008547863457351922,0.18375239260494708,-0.27861636877059937,-0.09918413534760478
dpo__none,16,post_instr_2,xstest,0.31513453426291693,0.7751982749142945,0.5390785092936408,0.27120298430931533,0.3765926957130432,0.48591265082359314,0.2577986717224121,0.08075259625911713,1736,1884,41,209,0.18,0.28743841961551997,0.3512415003734681,0.7558131416058731,0.8182217610355291,0.4730380449771469,0.6156301268759294,0.24172489363186717,0.30905845412903377,0.3425628304481506,0.40754277035593983,0.3172194853425026,0.5055925816297531,0.12717305682599545,0.31361507549881934,-0.021345105534419415,0.1672342400997876
dpo__none,16,post_instr_3,all,0.39883086067283835,0.468515371885005,0.6790160894624668,0.26256953546070433,0.6482075452804565,0.8210962414741516,0.44839927554130554,-0.11010574549436569,1736,1884,409,841,0.3584,0.3781590169406256,0.4229156260902909,0.45319401640906987,0.4849577918357776,0.643315076936277,0.712136280241299,0.2380621172114136,0.290541057627556,0.6266970559954643,0.6721524268388748,0.7818105652928352,0.8408823847770691,0.39473856464028356,0.4884340167045593,-0.15098889134824275,-0.07400663401931529
dpo__none,16,post_instr_3,false_reject,0.5154532768450595,0.5319556306794199,0.664816485249739,0.2778653457598302,0.6958796977996826,0.8144289255142212,0.4295848608016968,-0.19098810851573944,1736,1884,307,193,0.5,0.4842976185410033,0.5467764679076209,0.5185699132581704,0.5485739391653719,0.6312744703540141,0.7043474430241831,0.23923914485230705,0.3150721630905432,0.6679952219128609,0.7197735801339149,0.7796339362859726,0.8288041099905967,0.3810747414827347,0.4636802956461906,-0.22272573485970498,-0.1551039304584265
dpo__none,16,post_instr_3,or_bench,0.2764847000344539,0.5490625717429767,0.7351256009958742,0.2127555693294297,0.44975388050079346,0.8365664482116699,0.18447861075401306,-0.21471181511878967,1736,1884,61,439,0.202,0.24916954216535678,0.30845503386855916,0.5266824697118107,0.5722616721998791,0.6556453363519877,0.804410320473378,0.18421733249630395,0.24613452578126555,0.4140357322990894,0.4856346115469932,0.7940400391817093,0.842081381380558,0.0870999101549387,0.2667978323996067,-0.29919243305921556,-0.131167970597744
dpo__none,16,post_instr_3,xstest,0.41027826303752013,0.610987374110773,0.7018605983901881,0.3530778909697827,0.5574752688407898,0.8134496808052063,0.40791556239128113,-0.054881785064935684,1736,1884,41,209,0.388,0.3781000664973769,0.44717506731300155,0.5941446725188625,0.6404923543650209,0.6339159999968221,0.7587074174573076,0.3192108707760026,0.3925393091460705,0.5259414434432983,0.5879073739051819,0.7234581679105758,0.8150208696722985,0.29895424619317057,0.4523270890116691,-0.14631877988576888,0.02697579520754503
dpo__none,16,post_instr_4,all,0.3110256080080295,0.5727591128704199,0.5922152848213156,0.1742758300853989,0.4772094786167145,0.7666916847229004,0.427166223526001,0.06974782794713974,1736,1884,409,841,0.248,0.2938221713812227,0.33372833385110984,0.55068956975616,0.5998505468698927,0.5573707369194847,0.627325554702612,0.1555305171036079,0.19600400299475013,0.4524826295673847,0.5036481022834778,0.7352851420640946,0.7831300973892211,0.3669062197208405,0.4754643365740776,0.012718916311860087,0.11890029162168503
dpo__none,16,post_instr_4,false_reject,0.4579302335153127,0.73573602639205,0.5940641201074787,0.241385623430024,0.5284174680709839,0.7355488538742065,0.23345941305160522,-0.1828271746635437,1736,1884,307,193,0.416,0.4286007364737142,0.4891383765374097,0.713451826519839,0.7608572448894683,0.5608813808152692,0.6353470286621726,0.20863927741175536,0.2785404315932707,0.5032488971948623,0.5546857610344886,0.6840905845165253,0.750271138548851,0.1753235686570406,0.2819613456726074,-0.2262585297226906,-0.1317496567964554
dpo__none,16,post_instr_4,or_bench,0.18804662549885712,0.6543998607469752,0.6049636007008387,0.1301150983551853,0.27618080377578735,0.7548636198043823,-0.019142847508192062,-0.2368331104516983,1736,1884,61,439,0.108,0.16661116253167474,0.21204596167272236,0.6239899448687918,0.689780595255134,0.5321731321496901,0.6716519367882523,0.10813371869275669,0.15261468255712246,0.2443735722452402,0.3084042027592659,0.6770724713802337,0.7694748163223266,-0.12301319185644388,0.07706780359148976,-0.3222561843693256,-0.1287882212549449
dpo__none,16,post_instr_4,xstest,0.2631743490186627,0.6281913767892002,0.5594041164280648,0.20506229455210156,0.38640111684799194,0.7032041549682617,0.21238672733306885,-0.06432847678661346,1736,1884,41,209,0.192,0.2321613975096907,0.2950841964057521,0.6099389620153162,0.6604834342832266,0.48972905935307204,0.6322739825616529,0.17302517397846442,0.2366996196535108,0.3466856017708778,0.4191791459918022,0.5684371173381806,0.718449717760086,0.09213450364768505,0.2978966705501078,-0.15073253773152828,0.03747230460867279
dpo__none,16,first_gen,all,0.2852450116221674,0.3539879971876527,0.7181277121337456,0.074723008568738,0.6274469494819641,0.8507962822914124,0.49331721663475037,-0.052028290927410126,1736,1884,409,841,0.2568,0.2623099453286696,0.30612367830918186,0.3383577628430694,0.37408495739537656,0.6777985653748178,0.7592978175456013,0.05474124897965666,0.09449731203745441,0.5908499583601952,0.655453211069107,0.834073792397976,0.858965539932251,0.4313108459115028,0.5436326190829276,-0.09393209032714367,-0.013650854001753043
dpo__none,16,first_gen,false_reject,0.5149761758578913,0.46185300467553736,0.7269704074090433,0.17776259833204983,0.7444615364074707,0.7703158259391785,0.4976688623428345,-0.11353237926959991,1736,1884,307,193,0.46,0.4820093096888141,0.5471105947576153,0.446518561864449,0.48105679466345863,0.6827117869795178,0.7743695314649949,0.1439317533804432,0.21424826788279958,0.7180323272943496,0.7663773238658905,0.7334390297532082,0.792185640335083,0.42305692508816717,0.5542103126645088,-0.16919172927737236,-0.054628046415746236
dpo__none,16,first_gen,or_bench,0.07665824889653128,0.4591360583538952,0.735602196942594,-0.014903439314858586,0.16468235850334167,0.8506916165351868,-0.14007213711738586,-0.28404417634010315,1736,1884,61,439,0.114,0.05571245678334571,0.10077452958315695,0.4398718630536679,0.4875671152813995,0.625940900086287,0.8366180474940845,-0.0345209388808354,0.011238438624680169,0.11614903006702662,0.21695860624313346,0.8128794863820076,0.8590328380465507,-0.21094304397702218,-0.07087890300899745,-0.32382395416498183,-0.2385927211493254
dpo__none,16,first_gen,xstest,0.24295619192168957,0.5338382809732578,0.6259163324045296,0.16783002878753284,0.41423022747039795,0.7573633193969727,0.07912107557058334,-0.2577552795410156,1736,1884,41,209,0.136,0.2120517043268444,0.2765610712015979,0.5114026870209984,0.5713596872716623,0.5260518441445924,0.7365898429791213,0.13713561022228793,0.20634793650695663,0.36189784556627275,0.4625168830156326,0.661874282360077,0.7611476257443427,-0.003071299463044852,0.1519099581986664,-0.32402688413858416,-0.1583313286304474
dpo__none,19,last_prompt,all,0.12136765921990234,1.0020164750717266,0.3085122712046818,0.03035438186703174,0.1202445775270462,0.49915212392807007,0.1799854338169098,0.12084188312292099,1736,1884,409,841,0.0944,0.0831171563879498,0.17254831292311368,0.9501205089017739,1.054526412389077,0.26099883057154166,0.365207391225036,-0.00704980815954152,0.08059857561819671,0.08266655933111906,0.1680911798030138,0.4327098287642002,0.5314264014363289,0.10065698754042388,0.24470063969492903,0.03165727024897933,0.19636198878288266
dpo__none,19,last_prompt,false_reject,0.22128772505690505,1.2145279295548752,0.3151721723441201,0.07194818259228389,0.17924964427947998,0.46865010261535645,-0.06514205038547516,-0.15160278975963593,1736,1884,307,193,0.148,0.17402990329190618,0.2765494589400042,1.1615583392228448,1.2751965327051498,0.2613109552897768,0.372138087733945,0.024787138917040093,0.13169469148527596,0.14202903397381306,0.22049515172839163,0.36556596010923387,0.4878954164683818,-0.14090487398207188,0.0481931191869079,-0.22836503013968468,-0.02799574499949813
dpo__none,19,last_prompt,or_bench,0.005536855057220233,1.1373298873437203,0.24272665459914183,-0.02742120492739224,0.0048682354390621185,0.41656816005706787,-0.19461968541145325,-0.19664998352527618,1736,1884,61,439,0.052,-0.031174127539114558,0.057933301902718816,1.0904761566467784,1.2002314157462366,0.17012697147701908,0.338962871128799,-0.06082389653975973,0.024202960203129044,-0.026975010801106692,0.049734926968812904,0.28685853704810144,0.438571935892105,-0.26150766387581825,-0.07044884469360115,-0.2717568203806877,-0.07378039024770261
dpo__none,19,last_prompt,xstest,0.15318906765204324,1.1417694471899043,0.3565202836882529,0.11330112044607728,0.13297660648822784,0.37934479117393494,0.004193948581814766,-0.04666445404291153,1736,1884,41,209,0.072,0.10646540879429153,0.2107317845744516,1.0962709822732202,1.2035054377590482,0.2822897941222071,0.43775729869229985,0.06262641762858209,0.17111608122160143,0.09200732931494712,0.1774478245526552,0.2528224512934685,0.38102413490414605,-0.08947747461497783,0.08416120707988738,-0.1351895894855261,0.03790657576173539
dpo__none,19,post_instr_0,all,0.2962733706973856,0.6410264882244607,0.5872292578509669,0.1547740228543847,0.4195426106452942,0.7031934261322021,0.4176175594329834,0.13505910336971283,1736,1884,409,841,0.2656,0.27456506021016525,0.32301539675855545,0.6188776225611726,0.6675946870860634,0.5550032752152663,0.6241240658564985,0.13353556623005003,0.18079788224072849,0.3972681425511837,0.44812737628817556,0.6664348870515824,0.7130946889519691,0.3614958055317402,0.45070124864578237,0.08241791594773532,0.1833347491919994
dpo__none,19,post_instr_0,false_reject,0.49120198177297847,0.8338874231322587,0.6183744217621234,0.2889121211925264,0.5075420141220093,0.6259947419166565,0.27355092763900757,-0.051260821521282196,1736,1884,307,193,0.504,0.4622357113688879,0.5224051748735816,0.8117193244060683,0.8625817960732095,0.5859952847031649,0.6582015114746961,0.2506593729409329,0.32990367868243614,0.48271235898137094,0.532652187347412,0.5567074909806251,0.6346343249082566,0.20747193172574044,0.32284424975514414,-0.10829214602708817,0.015327667002566152
dpo__none,19,post_instr_0,or_bench,0.1439998609746874,0.7537699418421291,0.48668089529381064,0.09638358058910437,0.1876460313796997,0.6016795635223389,-0.04013022035360336,-0.15580055117607117,1736,1884,61,439,0.092,0.12560626863823113,0.17219368581407274,0.7310412232483459,0.7876623903970688,0.4303525457577392,0.5520040910464749,0.07655274992310088,0.12432128110152937,0.16270195879042149,0.21792893707752226,0.4989914134144783,0.6094392865896225,-0.12268191482871771,0.04476207811385389,-0.2295695923268795,-0.06934860311448575
dpo__none,19,post_instr_0,xstest,0.21096322013912544,0.792495523629016,0.5036166918817352,0.1535527277225234,0.2572426199913025,0.5821001529693604,0.18602728843688965,0.03754999488592148,1736,1884,41,209,0.136,0.18027663140576616,0.24735737750100095,0.7637399546333399,0.8369487150942749,0.43293368673118504,0.5631739774581052,0.12061953680419239,0.1920803881907587,0.22242106273770332,0.2952298305928707,0.4382889084517956,0.5722897410392761,0.0825837004929781,0.25890196189284326,-0.04883357184007764,0.12807907387614242
dpo__none,19,post_instr_1,all,0.2966166642620215,0.5034847852736307,0.5207106046272953,0.18763399973987188,0.5075910091400146,0.6689329743385315,0.4248538613319397,0.09901311993598938,1736,1884,409,841,0.2128,0.2800951750423002,0.31688422605078587,0.4905279187803726,0.5233089483505214,0.4923668881063989,0.5508816346357919,0.1720562829514804,0.20676354945220649,0.48555366396903993,0.5288561716675758,0.6224279314279556,0.6795241892337799,0.36136303693056104,0.4509926483035087,0.04568625306710601,0.13821851462125778
dpo__none,19,post_instr_1,false_reject,0.4283018680183852,0.6294636532026068,0.5318094042710763,0.2636552335858092,0.5625494718551636,0.5820220708847046,0.34116286039352417,0.016627077013254166,1736,1884,307,193,0.392,0.4036777856533472,0.4552592885477815,0.6170575405279721,0.6527914737765579,0.4998266030643007,0.5655244781670699,0.23907213275481223,0.2938926076028338,0.5357699349522591,0.5830976843833923,0.49517337381839754,0.5874065145850181,0.26573294773697853,0.36828017383813855,-0.03282026443630457,0.06381961647421115
dpo__none,19,post_instr_1,or_bench,0.18259014398730916,0.6440671820483522,0.50247931945936,0.138140858664434,0.2727470099925995,0.6261487007141113,0.06971684843301773,-0.10504606366157532,1736,1884,61,439,0.074,0.16565385562806165,0.20433027485763158,0.6276870240267113,0.6737479512236508,0.4364492019291259,0.5692149666577216,0.11950305214104062,0.16006807096155606,0.24469139650464058,0.29924378022551534,0.49563653096556665,0.6390743300318718,-0.015488161682151252,0.13124342411756512,-0.17520903684198857,-0.029742140090093055
dpo__none,19,post_instr_1,xstest,0.2612992617620908,0.5794163974541153,0.4647293281658338,0.22139191285850238,0.4110996723175049,0.4672575294971466,0.27217668294906616,0.08785440027713776,1736,1884,41,209,0.132,0.23611196092261266,0.29032430894583683,0.5696022453294393,0.6170934962741531,0.4147944615406126,0.5199796182419342,0.1954875590627063,0.24897385335891645,0.3754886418581009,0.43653576001524924,0.32862850800156596,0.48511642366647717,0.1415759164839983,0.30348270684480666,-0.014754935121163723,0.14256690330803393
dpo__none,19,post_instr_2,all,0.4767980085130718,0.670387817137389,0.6628315829401301,0.3863250562445402,0.5795866250991821,0.4692794382572174,0.39820596575737,0.15488553047180176,1736,1884,409,841,0.432,0.4514721268237526,0.5041200916834689,0.6454756357640792,0.6987831664926373,0.6220253491269498,0.6975862429135898,0.3596412980665207,0.4151678246561287,0.553916996717453,0.603783130645752,0.4040669374167919,0.5045956149697304,0.31573188304901123,0.4434920527040958,0.08228078968822956,0.20833236873149866
dpo__none,19,post_instr_2,false_reject,0.5448493737464525,0.946446236946052,0.6439773973824212,0.38716904780953043,0.49891340732574463,0.49574851989746094,0.18747150897979736,-0.06907513737678528,1736,1884,307,193,0.542,0.5109351782079715,0.5786778128558602,0.9217057109633152,0.9843990126392267,0.6056617309256608,0.6842650717168016,0.3491156431393466,0.42874961015650237,0.47074480578303335,0.5210910916328431,0.38917751163244246,0.5091601759195328,0.09417401757091284,0.2488402798771858,-0.12834409363567828,0.004070870974101105
dpo__none,19,post_instr_2,or_bench,0.4866661678173625,0.8827554912321243,0.8544311727048637,0.4355643937180353,0.482794851064682,0.5957670211791992,0.11804717034101486,-0.19365032017230988,1736,1884,61,439,0.44,0.45603980026649804,0.5193164297752997,0.8540568087845006,0.9280269418460491,0.7768981198307437,0.9198979801820526,0.40440557749846157,0.46995018302646924,0.45276949033141134,0.5056086987257004,0.4497156284749508,0.5877283558249473,-0.004540627636015409,0.2070234265178442,-0.2817259721457958,-0.07772726975381383
dpo__none,19,post_instr_2,xstest,0.3209588516172745,0.8220138149941191,0.5189449164704155,0.28211949784132667,0.3637126088142395,0.40935999155044556,0.18847376108169556,0.04249478876590729,1736,1884,41,209,0.196,0.2888149983990478,0.35757314467152235,0.8030688599873627,0.8663058062153512,0.4527503592911626,0.5866486240659203,0.24791262328294425,0.32154515152286733,0.32778588458895686,0.393519239872694,0.24688144773244858,0.42397163212299344,0.07976255491375923,0.223199475556612,-0.03371611796319485,0.10666550882160648
dpo__none,19,post_instr_3,all,0.3642034185765775,0.4401246005357954,0.6429812697208778,0.22862656866112743,0.637528657913208,0.8263108134269714,0.4719525873661041,-0.07118681073188782,1736,1884,409,841,0.3032,0.3457566502541199,0.38673197230662265,0.42605040626009427,0.4560468516930922,0.6084975063951364,0.6771276245692364,0.20781690254623456,0.2537279036374209,0.6151276916265488,0.6604370921850204,0.7913084179162979,0.8459295451641082,0.424155493080616,0.5085523426532745,-0.11087651047855615,-0.03938839631155135
dpo__none,19,post_instr_3,false_reject,0.4900766480515567,0.514662092953557,0.6354467576201863,0.25884025328648674,0.6895978450775146,0.8074535131454468,0.4182773232460022,-0.19130387902259827,1736,1884,307,193,0.458,0.4616165872011106,0.5207834208171076,0.5021468112780479,0.5296103950285501,0.6012809258261825,0.6732179268165288,0.2245689723083661,0.2923403274765886,0.6612631261348725,0.7146109148859977,0.7708769887685776,0.8236662596464157,0.36763049066066744,0.4562999702990055,-0.22549633532762528,-0.15666987374424934
dpo__none,19,post_instr_3,or_bench,0.23103576052497862,0.5021133991297475,0.67105495616512,0.1698941383985277,0.41800057888031006,0.8219438791275024,0.17933793365955353,-0.18078665435314178,1736,1884,61,439,0.152,0.20700470327732792,0.2599384023362807,0.4804969192155539,0.5263390111801263,0.5986636040255754,0.7400126472836842,0.14467753441967965,0.19943294388180408,0.3814908854663372,0.4544255383312702,0.7789692342281341,0.832975198328495,0.0795549338683486,0.26598809510469434,-0.27117315083742144,-0.09414534121751796
dpo__none,19,post_instr_3,xstest,0.37879230082478116,0.5707914722596747,0.6576301038389474,0.3240920541513194,0.5529452562332153,0.7985241413116455,0.4345105290412903,-0.008436620235443115,1736,1884,41,209,0.296,0.3478145096834828,0.41189640193106986,0.5532405622669959,0.6002459531195254,0.5950888591080149,0.7135802560984845,0.29305455681851206,0.3585717712352826,0.5237952873110772,0.5820695877075195,0.7073660641908646,0.8071837842464447,0.318002824485302,0.4813887760043144,-0.12063321433961391,0.07762420456856475
dpo__none,19,post_instr_4,all,0.299902072152287,0.5308026924689013,0.6038103129420382,0.15210363689483228,0.49191197752952576,0.785127580165863,0.5089535713195801,0.14097584784030914,1736,1884,409,841,0.2392,0.28243062061840085,0.319566901019866,0.5107205902323274,0.5531863725402573,0.5714253793873997,0.6385705965359816,0.13654264558958298,0.17132147558529506,0.46747232005000117,0.5156685009598732,0.7573187083005906,0.8008571937680244,0.4516932897269726,0.5506441220641136,0.09170963894575834,0.1848262593150138
dpo__none,19,post_instr_4,false_reject,0.47260212256001366,0.7019257242504681,0.6204346711979697,0.23744878342019338,0.5585000514984131,0.7599078416824341,0.3455047011375427,-0.09512170404195786,1736,1884,307,193,0.428,0.44642584623340437,0.5032113055325371,0.6822628055900063,0.7230233262426639,0.587763424618603,0.6620878522503544,0.20903361167354514,0.27114869798875413,0.5335683673620224,0.5818866908550262,0.7168379753828049,0.772750110924244,0.2917236991226673,0.38777707293629643,-0.13705724887549878,-0.04226259207353011
dpo__none,19,post_instr_4,or_bench,0.16761597376533424,0.594433377808146,0.592979769612747,0.10851075054775533,0.2713930606842041,0.7655051946640015,0.05690477043390274,-0.15673032402992249,1736,1884,61,439,0.104,0.14901914315654585,0.19028041844977184,0.5675601033956101,0.6280245068183983,0.5145906603748527,0.6641738936495137,0.0902664327939988,0.12996674388080687,0.24014474339783193,0.30434395372867584,0.6905101671814918,0.7886572450399398,-0.03778317794203758,0.1401321988552808,-0.2441215492784977,-0.0669848265126348
dpo__none,19,post_instr_4,xstest,0.2190741276680829,0.5718488220816657,0.4954442965501444,0.1648579666047193,0.35774436593055725,0.68604576587677,0.28023189306259155,0.03726939857006073,1736,1884,41,209,0.132,0.19543712303486963,0.24730034359701242,0.5539052202833908,0.6007635603231496,0.43340300630849593,0.5575508453078267,0.13923680779822006,0.19121217155717724,0.3218902491033077,0.3895861662924289,0.5676784336566925,0.7021610110998153,0.16840519160032272,0.35584753677248954,-0.04667006330564618,0.11715982239693398
dpo__none,19,first_gen,all,0.2675246287281872,0.3202539146739804,0.7045930135215119,0.05496697317368314,0.6410980224609375,0.8541429042816162,0.5654035806655884,0.02321183867752552,1736,1884,409,841,0.2536,0.24632344315252022,0.2864337600696151,0.30782922594478485,0.3391853569458247,0.6622401816266721,0.7473383430385132,0.038038927573697354,0.07135759241989742,0.6039945736527443,0.6684419825673104,0.8384160116314888,0.8623023942112923,0.5071041136980057,0.6038127303123474,-0.01641477975063026,0.05963468970730899
dpo__none,19,first_gen,false_reject,0.4937715482122788,0.43967756719422874,0.7202259912947602,0.13355634467284236,0.7468311786651611,0.7915453314781189,0.5727250576019287,-0.02770712971687317,1736,1884,307,193,0.452,0.4612494206353595,0.5286846365799746,0.4261911270713286,0.4610388135166358,0.6732347696018848,0.7720420894887674,0.10161605338956002,0.16704587973776833,0.7197823390364647,0.769159135222435,0.761252510547638,0.8059230431914329,0.5049376457929611,0.6212237715721131,-0.08726537823677064,0.026266036741435517
dpo__none,19,first_gen,or_bench,0.08143127166720517,0.4023208349866692,0.7238753492091312,-0.007837732617098803,0.19838102161884308,0.8554404377937317,-0.04532959312200546,-0.21939319372177124,1736,1884,61,439,0.114,0.0606444621436462,0.10278956370510739,0.38653619014020324,0.4305051607857858,0.6172693272450092,0.823744724336222,-0.023711223685787847,0.015335847621562676,0.14247446805238723,0.25041470266878596,0.815969817340374,0.8660397708415984,-0.11472623459994793,0.019794889539480175,-0.25528713315725327,-0.18122197426855563
dpo__none,19,first_gen,xstest,0.1872174898828046,0.4874364962773253,0.5588478352533652,0.11431395559801347,0.35854846239089966,0.7418113946914673,0.05564690753817558,-0.22530898451805115,1736,1884,41,209,0.136,0.15948686986522317,0.21928036068993892,0.4672399771683521,0.5253124576508262,0.4514465677067204,0.6776185613935269,0.08852607292179915,0.14627301690842073,0.30144128724932673,0.4097221843898296,0.6516381189227104,0.7496769413352012,-0.024240771308541298,0.12433547601103782,-0.28702267706394197,-0.1387606527656317
dpo__none,24,last_prompt,all,-0.0397301028351635,1.1941417422907155,0.13058459125937222,-0.12255852573871182,-0.033252447843551636,0.4744199514389038,0.1240202933549881,0.13987326622009277,1736,1884,409,841,0.036,-0.08880545900926139,0.02900373869343285,1.1254588410940443,1.2666764516260214,0.07054668245342836,0.21036178645125053,-0.17020055882207405,-0.05865811237524473,-0.07585332300513983,0.0234586383216083,0.39588855132460593,0.5121968179941176,0.0077858457341790244,0.22298353724181638,0.02013457324355841,0.2391097288578748
dpo__none,24,last_prompt,false_reject,0.024905637007710316,1.4136083466155729,0.12203197529252874,-0.12959063902866322,0.017615746706724167,0.4232208728790283,-0.18883615732192993,-0.1963219791650772,1736,1884,307,193,0.062,-0.033574942462557524,0.103014359661277,1.3418752729586743,1.4915521445536188,0.05671763040621854,0.20203184211229513,-0.1870036969090595,-0.04279173001660575,-0.024300610460340977,0.07017472460865973,0.32275939658284186,0.4522266522049903,-0.28289506286382676,-0.04285845058038837,-0.28907409831881525,-0.05241477340459825
dpo__none,24,last_prompt,or_bench,-0.12949231586500912,1.2299158952791027,0.11598552793944827,-0.16360200614720483,-0.1047067642211914,0.38555794954299927,-0.26486948132514954,-0.22573983669281006,1736,1884,61,439,0.018,-0.16873174415895137,-0.06870902006157216,1.164403759244026,1.312564428768175,0.04720068657219628,0.2169488738284015,-0.2039086823920885,-0.09555142894340622,-0.1399172231554985,-0.05283400490880013,0.2802343562245369,0.4084447734057903,-0.32808402329683306,-0.14297866784036162,-0.29254424050450323,-0.10842460878193383
dpo__none,24,last_prompt,xstest,0.010522875781168587,1.415851289142848,0.21634545939470978,-0.029853799791275674,0.0074319904670119286,0.3577028512954712,-0.11238020658493042,-0.1150418370962143,1736,1884,41,209,0.02,-0.053873756738000454,0.09486333464125145,1.342040229301624,1.499975964185432,0.12260810846166835,0.3220142972508433,-0.09123372039549581,0.0535645910840968,-0.038639741111546756,0.064358639344573,0.24361539706587793,0.35884553864598273,-0.21938138119876385,0.03236664654687005,-0.22507018968462944,0.03362789396196594
dpo__none,24,post_instr_0,all,0.27403710372096307,0.6471961051026812,0.5733287286556956,0.12848384015296332,0.3899095058441162,0.7025307416915894,0.35823696851730347,0.0915602594614029,1736,1884,409,841,0.28,0.25029518924004723,0.302495327835931,0.6229148420583127,0.6753573205431377,0.540070385513697,0.6125956535657201,0.10386934404583663,0.1594264202518779,0.3601523585617542,0.42317570000886917,0.6637360617518425,0.710527378320694,0.2962874107062817,0.39825641885399815,0.037092859577387574,0.1452924247831106
dpo__none,24,post_instr_0,false_reject,0.47228879718759453,0.818717852948725,0.60798829849643,0.25643510782311413,0.4996839761734009,0.6359543800354004,0.29775381088256836,-0.023115020245313644,1736,1884,307,193,0.5,0.4400336146477788,0.5102889233598848,0.7973217283089611,0.8530086529826073,0.5704824733164728,0.6508760439350815,0.20776055054544298,0.306664499594725,0.46802409142255785,0.530000963807106,0.5530862867832184,0.6472300857305526,0.22978603690862656,0.34302228912711136,-0.079637804441154,0.04647366153076287
dpo__none,24,post_instr_0,or_bench,0.11238181036834806,0.7576896949876714,0.4489139836192897,0.06561993877718242,0.1467166244983673,0.6050392985343933,-0.06952952593564987,-0.16003060340881348,1736,1884,61,439,0.114,0.08574820112235289,0.14473262354537297,0.7307316049267851,0.7938178825324798,0.38489269566869666,0.5279486898190949,0.03925475253380169,0.09775424100442909,0.1120156517252326,0.18549961671233173,0.48777705878019334,0.6141550838947296,-0.14857449978590012,0.025962140038609496,-0.23171734139323236,-0.06095758909359584
dpo__none,24,post_instr_0,xstest,0.20084435797326192,0.8116195876442931,0.4989098485621115,0.142372170618452,0.24021542072296143,0.5742282867431641,0.13296440243721008,-0.005124125629663467,1736,1884,41,209,0.172,0.16318066587546573,0.24526145656901224,0.7811696702132094,0.8566212704019652,0.4223565010314565,0.5665624372427347,0.100424152188105,0.191744256185393,0.1948258399963379,0.28533203229308124,0.4051840826869011,0.5792270690202712,0.03493308210745454,0.21744994819164273,-0.08661619573831558,0.09644502904266117
dpo__none,24,post_instr_1,all,0.2976390539062346,0.5204334225527818,0.4986234904566389,0.19989516222727383,0.4964514374732971,0.611146092414856,0.40581923723220825,0.11798067390918732,1736,1884,409,841,0.196,0.2785673171665593,0.3188484659624666,0.5074812719784348,0.5430618642917145,0.4695979820078006,0.5307648654147926,0.18370334349347542,0.22058080138115452,0.47210085913538935,0.5167338147759437,0.5505376920104027,0.618285559117794,0.32595653682947157,0.4274730384349823,0.05332514159381389,0.15848044008016585
dpo__none,24,post_instr_1,false_reject,0.4105624558380701,0.6301640991112516,0.505393738084956,0.2597168119671797,0.5458813905715942,0.5104113817214966,0.36476731300354004,0.10281305015087128,1736,1884,307,193,0.334,0.38371312067671004,0.4395603526700102,0.6205026801058594,0.6583494124273973,0.4698515410032427,0.541022301890841,0.233218779814068,0.29327151239925786,0.5168841883540154,0.5662256106734276,0.412295676022768,0.5086783081293106,0.2637575604021549,0.38916337043046945,0.030367980618029835,0.15048454813659187
dpo__none,24,post_instr_1,or_bench,0.2075191462745416,0.6615066981803525,0.512692239118537,0.16511467396347795,0.29932382702827454,0.5510683059692383,0.08773984760046005,-0.08091797679662704,1736,1884,61,439,0.094,0.18870559809052,0.23032564676428854,0.6445585290312874,0.6987382463112582,0.4440952589261094,0.5831935350288637,0.14693799973258256,0.1897551364324796,0.27261525169014933,0.32463482767343516,0.4094671256840229,0.5611566439270973,0.0005080997012555642,0.14692145250737668,-0.15182433351874353,-0.007349545124452563
dpo__none,24,post_instr_1,xstest,0.25203217947846723,0.6191935807139657,0.4269976354414878,0.2177087923068548,0.3769993782043457,0.3548926115036011,0.2641565799713135,0.14074759185314178,1736,1884,41,209,0.124,0.22569424653989695,0.2819174776335538,0.610053918016021,0.6700057786445192,0.3759621572251359,0.4914920566117845,0.19219115691991395,0.24804371325828567,0.3357957035303116,0.4034263350069523,0.2217539582401514,0.37246276140213014,0.11358066722750663,0.2819682881236076,0.012285540113225581,0.18537828437983986
dpo__none,24,post_instr_2,all,0.48072985555331377,0.7120752882810267,0.6604572828932235,0.39332374105223655,0.5595359802246094,0.444253534078598,0.3661656677722931,0.14187854528427124,1736,1884,409,841,0.4288,0.4526038151527587,0.5067757322934716,0.6858717768770711,0.7426875699468181,0.6148366742752008,0.6973209203240783,0.3649966996534266,0.4246350928437292,0.5315680339932441,0.5860618457198142,0.37392938062548636,0.4762785881757736,0.28317373245954514,0.40809536948800085,0.07307390701025725,0.19485733434557911
dpo__none,24,post_instr_2,false_reject,0.5334135332453982,0.9959808100391369,0.6366851080012691,0.36914226082966417,0.47211986780166626,0.49145621061325073,0.16477853059768677,-0.07628483325242996,1736,1884,307,193,0.52,0.5014598349422619,0.5682114242455781,0.9688948604175642,1.038677438939572,0.5973241035075518,0.6801805432511682,0.33399295312275146,0.4069961862318547,0.44115417897701265,0.4943134106695652,0.3784096710383892,0.4959273271262645,0.07617143653333187,0.22509548515081404,-0.1284170590341091,0.007006232370622247
dpo__none,24,post_instr_2,or_bench,0.512663144010242,0.9198528167587128,0.8812088031268878,0.4614529958029857,0.4868280589580536,0.5592259168624878,0.1115676760673523,-0.18394914269447327,1736,1884,61,439,0.468,0.4822021081537104,0.5504660483962335,0.8896992998328123,0.9703000934621565,0.7942821571313857,0.9553515430155245,0.4294506609400783,0.5014000204374736,0.45717421397566793,0.5089979037642478,0.3906369745731354,0.5514609575271606,-0.02468909099698066,0.1941373068839311,-0.2619350768625736,-0.06311465632170446
dpo__none,24,post_instr_2,xstest,0.31149572129126907,0.8759274077853999,0.5100239791880118,0.2725499896291476,0.33506202697753906,0.3835875391960144,0.13550962507724762,0.007412469945847988,1736,1884,41,209,0.168,0.27765840406403647,0.35000665711135476,0.855113207302324,0.9249600768476646,0.44118971133301993,0.5762678948619872,0.23994268970939978,0.3126813835244276,0.29855436086654663,0.36798044517636297,0.21964454650878906,0.3932790771126747,0.024834556272253394,0.19691801033914083,-0.06955942492932081,0.09338392373174423
dpo__none,24,post_instr_3,all,0.3102805448054026,0.3809615377143494,0.6025093956801046,0.1681620962419802,0.6315107941627502,0.8536108136177063,0.5360308885574341,-0.003912487532943487,1736,1884,409,841,0.256,0.2929458217056357,0.32932428938698993,0.3678298721069936,0.3958739341331022,0.5685891883509815,0.6375980776360162,0.1515038593988788,0.19019421420577773,0.6078883677721023,0.6540466219186782,0.8293043658137321,0.8642823368310928,0.48740049749612807,0.5692085146903991,-0.04244005791842937,0.026935298647731483
dpo__none,24,post_instr_3,false_reject,0.452797502433139,0.44934157613537984,0.6020738800690506,0.2153473517451358,0.7098103761672974,0.8131994605064392,0.4938003718852997,-0.11842411756515503,1736,1884,307,193,0.422,0.4279646216182435,0.48154457010160173,0.4394903761009101,0.46152767385179616,0.5682471721631915,0.6387984211411823,0.18528258659330799,0.24823165061350844,0.6834198921918869,0.7333261862397193,0.7748686239123345,0.8320866137742996,0.4406063601374626,0.5328844621777534,-0.15350897870957853,-0.07962650358676912
dpo__none,24,post_instr_3,or_bench,0.1660685545780517,0.4294176318899227,0.6093032666259628,0.10448014364779803,0.36069634556770325,0.8209100365638733,0.21908587217330933,-0.0825718343257904,1736,1884,61,439,0.108,0.14681716594234884,0.18943919998241512,0.4115164028181059,0.4535223296142074,0.5307255769005841,0.6839432564665594,0.08592459713179999,0.1283667554211002,0.3202803902328014,0.4001885376870632,0.7731756016612052,0.8411396265029907,0.12848542481660843,0.3004122957587242,-0.1709608405828476,-0.0026082018157467307
dpo__none,24,post_instr_3,xstest,0.31367057681490396,0.5147636279951916,0.5956618901337692,0.2583516972098458,0.5203538537025452,0.8004003763198853,0.48442116379737854,0.07954759150743484,1736,1884,41,209,0.22,0.2854734767044115,0.34627198396965053,0.4953476997512687,0.5458303362358302,0.538861703920453,0.6540050312214041,0.23060534350739473,0.29037980538904345,0.48699776753783225,0.5516238808631897,0.7068941906094551,0.812182679772377,0.35523991882801054,0.5300801217555999,-0.0522355399094522,0.18167599886655805
dpo__none,24,post_instr_4,all,0.2424975738465337,0.44181471751865703,0.5310562270817235,0.10216404381079279,0.48115605115890503,0.7981263399124146,0.5462568998336792,0.18506395816802979,1736,1884,409,841,0.188,0.2258668563577427,0.2591230286275155,0.4267659166855593,0.46152418420458,0.5013861660879732,0.5646125572486054,0.0890583486259947,0.11703930093316971,0.4545926183462143,0.5044403091073036,0.7685135632753373,0.8136308029294014,0.49392173662781713,0.5800205856561661,0.13507477194070816,0.2240847878158092
dpo__none,24,post_instr_4,false_reject,0.40269908110412606,0.5977181713299429,0.5472639171300867,0.1727436504599355,0.5587475299835205,0.771259069442749,0.40082424879074097,-0.03631202131509781,1736,1884,307,193,0.358,0.37918913393251935,0.4298482417004616,0.5816799704147035,0.6173199069215534,0.5150792975065854,0.5859068178088374,0.14918710426645784,0.19940088925256885,0.5311301499605179,0.5840100675821304,0.7251397877931595,0.7833384364843369,0.33825901299715044,0.4446486018598079,-0.08832703642547131,0.015912543679587523
dpo__none,24,post_instr_4,or_bench,0.12032436443165405,0.48766501059226564,0.5235813243131392,0.06429093373363565,0.2395516335964203,0.7800954580307007,0.09380301833152771,-0.09586124122142792,1736,1884,61,439,0.076,0.10346257812855586,0.14181949792292856,0.4659867469027815,0.51603546320695,0.43923049592526475,0.6075532391224179,0.04825014033038637,0.08517146571555934,0.20621920749545097,0.2773059487342834,0.7003375753760338,0.8073282748460769,0.01426225295290351,0.16496158614754675,-0.1716386005282402,-0.02172546936199075
dpo__none,24,post_instr_4,xstest,0.16644096597183244,0.49231010435419764,0.42081758641416467,0.11653932611442161,0.32027316093444824,0.6800923347473145,0.28033363819122314,0.06599456071853638,1736,1884,41,209,0.072,0.14718048147899043,0.1905648357707756,0.4737173379722848,0.5224549158880835,0.36240786261272284,0.48189377593441113,0.09621924185175726,0.14076213554895325,0.2843088522553444,0.35553192347288126,0.542861619591713,0.6878477171063423,0.16883899010717868,0.33195548951625814,-0.03464937526732683,0.14423879235982895
dpo__none,24,first_gen,all,0.25352820320118863,0.2691782204086975,0.673734084850896,0.04917123726353024,0.6856285929679871,0.8483364582061768,0.6766575574874878,0.13052217662334442,1736,1884,409,841,0.2528,0.23255641721108647,0.2726421730741126,0.25917082689301124,0.2849960554827802,0.6287255079065086,0.7195054433478738,0.033844119402415725,0.06465090456174878,0.6506111651659012,0.7094135835766793,0.8326825961470604,0.859432402253151,0.6261486664414406,0.7060507386922836,0.08995420075953006,0.16305139660835266
dpo__none,24,first_gen,false_reject,0.4681120491011344,0.39623657253114436,0.6918661037123098,0.11219250778169848,0.7632722854614258,0.7887691259384155,0.6508510112762451,0.07554123550653458,1736,1884,307,193,0.452,0.43675852091739953,0.5043082467793644,0.383499573066273,0.41507939186736537,0.6446936308761317,0.7459559618142193,0.08505819491274805,0.14439539229680032,0.7363504707813263,0.7845728874206542,0.7595299616456032,0.8029010862112045,0.5829812601208687,0.6935004860162735,0.009706698730587961,0.1277544293552637
dpo__none,24,first_gen,or_bench,0.08664092362015889,0.3007158200514878,0.6845555302936949,0.003559393240621676,0.2768537998199463,0.836050808429718,0.12552154064178467,-0.11025180667638779,1736,1884,61,439,0.114,0.06591952418192573,0.10726812298108379,0.29062578626861846,0.3252713084518274,0.5750574096435457,0.7837732215901896,-0.012640297347387733,0.024183604776108023,0.21027101576328278,0.3362790361046791,0.79547648280859,0.855176717042923,0.038900728430598976,0.197817500308156,-0.15576129145920276,-0.07301775645464662
dpo__none,24,first_gen,xstest,0.15813503519360764,0.4104351667567441,0.521865083648749,0.08678127078414875,0.35952433943748474,0.7430170774459839,0.07846201211214066,-0.20218999683856964,1736,1884,41,209,0.132,0.1316433071474174,0.1893934812523066,0.3910586035803714,0.45010666730510046,0.41244838103271214,0.6446147400487684,0.06366313559786385,0.11306457996075064,0.2951854981482029,0.4118492349982261,0.6419581398367882,0.7581531718373299,-0.0247781025711447,0.16297459155321115,-0.2739293247461319,-0.11373004503548148
dpo__none,26,last_prompt,all,-0.061955463557106384,1.1859028326153394,0.09460422576536343,-0.13809447886476905,-0.05217214301228523,0.448869526386261,0.14613306522369385,0.16978275775909424,1736,1884,409,841,0.0288,-0.1112204350422074,0.007036912731338594,1.1145591534946642,1.2610752445220919,0.03522602970780782,0.17628759722467927,-0.18747437352770968,-0.07503399944353016,-0.09643101673573255,0.005547831580042783,0.3682697623968124,0.49536936506628987,0.01868226109072566,0.2445669315755365,0.04001017427071929,0.26648985743522635
dpo__none,26,last_prompt,false_reject,-0.004019632487717849,1.400440389405431,0.08642989814071132,-0.14789530968833722,-0.00287025049328804,0.3937150835990906,-0.17296671867370605,-0.17183737456798553,1736,1884,307,193,0.052,-0.06116723225425798,0.07433392617603547,1.324852715655093,1.4796091465963412,0.021927397518609178,0.16944213387821133,-0.20127458110721513,-0.06201472790895978,-0.04376013493165374,0.051080281287431695,0.2857869125902653,0.42696042060852046,-0.2679176367819309,-0.023966779327020203,-0.2691755838692188,-0.022402080567553644
dpo__none,26,last_prompt,or_bench,-0.1407672334361411,1.2199677206278603,0.08328938288546407,-0.17190039486928071,-0.1146254912018776,0.3536550998687744,-0.24995377659797668,-0.21080534160137177,1736,1884,61,439,0.012,-0.17881037412429623,-0.07849282870424651,1.1492729056224582,1.3014571306242921,0.01670022036643371,0.1844021514713247,-0.21017831586203034,-0.10312738159465955,-0.14998459666967393,-0.06029376061633238,0.2572817340493202,0.38551090285182,-0.31637250259518623,-0.13102484643459325,-0.27929171696305277,-0.10196752697229386
dpo__none,26,last_prompt,xstest,-0.02020354283304078,1.3856787999946125,0.17264623060334466,-0.0580353184255516,-0.014578701928257942,0.3361511528491974,-0.09006360173225403,-0.08517199754714966,1736,1884,41,209,0.016,-0.08048650884396023,0.06287192725635798,1.3068653545713136,1.4746445159403738,0.08110323427297712,0.27604302445731604,-0.11871366917008251,0.0256011130879179,-0.05856710486114025,0.043524078652262634,0.22850243858993052,0.3384286291897297,-0.2077342990785837,0.058566998690366405,-0.20317928791046141,0.06810804679989797
dpo__none,26,post_instr_0,all,0.27462447413577445,0.6347125912809991,0.5735698297729874,0.12923965113605876,0.3970988988876343,0.7057448625564575,0.3593236804008484,0.08615735918283463,1736,1884,409,841,0.2896,0.24936191369913407,0.3060330168615639,0.6110063569536394,0.6617964263862812,0.5389304784704525,0.6144020140053442,0.10250811776432521,0.16207255350242525,0.36466394141316416,0.4326006926596165,0.6654952019453049,0.7144322708249092,0.2962049260735512,0.39886112734675405,0.032760474272072314,0.14112704880535595
dpo__none,26,post_instr_0,false_reject,0.4718088235843204,0.7972393111712007,0.6090372726411208,0.2535232080789245,0.5092995166778564,0.6418138146400452,0.3170095682144165,-0.011464156210422516,1736,1884,307,193,0.506,0.43691031064806873,0.511959546466764,0.7759539973126506,0.8317347992108401,0.5701415951328054,0.6529333861460463,0.19858154746662365,0.308663104108086,0.47221435084939,0.5412779301404953,0.5518547743558884,0.6545276671648026,0.24408132620155812,0.36046327576041215,-0.06964963525533677,0.056432600691914456
dpo__none,26,post_instr_0,or_bench,0.11746304615337019,0.7466316439515234,0.4507983463935951,0.07114539477977133,0.15541240572929382,0.6075640320777893,-0.055113308131694794,-0.15137556195259094,1736,1884,61,439,0.13,0.08926640197058243,0.151191741602007,0.720958558059492,0.7831154562391506,0.3847828363238156,0.533763643194023,0.04291745486060959,0.10592064141991514,0.11766575202345848,0.19955260120332238,0.48443800061941145,0.6171236947178841,-0.1369153369218111,0.04525684136897324,-0.22912783548235893,-0.04694196665659552
dpo__none,26,post_instr_0,xstest,0.19457867565336423,0.7959418466625036,0.49065685889103255,0.13649633741934347,0.23747047781944275,0.5673177242279053,0.12253694236278534,-0.012543044984340668,1736,1884,41,209,0.176,0.1544669822029805,0.2411032781725049,0.7660321313789583,0.8420242062723661,0.41274831667129724,0.5618704456383963,0.09347101142057433,0.18652632360981408,0.188524304702878,0.2867440916597843,0.3894198931753635,0.5777169555425643,0.02694308930076659,0.21442902907729144,-0.09564023856073618,0.09534330014139412
dpo__none,26,post_instr_1,all,0.3013230458680639,0.5347567795139315,0.49849562607095277,0.2054329223519766,0.49090754985809326,0.5969592332839966,0.40155184268951416,0.12453924119472504,1736,1884,409,841,0.1992,0.28168572717015844,0.3237206954917238,0.5215040173732665,0.5574146387856069,0.4702083495838783,0.5309784673126478,0.18886850869111244,0.2270046113242844,0.46589941829442977,0.5126144096255303,0.5346643447875976,0.6036664739251136,0.31998966336250306,0.4192853912711143,0.061615660600364205,0.16400461271405217
dpo__none,26,post_instr_1,false_reject,0.4107121142341082,0.6397235462916134,0.5059407108002161,0.2592346310894414,0.5402560234069824,0.4902026355266571,0.36573779582977295,0.11990825831890106,1736,1884,307,193,0.336,0.384485371334383,0.44088341689293165,0.6304190669360596,0.66873701724889,0.472143302315283,0.5434369309170103,0.2334048606554287,0.29197220337175217,0.511475020647049,0.5600124776363372,0.3918053723871708,0.48978772759437555,0.26800071001052855,0.38434592708945275,0.046960179787129165,0.16130087859928607
dpo__none,26,post_instr_1,or_bench,0.20975655165689158,0.6730606277527654,0.5055974276089322,0.16864883125486632,0.29753202199935913,0.5314915180206299,0.07783098518848419,-0.08411413431167603,1736,1884,61,439,0.098,0.19224340711225155,0.2356779354299942,0.6548078456749425,0.7109474809982863,0.438105769332528,0.5780461367195734,0.15069803223813874,0.19509221598590734,0.2706030994653702,0.32280396223068236,0.388388891518116,0.540782704949379,-0.00961174271069467,0.13756477087736121,-0.15761531814932822,-0.0032958220224827673
dpo__none,26,post_instr_1,xstest,0.2656777570001579,0.6481346704637372,0.4321823734924334,0.23301418866375131,0.37928307056427,0.3210521340370178,0.2840138077735901,0.17534588277339935,1736,1884,41,209,0.128,0.2401666575071667,0.2954696109620858,0.636854656918008,0.7033007349378357,0.3806165612516014,0.49504714853649445,0.20601280742833372,0.2628153473091686,0.3401587061583996,0.4032581739127636,0.1978434506803751,0.3348095268011093,0.12384807579219341,0.289836573600769,0.04116965364664793,0.20808658786118028
dpo__none,26,post_instr_2,all,0.4906967838225268,0.7171052259900276,0.6688437177682989,0.40405933692288865,0.5647197961807251,0.4362783432006836,0.3761213421821594,0.15721441805362701,1736,1884,409,841,0.444,0.4624371371909088,0.517851139334186,0.6907864099037766,0.7486042856153612,0.623317717694992,0.7055633250968297,0.37578222631285096,0.4339123072682781,0.5363406717777253,0.5902390047907828,0.3640785664319992,0.46734222322702407,0.28987542539834976,0.4166366189718246,0.08302929382771254,0.20740577913820743
dpo__none,26,post_instr_2,false_reject,0.5395485704421097,1.0133195905485977,0.6425472931926647,0.37571116881253314,0.46998560428619385,0.48599815368652344,0.16617754101753235,-0.07050687074661255,1736,1884,307,193,0.53,0.5080695145914806,0.5773779145171327,0.9856331455785001,1.0563400314387796,0.602737130038144,0.6866311445012779,0.33786509769167,0.4163097609628239,0.4397757276892662,0.49229463189840317,0.3673220455646515,0.48451457396149633,0.07132768407464027,0.22717341408133507,-0.12695038840174674,0.015555674862116562
dpo__none,26,post_instr_2,or_bench,0.522672270248064,0.9223005453833903,0.8924555603144357,0.4712900674644104,0.49303776025772095,0.5529400706291199,0.10475568473339081,-0.19294613599777222,1736,1884,61,439,0.486,0.4909928789258957,0.561366690816306,0.8923996756242967,0.9742967026387662,0.804769382460881,0.9724058510396827,0.4378472613048868,0.5126979559393897,0.4631350480020046,0.5147143945097923,0.3819716013967991,0.5444535449147224,-0.03463062737137078,0.18737626522779466,-0.2609980285167694,-0.07375359721481801
dpo__none,26,post_instr_2,xstest,0.32904223773228675,0.8599639176472581,0.5330553849885495,0.2890205714735241,0.3573577404022217,0.3917612135410309,0.1634596586227417,0.02511945366859436,1736,1884,41,209,0.188,0.2967230390801097,0.36656107017990713,0.839627201036759,0.9082424979538981,0.46386573941408793,0.602115210458671,0.25683874541651514,0.32888132460268477,0.3227395758032799,0.388668754696846,0.2280082732439041,0.400073766708374,0.04705855846405029,0.2175834529101848,-0.05629388317465782,0.10695887394249438
dpo__none,26,post_instr_3,all,0.3006724469990402,0.3761688401213832,0.5927764233564132,0.15861474472132722,0.6243624091148376,0.8474700450897217,0.5354632139205933,0.00810963474214077,1736,1884,409,841,0.2432,0.28356729672785425,0.31951100379835073,0.36305376498376796,0.3909196979475713,0.558705116746139,0.627934878333598,0.1427068136319641,0.17992333240305036,0.6007013648748398,0.6468354120850562,0.8226946651935577,0.8578569173812867,0.4870990589261055,0.5684770792722702,-0.02978897145949304,0.03864516587927931
dpo__none,26,post_instr_3,false_reject,0.4423102816291904,0.44234655068291096,0.5923164675738671,0.2036994627065195,0.7070777416229248,0.8086439371109009,0.5048919916152954,-0.0945817083120346,1736,1884,307,193,0.408,0.41806731812477904,0.4707933486906846,0.4327984497417812,0.45426741044477725,0.5580788511714694,0.6295708124756549,0.17457470749381127,0.23574368330947423,0.6807471469044686,0.7305266737937927,0.7720588505268097,0.8257157355546951,0.45143316984176635,0.5418685600161552,-0.13139951452612877,-0.05506711853668095
dpo__none,26,post_instr_3,or_bench,0.15944084951497908,0.4230488800885983,0.602278944865291,0.09790753057088504,0.35266950726509094,0.8111175894737244,0.22196927666664124,-0.06848764419555664,1736,1884,61,439,0.1,0.14083737588009201,0.1826068264747861,0.40529344091083397,0.4471227944116695,0.5218525365730791,0.6785774279999749,0.07974355698910489,0.12151993461656589,0.3121529445052147,0.39138371869921684,0.7623224765062332,0.8331597000360489,0.13432296328246593,0.30176457837224,-0.15426544919610025,0.008788174646906509
dpo__none,26,post_instr_3,xstest,0.29985989236991845,0.5097234964324722,0.5820822907383286,0.24449568751285392,0.5070484280586243,0.7876683473587036,0.4879901111125946,0.10279878973960876,1736,1884,41,209,0.2,0.27166633761799885,0.3314318607494051,0.49031393480534136,0.5414615778384181,0.5264634285067473,0.6402632254173783,0.21716718673819266,0.2758946871477592,0.4730067901313305,0.538042052090168,0.6927590370178223,0.8005174130201339,0.365535169839859,0.5325594156980514,-0.02572105550207197,0.2017888128757476
dpo__none,26,post_instr_4,all,0.24809734756267884,0.4501735755645726,0.5325949458739715,0.10973881961720164,0.4826681911945343,0.7769867777824402,0.547103762626648,0.19647905230522156,1736,1884,409,841,0.184,0.23101236575104522,0.2656994897557701,0.4360230710409355,0.47054797124029135,0.5018527930631173,0.5668636779048218,0.0962468543872771,0.12496705856336512,0.4558463148772717,0.5058470115065574,0.746650704741478,0.7924031600356102,0.49130281507968904,0.5813229605555534,0.14326507709920405,0.23641711771488183
dpo__none,26,post_instr_4,false_reject,0.4028167121640457,0.6086516349330489,0.547758400133952,0.1722617971256334,0.5518980026245117,0.7462363243103027,0.4033758044242859,-0.010157529264688492,1736,1884,307,193,0.352,0.37925140582643596,0.4310548227357815,0.5921829392916302,0.6284231219219079,0.5154686193644242,0.5870863221597112,0.14935753354745973,0.20023485365657925,0.5247683554887772,0.5772708788514137,0.6998459964990615,0.7582470819354057,0.3417664602398872,0.44810489416122434,-0.062144275195896624,0.04313999973237512
dpo__none,26,post_instr_4,or_bench,0.13461304570148286,0.5042575765701088,0.5362161932897683,0.07880942658267653,0.25792089104652405,0.7560983896255493,0.10821101069450378,-0.08984225988388062,1736,1884,61,439,0.078,0.11723212657629926,0.15708764356615934,0.4808129582225303,0.5345133275753672,0.4533404498824563,0.6195712953802359,0.062192072784524426,0.10027223132932357,0.22488697841763497,0.29399412199854846,0.6729872286319732,0.7838344424962997,0.025137024745345116,0.18025080151855943,-0.17148045040667056,-0.012549089989625024
dpo__none,26,post_instr_4,xstest,0.16562718251710523,0.48208359732452255,0.4136658944060934,0.11696887118335969,0.3249235153198242,0.6526219844818115,0.2812247574329376,0.07314114272594452,1736,1884,41,209,0.06,0.14740474485002988,0.18982365518974056,0.46551769872617016,0.5124486769380493,0.35641045873690835,0.4754370052719989,0.0977729420835754,0.1400471160531112,0.28916054889559745,0.35968034416437145,0.515289531648159,0.6588052123785019,0.17335837185382844,0.3266497492790222,-0.0229923689737916,0.14139178693294524
dpo__none,26,first_gen,all,0.2487495438651547,0.2627929697803201,0.6611695692911317,0.04817904262666974,0.6874355673789978,0.8377528190612793,0.6974450349807739,0.16735941171646118,1736,1884,409,841,0.252,0.22754585665337196,0.2682823189639846,0.25350206829038346,0.27733687795980927,0.6177744196264067,0.7072218545150389,0.03308096172073072,0.0632118185502786,0.6527424648404121,0.7104532033205032,0.821045546233654,0.8493240863084793,0.6498372808098793,0.7243822023272515,0.12616012133657933,0.19907029196619982
dpo__none,26,first_gen,false_reject,0.4572776675310872,0.39293494060939727,0.6776191759837175,0.10678633120723369,0.7584506273269653,0.7790030837059021,0.6701791286468506,0.12174312770366669,1736,1884,307,193,0.452,0.4258374150124447,0.493864250607349,0.3803795320203383,0.41156577754449203,0.6315566572244821,0.7321362994955546,0.08004767170018967,0.1389260464594033,0.7312138944864273,0.778327676653862,0.748901604115963,0.7931034594774247,0.6043950095772743,0.7115519151091575,0.054921238962560896,0.17473278194665906
dpo__none,26,first_gen,or_bench,0.09203185868082062,0.2859545643861921,0.6860767230032837,0.009488040676112088,0.30636486411094666,0.8301448225975037,0.1808423399925232,-0.07719695568084717,1736,1884,61,439,0.114,0.07146883844302311,0.11240823139517014,0.27706847643452465,0.30917967620393555,0.5769612134358892,0.7858036925446307,-0.005921468045429257,0.02971180570749881,0.23681702315807343,0.36605744957923886,0.7875688418745994,0.850827208161354,0.09315019100904465,0.25185835435986514,-0.12479928713291884,-0.039189257286489025
dpo__none,26,first_gen,xstest,0.14512873370553794,0.390107620639409,0.5009419839231039,0.07532806436573047,0.34867551922798157,0.7331057786941528,0.09681491553783417,-0.16943424940109253,1736,1884,41,209,0.128,0.11857576268589301,0.17562813873168212,0.37137784086717385,0.4293975916195361,0.39088601247902216,0.6249222828947811,0.05377271045211897,0.10047072193185373,0.2824361935257912,0.40270879715681074,0.6295020937919616,0.7497122853994369,-0.016267339093610642,0.1833106182515621,-0.2471199057996273,-0.08080011568963529
dpo__none,31,last_prompt,all,-0.24892426976273224,0.8100318410535862,-0.16919594812171113,-0.28769817256659036,-0.29374486207962036,0.37918269634246826,0.08274520188570023,0.20308759808540344,1736,1884,409,841,0.0216,-0.28735293771860654,-0.21047677317462826,0.7462831072246131,0.8976128653456319,-0.21741757830821898,-0.11606589682199837,-0.3207022298714739,-0.2499328448077712,-0.33372172638773917,-0.2504346415400505,0.24205051995813848,0.48957656621932927,-0.06540694907307625,0.20217253565788262,0.0688104622066021,0.29548751413822166
dpo__none,31,last_prompt,false_reject,-0.1942805695573953,0.9120640582762657,-0.14592458440514783,-0.271199172597719,-0.20833788812160492,0.3156697154045105,-0.17411434650421143,-0.11077921837568283,1736,1884,307,193,0.044,-0.24111915548216634,-0.14012848547733664,0.8429943120243343,0.9982326027277288,-0.20370368408194317,-0.08597121359807343,-0.31935009728803104,-0.20750038272699578,-0.25133129954338074,-0.15896984115242963,0.13532082736492157,0.42168964445590973,-0.29819161891937257,0.000818193238228346,-0.22548315301537514,0.03232979197055098
dpo__none,31,last_prompt,or_bench,-0.2874491108176379,0.8432607782893438,-0.2559194366683258,-0.29183028105182046,-0.32264766097068787,0.08047819137573242,-0.08442562073469162,-0.06176263839006424,1736,1884,61,439,0.01,-0.3174811417376768,-0.24848044657203538,0.7796610528794276,0.9282509823893227,-0.3024606738237618,-0.18002319811153897,-0.3226002790064388,-0.25179101410632776,-0.3511062182486057,-0.27684534043073655,-0.014352794480510056,0.18383200466632835,-0.19914922192692755,0.023524068295955627,-0.14731255322694778,0.038727981597185136
dpo__none,31,last_prompt,xstest,-0.2811618235360819,0.9726487737859734,-0.21441972429532372,-0.2942547584811794,-0.2776986062526703,0.1844131052494049,-0.02312372624874115,0.029237493872642517,1736,1884,41,209,0.0,-0.3211827988231238,-0.24051635084778358,0.902056805156828,1.066244730533112,-0.26713776380057064,-0.14706501680735296,-0.33294286624015873,-0.2500554062978211,-0.3141301810741425,-0.230275297164917,0.07638503462076188,0.23930276259779928,-0.15539864599704742,0.12254964485764495,-0.0999278787523508,0.1613932214677333
dpo__none,31,post_instr_0,all,0.2202231308165404,0.6001338686556437,0.5019315053382469,0.08322113464607613,0.34449464082717896,0.7214807868003845,0.36299389600753784,0.12190994620323181,1736,1884,409,841,0.232,0.19059634544612247,0.25830148210469167,0.5744433757550844,0.6285737966453526,0.46108743994045165,0.5520755690519266,0.05122979547897903,0.11836843644301007,0.2996938869357109,0.39193108975887286,0.6638741016387939,0.7385078549385071,0.29674787893891336,0.40583471655845643,0.056650865264236926,0.17762511745095244
dpo__none,31,post_instr_0,false_reject,0.4265129460963837,0.741990695855457,0.5443791924733832,0.23902621652795988,0.4983554780483246,0.6138726472854614,0.3485381603240967,0.04914960265159607,1736,1884,307,193,0.408,0.3843408709493394,0.4733375056465955,0.7165733778865931,0.7799895545404026,0.4918740932674322,0.5944989954877723,0.1813414720147612,0.30746769586848555,0.45389648899435997,0.5396857693791389,0.47591458782553675,0.6495923176407814,0.2606426998972893,0.3936907403171062,-0.01813084348104894,0.1272433206439018
dpo__none,31,post_instr_0,or_bench,0.09900343708162938,0.6832205850125731,0.40321198110354306,0.056733007843343126,0.1434091478586197,0.6199318766593933,-0.009815169498324394,-0.09975014626979828,1736,1884,61,439,0.134,0.06595119795452409,0.1347618965841175,0.6575801516920196,0.7214857321684625,0.3136096547210348,0.49177081036318804,0.02142687145925277,0.09482514335762608,0.09509450495243073,0.19315605796873567,0.4569846294820309,0.6489130645990371,-0.09755200501531362,0.08090303726494308,-0.17792572677135468,-0.0038802937022411107
dpo__none,31,post_instr_0,xstest,0.050083073698690056,0.7796454489172452,0.33096695457968306,-0.005018549446451644,0.06410613656044006,0.580167293548584,0.03782476484775543,0.0006337803788483143,1736,1884,41,209,0.076,-0.0020508720186456593,0.09906599214615594,0.7447674096505125,0.8344495459689909,0.24151391424575427,0.4107511431254295,-0.06030006854957858,0.052187368104852465,-0.0027253870852291576,0.12748265638947487,0.373504039645195,0.6040629774332046,-0.08437089901417494,0.17423457540571688,-0.1204889740794897,0.14210577979683855
dpo__none,31,post_instr_1,all,0.3196751090263204,0.5321509744266202,0.524344507171547,0.22013913946469638,0.5149511694908142,0.6313633322715759,0.4258502721786499,0.11750662326812744,1736,1884,409,841,0.2416,0.2980527416051861,0.3472561713026712,0.5169880219523019,0.5570396399127236,0.49473931526007064,0.5589672577260977,0.19865880033139302,0.24440689865479012,0.4873573586344719,0.5392245545983314,0.568735359609127,0.63201043009758,0.3456734731793404,0.4463238537311553,0.051793231070041655,0.15955064333975313
dpo__none,31,post_instr_1,false_reject,0.4267253414078522,0.6131219476835492,0.5298747489522561,0.26264830267364164,0.5712500810623169,0.5367608666419983,0.42728763818740845,0.14701074361801147,1736,1884,307,193,0.402,0.3989760064122191,0.4579972654173346,0.6038672963676595,0.6430159181650542,0.4935198628117965,0.5717461084938907,0.23145456086031227,0.30267398436603127,0.5406324520707131,0.5915974795818328,0.432340656965971,0.5325386047363281,0.3349426634609699,0.442546708881855,0.0762277040630579,0.19138553291559215
dpo__none,31,post_instr_1,or_bench,0.22679924216886554,0.649012233759037,0.5116925638449179,0.1872127142749015,0.32989031076431274,0.5485125780105591,0.12705275416374207,-0.057092323899269104,1736,1884,61,439,0.12,0.2082151869549111,0.25614803215795395,0.6325670026441806,0.686049592866062,0.44973794598869954,0.5847469739864333,0.16873848552388448,0.21676428221111974,0.3006836295127869,0.3585806161165237,0.3991516649723053,0.5453111350536346,0.03030618284828961,0.17583209499716754,-0.12530246376991272,0.019482077518477966
dpo__none,31,post_instr_1,xstest,0.2913264453976663,0.6640877576898836,0.501758390446639,0.25004555310867715,0.4017307758331299,0.3925955295562744,0.3487337529659271,0.20858794450759888,1736,1884,41,209,0.164,0.26392703835704817,0.32398396771677357,0.6492842191527467,0.7206836570781597,0.44679865578751615,0.5586368902070491,0.2229815723758733,0.2848787180067131,0.36345058083534243,0.4241419121623039,0.24070745296776294,0.3934793896973133,0.19163220897316932,0.3403357081115246,0.07476958986371755,0.23690154105424882
dpo__none,31,post_instr_2,all,0.3725021295822863,0.8015256086212658,0.5992869085261834,0.26221089825980226,0.42145130038261414,0.5980770587921143,0.31844931840896606,0.07320824265480042,1736,1884,409,841,0.3272,0.33823162129783285,0.4107947255109329,0.7723502299101817,0.8378242794940414,0.5561003051512359,0.64173053917367,0.22748088336347552,0.29770575515232406,0.38534088954329493,0.4494823023676872,0.5389313399791718,0.6120557591319084,0.2422848992049694,0.3616912767291069,0.009143299609422685,0.13166188038885587
dpo__none,31,post_instr_2,false_reject,0.5053141162047124,0.943767003611561,0.6120423825452795,0.3355444058435079,0.47202154994010925,0.5346202850341797,0.27683719992637634,0.027773622423410416,1736,1884,307,193,0.498,0.4662321875206147,0.5489669527269943,0.9177803337691661,0.9838136496332325,0.5676334647801614,0.6626533173437807,0.2906220481632278,0.3889492952569186,0.44171692356467246,0.5024607151746749,0.4278041698038578,0.5491508573293684,0.1652430236339569,0.3282805323600768,-0.055128551460802554,0.1076969407498836
dpo__none,31,post_instr_2,or_bench,0.28806737785092246,0.9415844963643895,0.6067042527320464,0.24379211375757837,0.2925539016723633,0.5638971924781799,-0.03541698306798935,-0.2095555067062378,1736,1884,61,439,0.208,0.2555589285110221,0.3277167134343433,0.9085002682768433,0.9844103246098631,0.5299096217431778,0.6851044759177307,0.21014006184952982,0.28458275001059197,0.25908012464642527,0.3266178593039512,0.4146712303161621,0.569951631128788,-0.12220809701830149,0.07337039634585378,-0.27125613540411,-0.0804598907008768
dpo__none,31,post_instr_2,xstest,0.2757477248189573,0.8897758467577486,0.49274052142993496,0.2331797676072199,0.29601770639419556,0.42590153217315674,0.17548567056655884,0.05172969028353691,1736,1884,41,209,0.224,0.24269757377460452,0.32415111370528504,0.860350704800546,0.9465996197156356,0.41113059090067405,0.5683532722594369,0.19656351219359353,0.28173578987789555,0.25884983465075495,0.3329438038170337,0.2347262106835842,0.44211973696947093,0.03319027749821544,0.23608446493744847,-0.05922366362065077,0.1334221933037042
dpo__none,31,post_instr_3,all,0.3016491606438078,0.46461723867794164,0.6276066385014485,0.14312760210557735,0.5445414781570435,0.8298294544219971,0.4133482575416565,-0.04593629390001297,1736,1884,409,841,0.2712,0.2829823515790415,0.3226715054357648,0.45091348617297644,0.4824628368502296,0.5935539088628995,0.6650660292498164,0.12410998573453977,0.16737107668763035,0.5158412218093872,0.5729711085557938,0.8047949746251106,0.8395331799983978,0.37303024977445604,0.4448400683701038,-0.07796423658728599,-0.016900934372097266
dpo__none,31,post_instr_3,false_reject,0.46956589891930217,0.5556002178593252,0.6374975763478454,0.20244142560365144,0.6454956531524658,0.7642228007316589,0.3208136260509491,-0.2258404791355133,1736,1884,307,193,0.454,0.44410532686890725,0.501412082597479,0.5417023156411666,0.5724362107895489,0.6019433659402049,0.6780753939154716,0.16778535447277163,0.24297245199925604,0.6164799481630325,0.6747735023498536,0.7247525379061699,0.7808578133583068,0.26225797161459924,0.3663667067885399,-0.2606674022972584,-0.18431752398610116
dpo__none,31,post_instr_3,or_bench,0.12826730000227132,0.52385512404084,0.5862664682838126,0.06462733052006092,0.23782719671726227,0.7806527614593506,0.05492715165019035,-0.13459518551826477,1736,1884,61,439,0.108,0.10776657190387129,0.1538401410882695,0.5028691779908503,0.5476777556185115,0.5082484918367618,0.6601705251690295,0.04417188634391612,0.09035575642032316,0.19916419126093388,0.2793138109147548,0.7255893290042877,0.8039989605545997,-0.02581491260789335,0.12707599811255924,-0.2063924491405487,-0.07152815330773592
dpo__none,31,post_instr_3,xstest,0.31257935663477276,0.5750897428745525,0.6150515598181723,0.2532426979223318,0.47754940390586853,0.7606639862060547,0.3872165083885193,0.02727266028523445,1736,1884,41,209,0.232,0.2826475275167027,0.3446786466786685,0.5596598388271046,0.6032559162705236,0.5597216337112548,0.674603233749258,0.22347712211740225,0.28818740398273224,0.4425040312111378,0.5124520182609558,0.6555791079998017,0.7733189940452575,0.29828539192676545,0.4371649593114853,-0.062208999507129194,0.12026755735278102
dpo__none,31,post_instr_4,all,0.2538133927015142,0.4775003566800571,0.5428210072925678,0.113261529901932,0.46935904026031494,0.7620616555213928,0.5281803607940674,0.19308988749980927,1736,1884,409,841,0.1912,0.23664378258431062,0.2731359710923639,0.46105580618052966,0.500418606838385,0.5119672667463433,0.5778537514677933,0.0994390668358227,0.1301906116943114,0.4422101452946663,0.49407495707273485,0.732493594288826,0.7757239833474159,0.46536697521805764,0.5647140115499496,0.13005046583712102,0.23450167588889595
dpo__none,31,post_instr_4,false_reject,0.41013723786772033,0.6397334206551695,0.5606405928742463,0.17073550016713773,0.5397143363952637,0.7163677215576172,0.39098286628723145,0.005165956914424896,1736,1884,307,193,0.362,0.3873176304397168,0.4396702452578948,0.6234259241326888,0.6621251297945343,0.5276721891023537,0.6018061672157119,0.14714056189396701,0.20024743516396284,0.5114716842770577,0.5653262123465538,0.6662323534488678,0.7283524453639983,0.33083470687270167,0.4322136238217354,-0.05167463766410947,0.060568858124315714
dpo__none,31,post_instr_4,or_bench,0.13136053802163497,0.5664509698733292,0.5231862552227647,0.0769154910196418,0.225906103849411,0.7322467565536499,0.05228085443377495,-0.11614051461219788,1736,1884,61,439,0.078,0.11275184301445437,0.15362567407470618,0.5416961597035836,0.5974071851773247,0.4462939664563195,0.6069185434039696,0.05928367179214658,0.09827029475740394,0.1958233468234539,0.26065646559000016,0.6461288064718247,0.7597244590520859,-0.033617058768868446,0.12879016436636442,-0.19615852907299997,-0.03413601033389572
dpo__none,31,post_instr_4,xstest,0.18607149841854892,0.514706935410817,0.43860451331946604,0.13653154903608003,0.3399759531021118,0.6094602942466736,0.256115585565567,0.052011869847774506,1736,1884,41,209,0.076,0.16531491591725456,0.21131451925669098,0.4974928125372516,0.5498127802257626,0.38023180735605866,0.5034932503154577,0.11653540441638868,0.16077730818863323,0.30197917819023135,0.3755859889090061,0.4710200257599354,0.6177606150507926,0.13067990392446518,0.2985682897269726,-0.05394537299871444,0.12615976519882677
dpo__none,31,first_gen,all,0.27831693702152516,0.25935417922596127,0.7421706812120216,0.052732919724865886,0.7315903902053833,0.8777596354484558,0.6973587870597839,0.08096622675657272,1736,1884,409,841,0.2536,0.2550689693159242,0.3004019504677425,0.24848990484103675,0.27667762137976215,0.6943991912194644,0.790524020836882,0.03517736118224618,0.07062181750675407,0.6943209156394005,0.7559094548225402,0.862836143374443,0.8854462265968323,0.6389801114797592,0.7270596608519554,0.03748992132022977,0.10968984887003896
dpo__none,31,first_gen,false_reject,0.5062968679965726,0.3849171665485008,0.7586124265607973,0.10494496034658986,0.7960624694824219,0.8223669528961182,0.6569840312004089,0.003847411833703518,1736,1884,307,193,0.452,0.47088928684132453,0.5487287521140776,0.37128724079339787,0.40781166292231497,0.7060786631902882,0.8206891203174328,0.06829724281647827,0.14779766810328615,0.7655927985906601,0.8179232746362686,0.7930186212062835,0.8342953950166703,0.583640205860138,0.7025485590100288,-0.06680742930620909,0.05822423994541165
dpo__none,31,first_gen,or_bench,0.10602381149789555,0.30732099971577964,0.7712787964379184,0.013585191958318497,0.32613104581832886,0.8690493106842041,0.11141540110111237,-0.18195712566375732,1736,1884,61,439,0.114,0.08410571475218417,0.13069229462261603,0.2932106720092594,0.34086689568838924,0.6530010115667698,0.8742072345757166,-0.0044758878412876815,0.03813174801633941,0.24835257083177567,0.3945581138134002,0.829672260582447,0.8832252502441407,0.013412546226754784,0.19345993660390368,-0.22701151072978973,-0.1346194110810757
dpo__none,31,first_gen,xstest,0.1669433950967369,0.45495306989591433,0.5757497948247978,0.08674693044239898,0.34448617696762085,0.7659969329833984,0.015496637672185898,-0.26457279920578003,1736,1884,41,209,0.136,0.1309765049993862,0.20266802558526367,0.43331488640839844,0.4969123190630697,0.44754768540408785,0.7134441860051219,0.053642198035209705,0.11939745998610808,0.26841157078742983,0.4065473020076752,0.6548424020409584,0.7816944271326065,-0.09389452766627074,0.10496236681938163,-0.3323467135429382,-0.17739134766161446
final__none,8,last_prompt,all,0.16671488386558622,1.0668499376530904,0.32956519200499773,0.08430866555441233,0.15439458191394806,0.4152117073535919,0.21829310059547424,0.1560579091310501,1744,1883,420,830,0.088,0.13119609531972196,0.21737659058538994,1.0107673771381651,1.119479432886002,0.2844040436967549,0.38563331920940286,0.04832132861596618,0.1326178719324139,0.1242189709097147,0.19540498442947865,0.35069687366485597,0.4361225567758083,0.12693746984004975,0.2946051172912121,0.05899542830884457,0.23594642579555505
final__none,8,last_prompt,false_reject,0.2798298470619755,1.3066748338426475,0.36093166939738863,0.1561290451680334,0.2094060778617859,0.3729167580604553,0.022007692605257034,-0.05735498294234276,1744,1883,302,198,0.166,0.23219455771144348,0.3317796277707389,1.2406634045891778,1.3650361059213734,0.30660038803857087,0.41586429343986037,0.10709597159003453,0.21972482231311694,0.17716611698269844,0.24503648355603216,0.2677223145961761,0.39641871303319925,-0.08536483123898506,0.10835116244852537,-0.16209812760353087,0.04489155262708662
final__none,8,last_prompt,or_bench,0.09926374464875275,1.332213478560609,0.26073931051362603,0.07076804665349298,0.07430443167686462,0.345633864402771,-0.07278710603713989,-0.09874218702316284,1744,1883,75,425,0.04,0.05248944822835847,0.1568641715486167,1.2584720745275648,1.3933072295911946,0.1867027561663727,0.3448438207956645,0.029092244272803405,0.12685658242732525,0.03936865674331785,0.11580693703144786,0.2083272837102413,0.3693496026098728,-0.16851767748594285,0.10091302357614039,-0.19449603222310544,0.07954355459660285
final__none,8,last_prompt,xstest,0.07538716857655611,1.2520142627121014,0.22931536030286181,0.04341173246990164,0.060103848576545715,0.258721262216568,0.056436937302351,0.04096083715558052,1744,1883,43,207,0.028,0.03015845858508728,0.13443710470591805,1.1915633557821224,1.317090566931407,0.14644718108238258,0.3062651561870889,-0.0027236275409949907,0.10652299645639215,0.02430499466136098,0.10546050332486628,0.11853594481945039,0.2883338011801243,-0.043964491598308085,0.13152071461081496,-0.05549369230866432,0.12015821449458598
final__none,8,post_instr_0,all,0.27778152707297005,0.9064099020581103,0.4278261029614182,0.20185533142206924,0.293012410402298,0.4333149492740631,0.38663995265960693,0.27159392833709717,1744,1883,420,830,0.1592,0.24234206824691876,0.31700441000872137,0.8677983787872426,0.9481166317251422,0.3867481371667967,0.47756241631966384,0.16601037756450351,0.2387128946652563,0.2620892822742462,0.32316154092550275,0.3760102167725563,0.4669337555766105,0.3107564799487591,0.4384171307086944,0.18666013404726983,0.33714655637741087
final__none,8,post_instr_0,false_reject,0.3786719532525658,1.181846192098243,0.46175297938162974,0.251952451004569,0.30512741208076477,0.41655588150024414,0.1250906139612198,-0.002112763002514839,1744,1883,302,198,0.274,0.3369833129093735,0.4237951695688085,1.1328704200561985,1.2290072650054467,0.4110753094923749,0.5041745932287239,0.20743537066256276,0.3031582438259643,0.27558416575193406,0.33381054028868673,0.33385724052786825,0.44607501402497285,0.04213563092052937,0.19722098037600513,-0.090591786429286,0.07726883664727202
final__none,8,post_instr_0,or_bench,0.2175924845107851,1.0463658158724458,0.36001234850512415,0.19245957553746634,0.20359519124031067,0.45955780148506165,0.008858636021614075,-0.08651720732450485,1744,1883,75,425,0.08,0.18126810759402795,0.25989617086970257,0.9991496616796974,1.0989586193495637,0.29960391861605634,0.42585081161847615,0.15560446201248507,0.23523995822107438,0.17116553001105786,0.2368713844567537,0.2866868540644646,0.48402601927518846,-0.13014841601252555,0.1723349742591379,-0.203878466039896,0.09093264397233722
final__none,8,post_instr_0,xstest,0.19637868016009233,1.0701795703272028,0.30782891878391844,0.1732271851647109,0.18048708140850067,0.3067842125892639,0.056851379573345184,0.001505507156252861,1744,1883,43,207,0.088,0.1516128879900416,0.24196634973559178,1.0250761350000446,1.1215578034377551,0.22848134793482475,0.37913000427718396,0.12907779497089086,0.21721823193629783,0.14245423302054405,0.21587572507560243,0.11075617857277394,0.39354507029056546,-0.043691703025251626,0.15983510948717589,-0.07995676472783089,0.09769899491220711
final__none,8,post_instr_1,all,0.42594492105788045,1.0503947418582873,0.5387609551674639,0.3688572962755802,0.3757878839969635,0.30861881375312805,0.2436932772397995,0.13781945407390594,1744,1883,420,830,0.3856,0.3751899211828496,0.47455539354001386,1.004445888089769,1.093701982049507,0.48660271275085953,0.5879998786323649,0.3172647986702901,0.42098540199288337,0.33449273034930227,0.4108620651066303,0.22400776743888856,0.3696055769920348,0.15069496780633926,0.32486772611737236,0.04812337346374988,0.22103286311030382
final__none,8,post_instr_1,false_reject,0.4085445892736702,1.3039946021855435,0.510316418713033,0.2533168278236445,0.298972487449646,0.4784919321537018,0.0366075374186039,-0.11155050992965698,1744,1883,302,198,0.38,0.3565974114273193,0.45795052779046697,1.2619165575785207,1.3497754084356013,0.4540802483105559,0.5671249161246777,0.19821946460811005,0.31179597559589395,0.2619472943246365,0.33264088481664655,0.38389657214283945,0.49734019190073014,-0.04602257292717695,0.11666616573929783,-0.1860577017068863,-0.02702400521375241
final__none,8,post_instr_1,or_bench,0.4674692369325016,1.173778928539743,0.6676338132168277,0.43214608286184003,0.3699967563152313,0.4655805230140686,0.007461466360837221,-0.1773906946182251,1744,1883,75,425,0.428,0.42073937772727643,0.5194293206712522,1.1256956188631915,1.2236752582054005,0.5983203639204302,0.7342723819814888,0.3813108853389644,0.48326239916670033,0.33083955496549605,0.40343322753906247,0.31114432066679,0.4875229701399803,-0.14196876659989358,0.16579991206526756,-0.3182629905641079,0.029124337341636414
final__none,8,post_instr_1,xstest,0.37769698028999155,1.4679371413012854,0.5137563031927405,0.34943342401897065,0.24918177723884583,0.2967072129249573,0.1722780019044876,0.10154710710048676,1744,1883,43,207,0.312,0.2967624003370785,0.44908320647963107,1.4086857730608906,1.5291716056623899,0.4106919480171163,0.6093075026280743,0.26743294110563687,0.41932344604816785,0.19969864636659623,0.2891651026904583,0.1118277695029974,0.3655076175928116,-0.01363520394079387,0.28830058425664895,-0.047781115770339964,0.20897402130067322
final__none,8,post_instr_2,all,0.30031845679489577,1.1032003571811764,0.33006209717541063,0.28526753070776734,0.26266607642173767,0.07558145374059677,0.3058146834373474,0.29636847972869873,1744,1883,420,830,0.2752,0.24560024391381752,0.3644806790855888,1.0396716037932818,1.1599131861527745,0.2631018268727725,0.4070802820359307,0.22976818968915622,0.3552737264088197,0.22077424749732016,0.31440995782613756,-0.02720574792474508,0.19482740089297293,0.19796573966741562,0.3839792393147945,0.19900654889643193,0.37211186438798893
final__none,8,post_instr_2,false_reject,0.22029088427983035,1.5019775642576643,0.28041224214947585,0.12859065688920418,0.1451147347688675,0.3345286250114441,-0.11254113167524338,-0.16280952095985413,1744,1883,302,198,0.222,0.14303319351312238,0.3089888468180089,1.4253869312431269,1.5754403088545161,0.19541214693190356,0.37079294154681924,0.05097551480007188,0.22398322128049172,0.09637105595320464,0.1995462585240602,0.16201923564076423,0.41053728610277174,-0.2363569527864456,0.03403748692944631,-0.27444994896650315,-0.011210449994541858
final__none,8,post_instr_2,or_bench,0.3843582485315216,1.2113880046412937,0.5087694112689671,0.36240322029507077,0.3024294972419739,0.2923569083213806,-0.06879362463951111,-0.16493457555770874,1744,1883,75,425,0.346,0.31482070805267687,0.47284288755049986,1.1348009819943778,1.2801987365035095,0.40368545048904286,0.6177303230099556,0.2919915561950476,0.4500747490624112,0.24949239417910576,0.35963428020477295,0.09714388269931079,0.37578087598085397,-0.24663098119199275,0.13833903558552263,-0.3480429694056511,0.08741431664675459
final__none,8,post_instr_2,xstest,0.2922942581063607,1.7229544080405008,0.36706670518477774,0.27676183104044344,0.16725730895996094,0.2025235891342163,-0.004816956352442503,-0.03924332559108734,1744,1883,43,207,0.24,0.09049376103895818,0.4998876014093036,1.6085692229869193,1.8178640108538484,0.16019872733091906,0.5917901235230209,0.0790634981893379,0.485278690779558,0.05711785033345223,0.27852819338440893,-0.037206353526562444,0.3404838219285007,-0.19535603262484075,0.22214179746806614,-0.21146545559167862,0.1784622102975845
final__none,8,post_instr_3,all,0.6922984020009713,1.2165038597129163,0.7703537527351447,0.6528006326686754,0.49460506439208984,0.21596500277519226,0.20836371183395386,0.11683836579322815,1744,1883,420,830,0.7064,0.6188468041891648,0.7532758349228237,1.157025717926669,1.2776671303393474,0.697591029293333,0.833433518714092,0.5816731188572056,0.7215374129485249,0.44343698769807816,0.5331592261791228,0.1076758049428463,0.31077661812305446,0.09985238425433636,0.3114266254007815,0.025082392850890756,0.21657867096364497
final__none,8,post_instr_3,false_reject,0.6303701347100132,1.4691080738906273,0.7280959904717257,0.48131349564993003,0.3943168520927429,0.4834199547767639,0.017342308536171913,-0.18855620920658112,1744,1883,302,198,0.602,0.5554255942299376,0.6975953215371965,1.410116286537602,1.5387882746711488,0.6488628805783715,0.7984985804417158,0.3869917077324072,0.5562042783824759,0.34367439299821856,0.43524972796440126,0.3635822519659996,0.5269693851470947,-0.09090222958475351,0.11498264987021684,-0.2769614890217781,-0.08792421612888576
final__none,8,post_instr_3,or_bench,0.7958631731061598,1.2807055183711344,0.9569234541927748,0.7674407829222325,0.5278140306472778,0.42951157689094543,0.1039641797542572,-0.1445065587759018,1744,1883,75,425,0.846,0.7217802296185348,0.8574640926226701,1.2111837084661399,1.3528775958889165,0.8590233346228336,1.0393296867938466,0.6925429025322289,0.8273721353027821,0.47928703054785726,0.565739668905735,0.25590807721018793,0.46941768229007713,-0.1272583119571209,0.2923709981143474,-0.3517507366836071,0.1065353101119398
final__none,8,post_instr_3,xstest,0.6090255519723196,1.6624092854626848,0.7417282689299961,0.5814592439537883,0.34399351477622986,0.3482345938682556,0.1091097816824913,-0.011374847032129765,1744,1883,43,207,0.636,0.4976303427323393,0.7151482259850237,1.5932974280048111,1.7308325502435211,0.5944888248090637,0.8699310414062541,0.4721335607592419,0.679323220577804,0.28601942881941794,0.39406182393431666,0.09218859933316709,0.45710171312093706,-0.06561611704528332,0.2495328292250633,-0.12417204305529594,0.10139410383999344
final__none,8,post_instr_4,all,0.39664987907362037,1.0346657359043088,0.49792912817954027,0.34540005922183237,0.357958048582077,0.2982720136642456,0.21276116371154785,0.1135139986872673,1744,1883,420,830,0.3184,0.34269893024427933,0.44587087801950354,0.991716643838546,1.076214129641439,0.44191967774577356,0.5485279750332146,0.29376207970538903,0.39859256728056497,0.31352060884237287,0.39671290367841716,0.22805812619626523,0.3483649022877216,0.11767344251275062,0.29289367496967306,0.009835157007910314,0.2027391623705624
final__none,8,post_instr_4,false_reject,0.39358349915042706,1.2480186843787953,0.4791283914793226,0.2631059148864794,0.3007647395133972,0.4098481237888336,0.008329136297106743,-0.12051891535520554,1744,1883,302,198,0.316,0.33648410243910376,0.44622097181372394,1.2005097525822304,1.2880303627590035,0.42395656680165084,0.534492930667293,0.1967960538176139,0.3212370661249109,0.26003299206495284,0.33478416353464124,0.3217156767845154,0.4386722147464752,-0.08309763241559266,0.0914242485538125,-0.20210271924734116,-0.02753486358560626
final__none,8,post_instr_4,or_bench,0.44726130816062315,1.1416529250512997,0.6211027432182524,0.4165834301188433,0.3647724390029907,0.44527119398117065,-0.04247124865651131,-0.22005654871463776,1744,1883,75,425,0.368,0.39326888360566453,0.4949038002143259,1.089525025938154,1.1923597048290921,0.5503183266279053,0.6856778857852173,0.36278181910601737,0.4655557716993855,0.3221310168504715,0.40400337502360345,0.30187733843922615,0.4742038078606128,-0.21977154016494752,0.1662562038749456,-0.38761658892035483,0.026161901978775805
final__none,8,post_instr_4,xstest,0.30155955366842313,1.3330585339499712,0.4151338425522793,0.2779667988359095,0.22064119577407837,0.2675614655017853,0.08742037415504456,0.029102517291903496,1744,1883,43,207,0.224,0.23397572825049986,0.36731368276882526,1.2904922641355268,1.3779507097566288,0.3160297607288735,0.5137294917125106,0.20992558878674325,0.33929242836275536,0.17173247039318085,0.2630503006279468,0.07894131671637297,0.3658830277621746,-0.038507637567818165,0.18512318283319473,-0.0830332238227129,0.1270270653069019
final__none,8,first_gen,all,0.34354379486288195,0.3387399929776099,0.8792659070552428,0.07245548041199525,0.712067723274231,0.9239556789398193,0.6046240329742432,-0.07590687274932861,1744,1883,420,830,0.2928,0.30423183374918034,0.37615815722475904,0.3182792998072531,0.36478303801812817,0.827067272911462,0.9348128857839302,0.02762882402375779,0.1204618581993183,0.6734325617551804,0.7360959947109222,0.9056677266955375,0.9314743623137474,0.5414614826440811,0.6471426963806152,-0.13532467633485795,-0.025970458192750828
final__none,8,first_gen,false_reject,0.6720094580288751,0.44076135419793294,0.9253456376813614,0.28560781862460916,0.8361876606941223,0.8301616907119751,0.5967041254043579,-0.17771542072296143,1744,1883,302,198,0.498,0.6287875697412788,0.7137268513734851,0.4153574853437675,0.47080477587278885,0.8702783784421576,0.9764424635178623,0.21513091355013578,0.34409338950045526,0.8112568944692612,0.8523114249110222,0.7704804167151451,0.8660243257880211,0.4986539915204048,0.669083522260189,-0.2600997522473335,-0.09588726125657564
final__none,8,first_gen,or_bench,-0.042765652551332335,0.4142575314257425,0.7150122357876303,-0.1764911561809796,-0.10268869996070862,0.9325329065322876,-0.3159385323524475,-0.22134807705879211,1744,1883,75,425,0.14,-0.08705195628569941,0.008874920658882358,0.38462608780684826,0.4666092450397848,0.587547457853254,0.8852540416154692,-0.22733871656800198,-0.1268482046466971,-0.1981307163834572,0.021910552121698644,0.8926740735769272,0.9364467427134514,-0.4222423151135445,-0.17297903187572963,-0.2849153995513916,-0.15222053937613966
final__none,8,first_gen,xstest,0.45923123052847314,0.6282641090561549,0.8421248071591224,0.3796929434820669,0.5901130437850952,0.7362883687019348,0.0957990437746048,-0.41952893137931824,1744,1883,43,207,0.188,0.41375055993423454,0.5070197647916708,0.5986594415275726,0.6726207311767267,0.7274190018925317,0.9576829854147293,0.3361116785783249,0.43341252817404075,0.5374361351132393,0.6316405147314071,0.6085224032402039,0.7517470180988312,-0.005051260255277156,0.16805372871458527,-0.4759634010493755,-0.32834132835268975
final__none,16,last_prompt,all,0.24095765139723868,1.0220123686566127,0.46385367415098266,0.12816687631918627,0.229476198554039,0.5132690668106079,0.25909850001335144,0.14518997073173523,1744,1883,420,830,0.1728,0.20594521299815885,0.280613754925702,0.9831313227818005,1.0691107033749798,0.4186737730293865,0.5133659980268458,0.09497108796688729,0.16941480000575143,0.1982450671494007,0.2644057288765907,0.45672329887747765,0.5290127113461494,0.18114746697247028,0.3155697807669639,0.06695272438228131,0.21129133030772207
final__none,16,last_prompt,false_reject,0.39816383292752267,1.2679440138217175,0.505727486704291,0.2341021044710341,0.29959866404533386,0.4474734663963318,0.08762162178754807,-0.04867677763104439,1744,1883,302,198,0.33,0.3548770932925443,0.44398710028094684,1.2097430141443144,1.3179501982005921,0.4568026620867188,0.5592773546638858,0.1872949625649781,0.28311294524319697,0.2686921313405037,0.32835389450192454,0.352865132689476,0.4634887523949146,-0.011116360523737967,0.16445357427000995,-0.1455747067928314,0.04060032097622751
final__none,16,last_prompt,or_bench,0.10470323689618981,1.239606072984129,0.3272965318904777,0.06542208382090171,0.08416523039340973,0.39145994186401367,-0.06345317512750626,-0.09674376249313354,1744,1883,75,425,0.058,0.06839633948890773,0.1517463021020072,1.1787769783696975,1.2925744085377167,0.2582285021241727,0.40606637471728035,0.031602618502469114,0.11058504708593586,0.05525990193709731,0.12071988452225924,0.26865574792027475,0.41145886555314065,-0.15515341907739638,0.07966734748333686,-0.18525061272084714,0.048791290633380384
final__none,16,last_prompt,xstest,0.19905402310444645,1.1649314286609846,0.40794384780297577,0.1556614454067402,0.16843074560165405,0.3464377224445343,0.0805744081735611,0.02254573628306389,1744,1883,43,207,0.088,0.1538761176689706,0.25183412783494397,1.1221171528787084,1.2204470009680541,0.33514103136553597,0.47812771872914384,0.10866308151900227,0.2052822767033014,0.1324946939945221,0.20635920017957685,0.21874651424586772,0.3581683337688446,-0.021372910356149074,0.15146019496023647,-0.06788521278649569,0.10445051137357945
final__none,16,post_instr_0,all,0.31315709018800303,0.6441149611793165,0.609937203129802,0.16297918627517397,0.4372442960739136,0.7140545845031738,0.44318169355392456,0.14562344551086426,1744,1883,420,830,0.2616,0.29279049082947595,0.33536190469827676,0.6212172837681436,0.6713930163935294,0.5756313179458394,0.6428563210860371,0.14484163776243747,0.1857594656725597,0.4161487713456154,0.4587075367569923,0.6794963777065277,0.7220273524522781,0.38662491291761397,0.48400534987449645,0.0956495577469468,0.1916289299726486
final__none,16,post_instr_0,false_reject,0.5116204878812819,0.8447398284506252,0.6551357833577643,0.2927234040576858,0.5180476903915405,0.6400356888771057,0.31222712993621826,-0.022612793371081352,1744,1883,302,198,0.496,0.48153228194369213,0.5427167589956077,0.8236479619562624,0.8744150786191002,0.6169145969116365,0.6933433296980994,0.25612435353421376,0.32966512835599204,0.49316869452595713,0.5392353489995002,0.5796282649040222,0.6478065773844719,0.23899562135338784,0.353763423115015,-0.08635484352707863,0.030831058043986528
final__none,16,post_instr_0,or_bench,0.15949804063066886,0.7806979286548975,0.48592767797958425,0.10189282051971933,0.20016717910766602,0.6103945374488831,0.09683284163475037,-0.02587168850004673,1744,1883,75,425,0.086,0.13662640498973858,0.18537056025833673,0.754365324689448,0.8170490432239167,0.4273863915626432,0.5533852251752754,0.07824792114394623,0.12587292423141772,0.1736248206347227,0.22980872206389902,0.51842050999403,0.6239196062088013,0.02112962901592255,0.17986087054014205,-0.09632681477814913,0.05434422194957733
final__none,16,post_instr_0,xstest,0.22354833385942988,0.8040593620455404,0.5087914977672526,0.16429492812496146,0.2678646743297577,0.5906206369400024,0.2173062413930893,0.061341483145952225,1744,1883,43,207,0.144,0.19321288086453675,0.2551273367515398,0.7751039129431135,0.8439543778255302,0.44382907483338335,0.5687273161765404,0.13270008069019046,0.19819791403199255,0.23682072684168815,0.3010558933019638,0.43868801444768907,0.5980493426322936,0.10291581135243177,0.2762354619801044,-0.03163008489646017,0.13048537373542776
final__none,16,post_instr_1,all,0.308250752837751,0.49475452495775607,0.5648803928017091,0.17838994020392948,0.5288007855415344,0.7382285594940186,0.48991793394088745,0.11728144437074661,1744,1883,420,830,0.2408,0.2899999795159164,0.3253333802181579,0.48210135346565086,0.5121873644797905,0.5377145879860705,0.5898084879958757,0.16145281206963907,0.19670123218702076,0.5084552451968193,0.5466844275593757,0.7024557903409004,0.7507181823253631,0.44153898730874064,0.5190913319587708,0.07154678963124753,0.15374118834733957
final__none,16,post_instr_1,false_reject,0.45980117959724803,0.6386128595897008,0.5893011109049245,0.26228110227970247,0.584304690361023,0.688927173614502,0.4088357090950012,0.007753615267574787,1744,1883,302,198,0.436,0.43484403155579215,0.4817833046447275,0.6256385370480724,0.6582873459404247,0.5585988281832163,0.6170053502263971,0.23135339617751666,0.29306318579486657,0.5599480107426643,0.6020544201135636,0.6243804663419723,0.6961712807416915,0.33300387039780616,0.44276251569390296,-0.04140808302909136,0.04884317032992839
final__none,16,post_instr_1,or_bench,0.1784335154363541,0.6075038036147972,0.5047276725805063,0.12085220122292066,0.28181153535842896,0.6836580634117126,0.11548370122909546,-0.0804392471909523,1744,1883,75,425,0.092,0.16048852718187892,0.19795978982025705,0.588486679276819,0.6324908389503303,0.46077969058028834,0.5583914621803777,0.10153245130649619,0.14144370986176089,0.25426266714930534,0.3087653025984764,0.5999838411808014,0.6965224146842957,0.04608485652133822,0.18180456981062884,-0.13496407754719258,-0.004809027211740617
final__none,16,post_instr_1,xstest,0.2647843481607332,0.6009455047936426,0.49828528799425376,0.2162793122294039,0.40320849418640137,0.5705168843269348,0.29237377643585205,0.06811932474374771,1744,1883,43,207,0.148,0.23859909322978035,0.2897229747014638,0.5855491087289594,0.6279943384461909,0.4472200623480717,0.545043905952528,0.1874054355543809,0.24449291308854212,0.36964619979262353,0.4268395625054836,0.416935558617115,0.58937206864357,0.17000958174467087,0.338289775699377,-0.01228132357355207,0.13208439499139785
final__none,16,post_instr_2,all,0.4300764169415117,0.6249924061823277,0.6461062317077442,0.32076017807711343,0.566881537437439,0.5648437738418579,0.4780992865562439,0.1916726529598236,1744,1883,420,830,0.3496,0.40813516868182514,0.45370658912600204,0.6065104083620321,0.6490228649019059,0.6094283601769478,0.6788350493316623,0.3013049244673858,0.3441090040496722,0.5450435057282448,0.5891327455639839,0.50106360912323,0.5925890922546386,0.4150500364601612,0.510389332473278,0.12968310825526713,0.24585444852709767
final__none,16,post_instr_2,false_reject,0.5175423270161378,0.8959819796817303,0.6303214811300244,0.3455257695715986,0.5001789927482605,0.575536847114563,0.2980653643608093,0.01177234947681427,1744,1883,302,198,0.494,0.4820775389728999,0.5507165264633485,0.872987937073474,0.929063818766217,0.5896634337542385,0.6693659983662763,0.30772607197236,0.38351966852162983,0.4719490818679333,0.5231606498360634,0.4758100397884846,0.5811586290597915,0.19647198133170604,0.3481814056634902,-0.061390815768390894,0.07528050057590006
final__none,16,post_instr_2,or_bench,0.4006349465431643,0.8013639683069458,0.7627725789792615,0.33672830552502947,0.44717156887054443,0.64697265625,0.17370882630348206,-0.1292404979467392,1744,1883,75,425,0.29,0.3746680316519255,0.4323133366439469,0.7753564357815828,0.8346330154636216,0.7078364537037178,0.8219770909982768,0.30843844802702486,0.3689939944175154,0.41858450025320054,0.47233173400163647,0.5501503765583038,0.6467277780175209,0.07870413009077311,0.23816263936460014,-0.1994411088526249,-0.030330363102257257
final__none,16,post_instr_2,xstest,0.31402770279334186,0.7825410326497222,0.5534790391977147,0.26428657806865496,0.3724243640899658,0.5011945962905884,0.2761352062225342,0.09641385078430176,1744,1883,43,207,0.18,0.28204989076692677,0.3464663646854871,0.7587914005755639,0.8205905428511215,0.4848935243675021,0.6205995271844519,0.22867487903366238,0.2944384621398791,0.33313949331641196,0.399068309366703,0.3111272603273392,0.5328642427921294,0.14617035686969757,0.32463437542319296,-0.005964904173742979,0.1605182077735662
final__none,16,post_instr_3,all,0.3880882060743941,0.4696250333453083,0.6689066503175306,0.24598730167232408,0.6370152235031128,0.8333637118339539,0.460357129573822,-0.09146806597709656,1744,1883,420,830,0.3528,0.36670842133598947,0.4088569733049458,0.45644499609317457,0.4867380608379259,0.6358315768211711,0.6992741054936357,0.22211821625597855,0.2695542121556091,0.6157578840851784,0.6542064279317856,0.7955334633588791,0.8524659827351571,0.4076822727918625,0.5033515453338623,-0.13055493719875813,-0.04921390675008298
final__none,16,post_instr_3,false_reject,0.5056421982156617,0.5406640101735017,0.6595608787564137,0.2708772689221767,0.6830560564994812,0.8250674605369568,0.4324105978012085,-0.1795768439769745,1744,1883,302,198,0.498,0.4769913477525661,0.5330146894532508,0.528249043936388,0.5579584099099267,0.6226304068364658,0.6991847374662145,0.23240209215500734,0.31237490142807833,0.656499944627285,0.7048417598009109,0.7937200635671615,0.832207664847374,0.3803231410682201,0.46943244561553,-0.209396406263113,-0.14195201173424726
final__none,16,post_instr_3,or_bench,0.2623196461796984,0.5447100303372158,0.6835474030244213,0.1879853348176882,0.43388527631759644,0.8372820615768433,0.24235175549983978,-0.13422508537769318,1744,1883,75,425,0.19,0.23755214390064242,0.29174377793890754,0.5245365586647481,0.5664047180737274,0.6253445175520287,0.7540057624866404,0.15894606638689043,0.21988031319045656,0.3978133276104927,0.46785064339637755,0.8013659507036209,0.844750152528286,0.15722113996744155,0.316672845184803,-0.21898846179246903,-0.04691451825201513
final__none,16,post_instr_3,xstest,0.4045172511012323,0.6107655831822567,0.7090076205890539,0.3412656562099513,0.5521841049194336,0.8205192685127258,0.41032302379608154,-0.051281750202178955,1744,1883,43,207,0.388,0.37070926233731927,0.43700737165662906,0.5898527887087021,0.6362878597741426,0.6511551327920753,0.7620295012554713,0.30317790474102607,0.37783271042363326,0.5208165422081947,0.5795437470078468,0.7281700521707535,0.8239948332309722,0.30120508670806884,0.4630685158073902,-0.13336616344749927,0.029269010014831957
final__none,16,post_instr_4,all,0.3089610483867514,0.5826438336865568,0.5933059317627186,0.16507571270117005,0.4684827923774719,0.7753161787986755,0.43540191650390625,0.08169987797737122,1744,1883,420,830,0.2448,0.2903372394828539,0.3263569687252993,0.5597519565936366,0.606036613770965,0.5635559867803235,0.6192004961487951,0.1465486776041547,0.18576117048021765,0.4468413583934307,0.4877418719232082,0.7418726563453675,0.7893149226903915,0.3810134053230286,0.48499970510602,0.025049976725131276,0.14567478075623505
final__none,16,post_instr_4,false_reject,0.45845203327678113,0.7487817046388746,0.6022010739287929,0.23919833332093648,0.5221656560897827,0.7378303408622742,0.2483983337879181,-0.160488098859787,1744,1883,302,198,0.418,0.42696136388111683,0.48532124722441844,0.726666432217769,0.7759346815125358,0.5642175210466055,0.6343401693013804,0.20227630237101904,0.27343684651964384,0.49531415551900865,0.5437756508588791,0.6878849312663078,0.7506275564432144,0.18107942417263984,0.29265424683690067,-0.21185205318033695,-0.11050782930105926
final__none,16,post_instr_4,or_bench,0.18307115099444238,0.6626311149365435,0.5652290139739671,0.11563153723104165,0.26630252599716187,0.7476880550384521,0.07357005029916763,-0.13024437427520752,1744,1883,75,425,0.1,0.16054832486146609,0.20693258511864343,0.6349518666143272,0.6983762334444864,0.5081023058753701,0.6303485559220274,0.09366757651940398,0.14030014766323848,0.23406527936458588,0.2967876560986042,0.68905760794878,0.7624466776847839,-0.011805227282457052,0.1572926145046949,-0.20871685184538363,-0.028986558783799462
final__none,16,post_instr_4,xstest,0.26175892974067794,0.6401076383611074,0.5798036652784436,0.19569167665740958,0.3785049021244049,0.7159612774848938,0.22481465339660645,-0.04989221692085266,1744,1883,43,207,0.188,0.23117810747413686,0.29564005812934563,0.6217568020935597,0.6735397733486921,0.5050331112420916,0.6324399290486095,0.1661233674969383,0.23129293586424943,0.3458729192614555,0.41240672320127486,0.5998323008418083,0.7234842464327812,0.1069638792425394,0.2882071897387504,-0.12836684100329876,0.038381442986428725
final__none,16,first_gen,all,0.29407660949482006,0.3545723044155305,0.72631149663246,0.07535532789047635,0.6383886933326721,0.8580708503723145,0.5338013172149658,-0.01816428452730179,1744,1883,420,830,0.2656,0.26954678588722303,0.31275407180686626,0.3409040618132217,0.3733552527968827,0.6858215217030994,0.7645912660762345,0.05502649631805102,0.09612257477499786,0.6073312401771546,0.6621589347720146,0.842685018479824,0.864585816860199,0.4819393791258335,0.5710188016295433,-0.062467909511178726,0.022075628722086533
final__none,16,first_gen,false_reject,0.5290350714249192,0.4762873020461974,0.7543972206780336,0.18530094770875646,0.74318528175354,0.7891764640808105,0.5318304896354675,-0.08171427249908447,1744,1883,302,198,0.472,0.496738445622471,0.5609566638489645,0.45948358096000347,0.49721701913251526,0.7115032379649886,0.7972457101679918,0.14659735112689373,0.22215073587130918,0.7165169239044189,0.7644862309098244,0.7510796129703522,0.8045239537954331,0.4535964623093605,0.5765090972185135,-0.14265121035277845,-0.029708452941849834
final__none,16,first_gen,or_bench,0.07349570340844436,0.45511725694229266,0.6630361084488211,-0.030540830283409686,0.15942205488681793,0.8560792207717896,-0.1007755771279335,-0.2403271645307541,1744,1883,75,425,0.12,0.05110098370596452,0.09956399516705026,0.4337853061564489,0.4852803888079496,0.5669681116866732,0.7748783240072946,-0.053047204661814444,-0.006818304334123132,0.10983335133641958,0.2182226985692978,0.8204947590827942,0.862071517109871,-0.16927262097597123,-0.0228837248869241,-0.2868225425481796,-0.18767949752509597
final__none,16,first_gen,xstest,0.26532151480553556,0.5466932208944998,0.6394230769230769,0.18760960415222955,0.436617374420166,0.7501298785209656,0.08224283903837204,-0.2726367115974426,1744,1883,43,207,0.144,0.23426122882947054,0.30096867195589344,0.5245606191839821,0.5811453534578486,0.5465555331889551,0.7353691242651306,0.1589668771548328,0.22275655480162604,0.3828477971255779,0.48404759690165516,0.6405939564108849,0.7547708928585053,-0.014616804849356412,0.16380705572664733,-0.3484967574477196,-0.17848095074296
final__none,19,last_prompt,all,0.11926888055519468,1.004052825305691,0.30388468254087686,0.025848853824432538,0.11795814335346222,0.5142198204994202,0.1857568621635437,0.1259799748659134,1744,1883,420,830,0.0936,0.08500267440218173,0.16333527815818025,0.9598526767806329,1.0473468420061498,0.26304239287682446,0.35666971583063656,-0.009119080329706718,0.06933923012869463,0.08653216119855642,0.15936743095517153,0.44579441100358963,0.5427972018718719,0.10627881698310375,0.25344103276729574,0.03507913993671537,0.19815725013613694
final__none,19,last_prompt,false_reject,0.21875359391138086,1.2180243055445452,0.31654681324555756,0.06959425594765152,0.17676886916160583,0.4631885290145874,-0.04922958463430405,-0.13320453464984894,1744,1883,302,198,0.148,0.17483087423294819,0.2632024748782043,1.1558039787841998,1.2682131338269107,0.2691402068452177,0.36591761511266935,0.01604161564082097,0.12466445019120458,0.1425248060375452,0.21334050223231313,0.3661435849964619,0.4923563316464424,-0.13537578023970126,0.049272829107940175,-0.22453078888356687,-0.027178974496200707
final__none,19,last_prompt,or_bench,0.0028127253421265574,1.1401791156440908,0.21760840893461728,-0.03509239605321053,0.002466905862092972,0.42626887559890747,-0.141111359000206,-0.14216335117816925,1744,1883,75,425,0.052,-0.03211234143376411,0.05094404651336514,1.0912140656019491,1.193971014536965,0.14543740464769428,0.29518986859085666,-0.07022085099119148,0.01283904474303368,-0.02887398828752339,0.042868255171924795,0.3020846962928772,0.44062883555889126,-0.21417516879737378,-0.015475343144498832,-0.21429117321968078,-0.016429658327251684
final__none,19,last_prompt,xstest,0.15321181604199166,1.1423052580554571,0.3654371238602857,0.10912634490808078,0.13293471932411194,0.40146470069885254,0.00905094388872385,-0.04471449926495552,1744,1883,43,207,0.068,0.10623339388064564,0.2086457571288547,1.0973665590929724,1.1980489524566802,0.2918993850728206,0.42806957086535663,0.05737465321645233,0.16677470594248958,0.0913343831896782,0.17751718536019323,0.27430040016770363,0.4006000027060509,-0.0709397753700614,0.10005285330116746,-0.11199904810637236,0.0573990487493574
final__none,19,post_instr_0,all,0.2968904820454442,0.6483710833648715,0.5856809020266007,0.1507555718550518,0.41633060574531555,0.7022572159767151,0.42493656277656555,0.14580228924751282,1744,1883,420,830,0.2624,0.2750065003141129,0.3204673302268739,0.6249786124802226,0.675078545858026,0.5495748237394593,0.6178154144623732,0.130762859327457,0.1764954883617547,0.39379491806030276,0.4394772961735725,0.665877228975296,0.7089038789272308,0.3705775186419487,0.4671315990388393,0.09416590481996537,0.19251522980630398
final__none,19,post_instr_0,false_reject,0.4887382247051733,0.8432391342601068,0.6323287686441056,0.26972638765563306,0.501456618309021,0.6312057375907898,0.3084868788719177,-0.009287580847740173,1744,1883,302,198,0.496,0.4574868423267097,0.5194067074721092,0.8220193670623606,0.8717358251464689,0.5928705651461132,0.667997923126282,0.23203240951750695,0.311777703980672,0.4744888685643673,0.5255165711045265,0.5681874945759773,0.6359031736850739,0.23696709275245667,0.3434588111937046,-0.07167064491659403,0.04193575996905556
final__none,19,post_instr_0,or_bench,0.14713606244687866,0.7624387610999988,0.4508206705035363,0.09354467358390624,0.18948473036289215,0.5908655524253845,0.05361991375684738,-0.05941649153828621,1744,1883,75,425,0.094,0.12098135334848088,0.1731955270096316,0.737214537117517,0.798292239481494,0.3864588623460112,0.517402283646802,0.06841893909232594,0.1195911844694833,0.15646968856453897,0.22088687084615227,0.49281998798251153,0.6040056139230727,-0.024834378436207772,0.14051828533411023,-0.13611558713018895,0.030698923859745233
final__none,19,post_instr_0,xstest,0.21270383592311715,0.8002477003216316,0.49328261369432386,0.15441934236621005,0.2568783164024353,0.571176290512085,0.19158029556274414,0.046414975076913834,1744,1883,43,207,0.132,0.18044399124130903,0.2452002882323783,0.7704773628411363,0.8377386530269157,0.4229151845675459,0.5527717728691929,0.12088592852274858,0.18919897872259897,0.2199067059904337,0.28879149854183195,0.40947166457772255,0.578813362121582,0.07152004931122065,0.2558585874736308,-0.050047345273196694,0.13283787891268728
final__none,19,post_instr_1,all,0.29332964322653077,0.5027870699058234,0.5234646389271796,0.17687578450803387,0.5039186477661133,0.6854381561279297,0.4509705901145935,0.12221750617027283,1744,1883,420,830,0.2064,0.27635031647175706,0.31129830203971226,0.4904318006071612,0.5201143044157285,0.4967776441966401,0.5508810896762383,0.1596701673713509,0.19528428981255347,0.48231042772531507,0.5230910032987595,0.6379511684179306,0.6950080335140228,0.39645553678274154,0.48075067251920695,0.07277027312666177,0.16328919939696787
final__none,19,post_instr_1,false_reject,0.42621409431363577,0.6318613810222914,0.5421696141979166,0.24935253559973186,0.5592093467712402,0.6062982082366943,0.36861908435821533,0.035670094192028046,1744,1883,302,198,0.382,0.40092168190056077,0.4484693140353676,0.6189568019211471,0.6548204545857705,0.5122904647492388,0.5692416276218705,0.22136891175658846,0.27868949561973705,0.5330409646034241,0.5763585343956947,0.5222676962614059,0.612711638212204,0.28871878907084464,0.40463589429855346,-0.023326181434094907,0.08470740988850592
final__none,19,post_instr_1,or_bench,0.17863589495978843,0.6461060728078447,0.48316785143489027,0.12489495986109521,0.2664831280708313,0.6194228529930115,0.1369209587574005,-0.029200688004493713,1744,1883,75,425,0.076,0.16046586036181676,0.2009946790504456,0.6266105766467089,0.6745176410174095,0.435931013696382,0.543472293272122,0.10659148646368231,0.14443023417428613,0.2394481163471937,0.29422472789883614,0.5111442595720291,0.6366444140672683,0.0616059547290206,0.19643456451594823,-0.0966931102797389,0.04939644671976565
final__none,19,post_instr_1,xstest,0.25694827392244424,0.5821622599199885,0.46237973299256346,0.21427410732505944,0.4037874937057495,0.4694860279560089,0.27624085545539856,0.09473465383052826,1744,1883,43,207,0.116,0.2327366606081402,0.2828901634322345,0.5710321916459923,0.615457891686452,0.4093912681714256,0.5089354736750961,0.1877901433463669,0.23962119576544638,0.36698717772960665,0.4239505551755428,0.32049155309796334,0.48644030913710584,0.1375967025756836,0.3180065408349037,-0.005749044986441729,0.1594433169811964
final__none,19,post_instr_2,all,0.48222210467054677,0.6714688542082964,0.6791625837341336,0.382565484795163,0.5833200216293335,0.5074341297149658,0.4391823410987854,0.17628461122512817,1744,1883,420,830,0.4352,0.4596560009614073,0.506331335612839,0.6515563146408218,0.696108255294416,0.6425704339585688,0.7113531779466499,0.3599911772210206,0.41122306631880273,0.5610861271619797,0.6048934489488602,0.4389716625213623,0.5370774328708648,0.3642809346318245,0.47540707513689995,0.10686926618218422,0.22557036206126208
final__none,19,post_instr_2,false_reject,0.550908250718488,0.9472136017176068,0.660292893046888,0.38406900303231134,0.5027586817741394,0.5297094583511353,0.2561222016811371,-0.011792569421231747,1744,1883,302,198,0.538,0.5139016811398633,0.5812430446862993,0.9220575978911542,0.9809476256955217,0.6162681521331398,0.6988761633077447,0.34595723424654373,0.42002829128815894,0.4740663908421993,0.5247340619564056,0.4187777616083622,0.5305195033550262,0.15170395150780677,0.3014793902635574,-0.08419737797230482,0.057728567253798206
final__none,19,post_instr_2,or_bench,0.4910463833810461,0.8906448111870218,0.8388227107749382,0.4296740360383614,0.482818067073822,0.6028159856796265,0.19591206312179565,-0.10864011943340302,1744,1883,75,425,0.448,0.4592899358747168,0.5249647089349344,0.8601041471107864,0.9294058963519684,0.7738051345137339,0.8997974508474184,0.394634434550952,0.466665125758963,0.4516610145568848,0.5071627870202065,0.4863078862428665,0.5939742594957351,0.08244008515030146,0.2748865775763988,-0.192414104193449,0.01066517287399608
final__none,19,post_instr_2,xstest,0.3272011992358495,0.8277980019758642,0.5332117158113441,0.2844067634164175,0.36759305000305176,0.41837450861930847,0.2265048325061798,0.07818743586540222,1744,1883,43,207,0.204,0.2897932550766626,0.36070609206180665,0.807047263922199,0.8680953995204926,0.46239454030603105,0.5978437878688523,0.24977375683141292,0.3182049735403236,0.3268159948289394,0.3947929352521896,0.2412175714969635,0.4531037703156471,0.10582086574286223,0.2683273069560528,-0.01804559649899602,0.1337478287518024
final__none,19,post_instr_3,all,0.35160662762084927,0.442884123333844,0.628488460280493,0.211497755078792,0.6217786073684692,0.8339080214500427,0.4777508080005646,-0.052037376910448074,1744,1883,420,830,0.2856,0.33237185997994856,0.37027721467605224,0.4304000801337623,0.45955416982845587,0.5962316353839433,0.6579245148248359,0.18939730961108614,0.233311274169966,0.6011283904314041,0.6381873190402985,0.8001133993268013,0.8511369526386261,0.4333192765712738,0.5141884028911591,-0.08906062785536051,-0.012177644832991073
final__none,19,post_instr_3,false_reject,0.4769894789445671,0.5259292577824376,0.6275949394707311,0.24727823889754763,0.6718025207519531,0.8186264634132385,0.42393022775650024,-0.1701362431049347,1744,1883,302,198,0.432,0.44891790286149463,0.5034060605007628,0.5132500750032862,0.543024840727396,0.5917846963129683,0.6662446802350875,0.2134331754542122,0.28448986956537564,0.6461273699998855,0.6942136093974114,0.7893897742033005,0.8267443269491196,0.37387530207633973,0.46530422046780584,-0.20313407555222512,-0.13568609096109868
final__none,19,post_instr_3,or_bench,0.21729091529133204,0.4977275809931177,0.6116326171390257,0.1477012032005626,0.4001001715660095,0.8130847215652466,0.22919543087482452,-0.1048804521560669,1744,1883,75,425,0.144,0.1946492607886329,0.2423705332000786,0.47655626386356675,0.5195695806427021,0.5542293294762943,0.6805437527744838,0.12258228841232455,0.17530453848116925,0.36463712677359583,0.4340078763663769,0.766747260093689,0.8286004662513733,0.1498584859073162,0.30499560013413424,-0.18556070774793626,-0.013965832116082417
final__none,19,post_instr_3,xstest,0.36947232340795844,0.5682353114453119,0.6641640461408356,0.3082561564087303,0.545112133026123,0.8073813915252686,0.4247647523880005,-0.01830785721540451,1744,1883,43,207,0.276,0.33920350919122527,0.39937583463103093,0.5483352822604022,0.5907441325155447,0.6137697531531482,0.7153184327438266,0.2750175882196292,0.341898073122684,0.5146203458309173,0.5688214570283889,0.7255069851875305,0.8148298501968384,0.3133201628923416,0.47538090124726295,-0.11730466261506081,0.06331979483366011
final__none,19,post_instr_4,all,0.29656683482892693,0.537373887042375,0.6023521089986231,0.1418320611575955,0.4831830859184265,0.7886266112327576,0.5189166069030762,0.15746718645095825,1744,1883,420,830,0.2384,0.2794283214559653,0.3138262341624941,0.5166759019721919,0.5590612565006319,0.5744865487902806,0.6310750895828892,0.1259225702368774,0.15911182531901383,0.46182024478912354,0.5018577724695206,0.7640453726053238,0.8017606347799301,0.47094919383525846,0.5618932291865348,0.10967041365802288,0.21366089805960642
final__none,19,post_instr_4,false_reject,0.4723844413684983,0.7136976721369551,0.6308608814756756,0.2306678488015247,0.551935613155365,0.7668763399124146,0.3746229410171509,-0.05833332985639572,1744,1883,302,198,0.434,0.44402298941099916,0.49676124439462643,0.6951597511166799,0.7369148754290012,0.5970228682746831,0.6635531329504047,0.19770129239854686,0.26253403440243517,0.5272830426692963,0.5704871192574501,0.7234029263257981,0.7786020219326019,0.3113569922745228,0.41638857945799823,-0.11141598504036665,-0.013385718339122865
final__none,19,post_instr_4,or_bench,0.16031857669366062,0.5995392367571337,0.5437628620173632,0.09265194055355552,0.2583267092704773,0.7493895888328552,0.13596415519714355,-0.05964777618646622,1744,1883,75,425,0.096,0.1403690666248294,0.18059761900703183,0.5724077291082442,0.6330220375207471,0.4847649781861672,0.608329145182264,0.073716762287457,0.11107263929339428,0.22901094183325768,0.28662752732634544,0.68218082934618,0.7700294092297554,0.0525284281000495,0.21183931045234194,-0.1419589776545763,0.03741632234305133
final__none,19,post_instr_4,xstest,0.21742805484167485,0.582069731497022,0.50431875985303,0.15783240867796117,0.34992653131484985,0.6953096389770508,0.26856139302253723,0.026958512142300606,1744,1883,43,207,0.132,0.19240899378399828,0.2445826506322157,0.5650219401946435,0.61306448043668,0.44380585696730174,0.551856548744884,0.13234691178139588,0.18789792289947052,0.31769658252596855,0.37832240834832187,0.5717698335647583,0.7077163010835648,0.15771434903144838,0.3282079979777336,-0.05510582271963358,0.10111648514866826
final__none,19,first_gen,all,0.27467689053974115,0.33047180643090907,0.7096935047489321,0.05454806541082197,0.6392002105712891,0.856773316860199,0.589264988899231,0.05411343649029732,1744,1883,420,830,0.2632,0.25242646146264486,0.2935435100416674,0.31724736018314276,0.3487924486934107,0.6669287786890384,0.751892725211545,0.03765548417812342,0.07148320908890425,0.6071983873844147,0.6635506257414817,0.8407741248607635,0.8643759042024612,0.5378482520580292,0.6227219149470329,0.015827604662626983,0.09421801362186669
final__none,19,first_gen,false_reject,0.5053700600246163,0.4738598117211085,0.7462582480453221,0.13795481447230354,0.7294829487800598,0.7966412305831909,0.5590672492980957,-0.03226469084620476,1744,1883,302,198,0.468,0.4725214540292556,0.5352284174814883,0.45720019215925667,0.49690941234295716,0.7002803864945685,0.7915636743753756,0.10300768269775966,0.17456937157459482,0.7012190133333206,0.7531388953328132,0.7644343420863151,0.8092753529548645,0.49508243799209595,0.609595288336277,-0.09280918184667826,0.025809739949181662
final__none,19,first_gen,or_bench,0.07964456004891977,0.40255399410792597,0.6450474791236092,-0.02013243171020133,0.194085955619812,0.8550915718078613,-0.015911761671304703,-0.18539848923683167,1744,1883,75,425,0.12,0.05900683653129435,0.10386490077040372,0.38282013891435607,0.43114741784614397,0.5497569929981243,0.7536113062036613,-0.039398166389987783,-2.0503823335907864e-05,0.144173426553607,0.25455666854977604,0.8172071978449822,0.8641506373882294,-0.08919126149266958,0.062080191820859866,-0.2308791723102331,-0.14108136482536793
final__none,19,first_gen,xstest,0.20335529752900533,0.49964255569909444,0.5656441698328292,0.1280972127535399,0.376974493265152,0.7427119016647339,0.0645495057106018,-0.23259387910366058,1744,1883,43,207,0.14,0.17212285386244217,0.23836923596168433,0.47845479257568885,0.5334737024623524,0.46564628907136585,0.6662590077466698,0.10094950642477478,0.15930158095864752,0.31912621930241586,0.4270531594753265,0.6367432251572609,0.7477089062333107,-0.0337783757597208,0.1459541894495487,-0.30482832342386246,-0.13518227189779292
final__none,24,last_prompt,all,-0.04338409598539444,1.196425265915381,0.12308951321418796,-0.12762373945579003,-0.03623761609196663,0.4781983196735382,0.1374584287405014,0.15488892793655396,1744,1883,420,830,0.0352,-0.09059314352012884,0.01701368389955432,1.1336870992695736,1.2520914962949783,0.06624911628209364,0.19350440749187323,-0.17073376773107954,-0.07041707014690506,-0.07822975758463144,0.013678269274532785,0.39936883598566053,0.5115879565477371,0.027497355779632925,0.22714051827788354,0.04131685756146908,0.24638596884906291
final__none,24,last_prompt,false_reject,0.020309459411611257,1.421780339461748,0.11793088193145351,-0.1285878183430249,0.014283070340752602,0.4113290309906006,-0.1557168811559677,-0.16160841286182404,1744,1883,302,198,0.06,-0.03135321859752041,0.08789387607733004,1.3387064681220895,1.5016423420103462,0.05260495958796997,0.19173789826630863,-0.19467478029934213,-0.058508613436225716,-0.02184529318474233,0.06025211215019221,0.32053355053067206,0.45031688585877416,-0.26050533801317216,-0.024760814104229246,-0.2714575842022896,-0.03363531045615682
final__none,24,last_prompt,or_bench,-0.13504911845087048,1.2306101445256925,0.08899500751871006,-0.17458634613288807,-0.10908669233322144,0.39314186573028564,-0.249919593334198,-0.20827600359916687,1744,1883,75,425,0.018,-0.1782125096565762,-0.07823316913038593,1.1660453879817034,1.3038393287178502,0.01408498624242209,0.17251767988048458,-0.21449237783204775,-0.1190594948751134,-0.14197545126080513,-0.06247351858764887,0.2902625024318695,0.4075277648866176,-0.3206315688788891,-0.10719437617808586,-0.2778889566659927,-0.07489933129400028
final__none,24,last_prompt,xstest,0.012558889472958494,1.4109942713429378,0.21878707253533558,-0.03028078281297308,0.008900378830730915,0.38006991147994995,-0.07615780830383301,-0.07954371720552444,1744,1883,43,207,0.02,-0.04896481477424526,0.08710917912406262,1.34478609666046,1.4853137373278005,0.12692828519626248,0.30289659438659144,-0.09263439222621948,0.04560044952937147,-0.03487943829968571,0.06144519289955495,0.2602070339024067,0.38486371710896494,-0.1808630034327507,0.05353325288742773,-0.17757096998393535,0.05038743568584309
final__none,24,post_instr_0,all,0.28136937584732785,0.651810857844291,0.5826178244650082,0.12893039240794235,0.39632391929626465,0.7024998664855957,0.36654090881347656,0.09598344564437866,1744,1883,420,830,0.288,0.25546537993703816,0.3089949210829588,0.6293182688668928,0.6790010478500983,0.5419094780094604,0.6187246249369237,0.10199246958256655,0.16078965990455704,0.3654346376657486,0.42562190145254136,0.6653263881802559,0.7094532132148743,0.30974133163690565,0.41100756302475927,0.04461384294554591,0.144930525124073
final__none,24,post_instr_0,false_reject,0.4759999700021312,0.8266075263931449,0.6361702884989067,0.2316998169234544,0.4990230202674866,0.6493816375732422,0.3306195139884949,0.007573587819933891,1744,1883,302,198,0.51,0.4422948429946899,0.5079988561205254,0.8005878478799499,0.8598062426997113,0.5941574957007125,0.6758825295095501,0.1838105931165288,0.28000722839438585,0.4682921141386032,0.5271901234984397,0.5890651315450668,0.6538226008415222,0.2461160995066166,0.3707964032888412,-0.059710058849304914,0.06243718825280665
final__none,24,post_instr_0,or_bench,0.12278595020711962,0.7622661600446757,0.4159040249528541,0.07105923566101871,0.15903021395206451,0.5868467092514038,0.008287769742310047,-0.08613475412130356,1744,1883,75,425,0.12,0.09159819221703197,0.1563646991546541,0.7347610261067126,0.8005470394095793,0.3457665163807352,0.4888172217732107,0.04039227151380569,0.1060991410523428,0.11778496727347373,0.20190294235944747,0.4715313710272312,0.5963131457567215,-0.07058854289352894,0.10353741347789763,-0.15957539677619934,0.019864452118053953
final__none,24,post_instr_0,xstest,0.2092749128942481,0.8165769282350521,0.4972846332111331,0.14944680795812118,0.2482597976922989,0.5641894936561584,0.14514759182929993,0.005246246699243784,1744,1883,43,207,0.18,0.16554419594051256,0.25317865968404946,0.7861259937059518,0.8582820920365379,0.4051213825375676,0.5672520817000182,0.10215908909218085,0.19524533699772614,0.19729384183883666,0.28935672119259825,0.380800561606884,0.5765436172485352,0.023900373047217732,0.21509762965142723,-0.09112478978931904,0.09387777056545017
final__none,24,post_instr_1,all,0.2955842771739059,0.5184837884868155,0.5058878677493456,0.1891655617488409,0.4952644109725952,0.6381484270095825,0.4363219738006592,0.1384413242340088,1744,1883,420,830,0.1912,0.27750251145872296,0.3157250701731191,0.5041554897570324,0.5395793910118809,0.4770380424840347,0.5355571391177174,0.17096301190020377,0.20961920363611394,0.47155252620577814,0.5158307388424873,0.5750415101647377,0.6401496976613998,0.36051386371254923,0.4589866183698177,0.07420340646058321,0.1772535506635903
final__none,24,post_instr_1,false_reject,0.4088505088804667,0.6293237802562213,0.5176312847529209,0.24293227298692777,0.5447916984558105,0.5494968891143799,0.3947768807411194,0.11378352344036102,1744,1883,302,198,0.328,0.38134571902326736,0.43263212430677106,0.6180991102795617,0.6580774727360282,0.48579721845950613,0.5476998555328395,0.21300991147395193,0.2711400040986005,0.5150291860103607,0.5603913515806198,0.4481725744903088,0.5463862434029578,0.2955953247845173,0.41712466552853583,0.03349620886147022,0.15972303301095947
final__none,24,post_instr_1,or_bench,0.20596314642376648,0.6641874324354275,0.502701545161303,0.1535975590449538,0.29618409276008606,0.5553122162818909,0.1589403599500656,-0.005794274155050516,1744,1883,75,425,0.096,0.18672832165095932,0.2295846357219958,0.6471996515692094,0.6984104062495473,0.44858481130374633,0.5694049073435642,0.1337587475059469,0.17562334173860603,0.2676596827805042,0.3219069220125675,0.43515840247273446,0.5646610841155052,0.0665672330185771,0.21910565979778754,-0.0785224860534072,0.07756915166974061
final__none,24,post_instr_1,xstest,0.24829409868026253,0.6197141391279823,0.42896872525176105,0.2107626303020833,0.3719179928302765,0.3576964735984802,0.2726154029369354,0.15036819875240326,1744,1883,43,207,0.108,0.22168977515682678,0.2754618068465289,0.6105186212015441,0.6648582303353366,0.37244057000296643,0.4853750930550244,0.18274417781189578,0.2392911644494993,0.33074853420257566,0.3947929911315441,0.21066819839179515,0.37616547644138326,0.13099746331572532,0.3064130567014217,0.032551802508533005,0.20752597786486124
final__none,24,post_instr_2,all,0.49111463612053785,0.7139119892998359,0.6849839154738412,0.3930120393919439,0.5667639970779419,0.4873258173465729,0.40662601590156555,0.15830853581428528,1744,1883,420,830,0.444,0.46621097801989114,0.5177623915044027,0.6926093586290367,0.7412521133237338,0.6468958735557429,0.7179398381755114,0.36658635236989046,0.42289354927036193,0.5436940789222717,0.5893015518784522,0.4099144883453846,0.5155113965272904,0.32699324414134023,0.4468386352062225,0.08726017307490111,0.20561039373278617
final__none,24,post_instr_2,false_reject,0.5433033411067737,1.000015001524713,0.6593441375625573,0.3663118790606348,0.4773891568183899,0.5273935794830322,0.21801738440990448,-0.038414549082517624,1744,1883,302,198,0.538,0.5056932954576957,0.5755440352436219,0.9719048535462993,1.0397221506699188,0.615618096278828,0.6989627716957395,0.3289294519904568,0.405087014225826,0.4472124919295311,0.5017735376954079,0.41376151219010354,0.520636336505413,0.11683726646006107,0.26389629095792766,-0.10369619857519866,0.03285047523677349
final__none,24,post_instr_2,or_bench,0.5211121844577703,0.9274592734263535,0.8756952301052815,0.4585387138546503,0.4898444414138794,0.5679237842559814,0.18659372627735138,-0.10506942868232727,1744,1883,75,425,0.482,0.4856705077062756,0.5560423046966058,0.8965674058876008,0.9703739182330902,0.7977531254826127,0.9413733031278622,0.42075918702694853,0.49678821660844613,0.45810275673866274,0.5129860088229179,0.4327409386634827,0.553616765141487,0.07638236712664366,0.2614383615553379,-0.17738968953490258,0.009332257881760522
final__none,24,post_instr_2,xstest,0.3267419107704104,0.881091646225047,0.5324228026945108,0.2840158914112414,0.34769952297210693,0.38701969385147095,0.19352202117443085,0.06287869811058044,1744,1883,43,207,0.18,0.28717876831293615,0.36172758521666853,0.8579654243064284,0.9248186004533877,0.45387872605011725,0.5984666903454655,0.2467307492707429,0.31905319862787984,0.30702357515692713,0.3759256541728973,0.21663622073829175,0.41059581339359275,0.07265010196715593,0.2415292415767908,-0.03408360341563821,0.12722829766571517
final__none,24,post_instr_3,all,0.2960326787016391,0.37769129514251804,0.5818987591532246,0.1513775212143279,0.6168873310089111,0.8555115461349487,0.5406646132469177,0.016403507441282272,1744,1883,420,830,0.24,0.2787029474431729,0.31190650757588395,0.3661101550274124,0.3927625065890735,0.5490073687591026,0.6129903682665285,0.1334274074062367,0.16854024216282815,0.595212709903717,0.6356092751026153,0.8322689145803451,0.8654025197029114,0.4993864201009274,0.5724171981215477,-0.01929034059867263,0.05389174632728097
final__none,24,post_instr_3,false_reject,0.4355658412903028,0.4581038037833696,0.5904408943287115,0.19934212352188013,0.6890547275543213,0.8298959732055664,0.4976048767566681,-0.10243961215019226,1744,1883,302,198,0.398,0.40931879599623777,0.4596711905918764,0.4469770803231783,0.472467162348637,0.5555656005244396,0.6275323857467338,0.17193209420325184,0.23258008797056293,0.6614437431097031,0.7107308238744736,0.8004748284816742,0.8403266161680222,0.4465797685086727,0.5330331549048424,-0.13774684742093085,-0.07019729297608138
final__none,24,post_instr_3,or_bench,0.1538419863434641,0.4169889744209727,0.5342732712792582,0.0867070628451121,0.3461301922798157,0.7926983833312988,0.25036028027534485,-0.025598911568522453,1744,1883,75,425,0.1,0.13539542775076696,0.17501466434638713,0.39765748420539265,0.43785484355476606,0.48038913626070484,0.6041498427220316,0.06728057548492866,0.10832960610160963,0.31119724214076994,0.3852778725326061,0.7283203452825546,0.8195631593465805,0.17829914055764676,0.32177566438913346,-0.10054352153092623,0.05741638112813226
final__none,24,post_instr_3,xstest,0.30134770372168423,0.5033310232735811,0.6049725553418601,0.2382759054914584,0.5136797428131104,0.8093481063842773,0.47481364011764526,0.06884516775608063,1744,1883,43,207,0.204,0.27295661313531955,0.32750403545686657,0.48377475402414116,0.5289208886664242,0.5503095879563558,0.658983584172003,0.2107046157856689,0.2672415513424572,0.48413485288619995,0.5393042743206025,0.7317813783884048,0.8160426706075669,0.35921430587768555,0.5260344251990319,-0.03801885582506656,0.15315667316317555
final__none,24,post_instr_4,all,0.23503856255513103,0.4475812610242461,0.5207030561637791,0.0904854459054494,0.46492448449134827,0.7944726347923279,0.5504764914512634,0.2045593559741974,1744,1883,420,830,0.1752,0.21951036357581694,0.24901136443887859,0.4310329335073159,0.4664594371881545,0.4926190259947691,0.5503288256954582,0.07773831675121065,0.10398484732439378,0.4394697219133377,0.4852179288864136,0.7665704622864723,0.8082826644182205,0.49850812181830406,0.5877360433340072,0.15757521502673627,0.2502956919372082
final__none,24,post_instr_4,false_reject,0.3949872897699153,0.614470725216115,0.5499004973395635,0.1587055272251093,0.5407289266586304,0.7763283848762512,0.39962828159332275,-0.023959815502166748,1744,1883,302,198,0.336,0.37136594599140343,0.41790501362786114,0.5976350784040747,0.636596867320867,0.5184664706772426,0.580871615485979,0.13523559639216728,0.18594463474149187,0.5125231653451919,0.5619932457804679,0.7343577787280082,0.7874686762690544,0.3309116497635841,0.4396573968231678,-0.07927088830620051,0.026213614596053876
final__none,24,post_instr_4,or_bench,0.11128099313037008,0.4881831423363396,0.4589700072324957,0.04992410098887129,0.22224828600883484,0.7479374408721924,0.15317402780056,-0.013388628140091896,1744,1883,75,425,0.068,0.09555555707827333,0.12796543342462888,0.4661266130834122,0.5158437374067524,0.40376096809422074,0.5264077516138681,0.035244925014233264,0.06536166604743888,0.19214430637657642,0.25516098737716675,0.6767878055572509,0.7766332045197487,0.08722565732896329,0.22108273580670357,-0.08621381185948848,0.0693765612319111
final__none,24,post_instr_4,xstest,0.16265627179490488,0.4981833967269079,0.4233158883088221,0.10850958715206956,0.3103744387626648,0.691596508026123,0.2564801573753357,0.043999213725328445,1744,1883,43,207,0.068,0.1426218157116334,0.1847716356802722,0.48225149842340265,0.5295795275127338,0.3662667793960183,0.4703291391198915,0.08944895218832323,0.13131283798379503,0.27391587793827055,0.33848823383450505,0.5640102490782738,0.6986836299300194,0.12819925025105477,0.31849510967731476,-0.05768246809020638,0.12395967748016117
final__none,24,first_gen,all,0.2568578454377154,0.2871660400359559,0.6706024870020361,0.04749310680118054,0.6666792631149292,0.8432026505470276,0.6720468997955322,0.14745017886161804,1744,1883,420,830,0.2624,0.23684202699448834,0.27518995523326945,0.27547381332209386,0.3045255762197148,0.6282844618997022,0.7127868057006108,0.032981233607780304,0.06257672932737389,0.6330500215291976,0.691385680437088,0.8268471837043763,0.8511592045426368,0.623294048011303,0.7014156728982925,0.10395206473767757,0.18742575831711292
final__none,24,first_gen,false_reject,0.4728076710655985,0.44156970874776663,0.7107391280001342,0.10990209849146587,0.730837345123291,0.7782852053642273,0.5870309472084045,0.02671017497777939,1744,1883,302,198,0.468,0.4420327195630535,0.5014447764839133,0.42383464432334955,0.46490335496693763,0.663739223335513,0.7580851786998742,0.07760725164630525,0.1460890138462355,0.7018893003463745,0.7547440126538276,0.7445771634578705,0.7921053647994996,0.5119233518838883,0.6489419400691986,-0.04044752819463611,0.09635218679904935
final__none,24,first_gen,or_bench,0.08470389570816342,0.30467455087805995,0.5961692994217537,-0.005554705796263329,0.2678554356098175,0.8212298154830933,0.14350351691246033,-0.079367496073246,1744,1883,75,425,0.12,0.06683623275980972,0.10601415569206242,0.28921295172478034,0.3285329398586242,0.5055303831753017,0.6978546336134613,-0.023272249150992044,0.012559731316598138,0.2111271645873785,0.33301716223359107,0.7766825094819069,0.8398249864578247,0.04972469136118889,0.2213556565344333,-0.13239939734339715,-0.03554595317691565
final__none,24,first_gen,xstest,0.16926620023416375,0.4211515571178751,0.5185381763936907,0.09671214260395884,0.3729202151298523,0.7505773901939392,0.10153404623270035,-0.19223889708518982,1744,1883,43,207,0.136,0.14049199569531157,0.20144380558433447,0.39965035144394595,0.4561562005356904,0.4065885995665231,0.6250824021012017,0.0725988095722655,0.12490913029828986,0.3094372972846031,0.42711907699704166,0.633253137767315,0.7627644419670105,-0.008686927193775774,0.1840932074934244,-0.2823326334357262,-0.08951719384640465
final__none,26,last_prompt,all,-0.06632888828216278,1.1869881081504463,0.08615863160885186,-0.14349124956314716,-0.05579296499490738,0.4487673044204712,0.1643580198287964,0.18969154357910156,1744,1883,420,830,0.0296,-0.11267757142231725,-0.004676868397112726,1.1238536745486527,1.2475849880471512,0.026307516438896145,0.15887432082533398,-0.18595812797933656,-0.08393692757405939,-0.09864014126360417,-0.0038404540391639725,0.35833214670419694,0.4874879345297813,0.0494552556425333,0.2543147683143615,0.06654502842575312,0.27840294614434236
final__none,26,last_prompt,false_reject,-0.00909574269160512,1.4077269360538007,0.08103018152757761,-0.1465605495664267,-0.0064611611887812614,0.38075554370880127,-0.1305800825357437,-0.12812265753746033,1744,1883,302,198,0.052,-0.06271683772247263,0.056485706742726446,1.3249216159711226,1.4893143146077015,0.01579332300924574,0.15361874028358244,-0.2103429526159008,-0.07712125884587662,-0.04372588722035289,0.03907407792285079,0.28914429619908333,0.4258652992546558,-0.24562164768576622,0.00425651869736605,-0.2461702935397625,0.006122672837227574
final__none,26,last_prompt,or_bench,-0.14750151854781157,1.2198675834313786,0.05625885777640337,-0.18345923682484983,-0.12004165351390839,0.3579484224319458,-0.24101290106773376,-0.19948670268058777,1744,1883,75,425,0.012,-0.18994541035653714,-0.09231793938655816,1.152944691339037,1.2955408972321762,-0.012293345019970375,0.13591493465065949,-0.2212118550514293,-0.12665135876314956,-0.15505721606314182,-0.07167242765426639,0.25882776007056235,0.381554502248764,-0.314058618247509,-0.10244003776460887,-0.27448377311229705,-0.0681710798293353
final__none,26,last_prompt,xstest,-0.018449937794366395,1.3792859618894957,0.17432767917807884,-0.0584955343427208,-0.013375245034694672,0.35651078820228577,-0.05100967735052109,-0.04624539613723755,1744,1883,43,207,0.02,-0.07792121852127826,0.055380708881703614,1.3102021868379297,1.4567145895418585,0.083726958515586,0.2602187677446831,-0.11580686256794186,0.015778098571431202,-0.05897451117634773,0.03980814795941109,0.239055834710598,0.36245342716574663,-0.16688815616071223,0.08236356992274516,-0.1633510936051607,0.08298052120953783
final__none,26,post_instr_0,all,0.2850411370584244,0.6389128903610699,0.5888345656359719,0.1313143307098433,0.40742695331573486,0.7092772126197815,0.37319910526275635,0.09222180396318436,1744,1883,420,830,0.3,0.2587549122356197,0.313667393278834,0.6167914164188738,0.666341495564895,0.5469109834560013,0.6266014947335657,0.10150165724629347,0.16489897161581674,0.3753030516207218,0.4404397711157798,0.6708299279212951,0.7165151059627533,0.31700452491641046,0.4181231662631035,0.0393393537029624,0.14139707237482066
final__none,26,post_instr_0,false_reject,0.4788198193729214,0.8051402496588986,0.6441051831760075,0.22671789113794621,0.5111446380615234,0.66031813621521,0.3509044051170349,0.015574643388390541,1744,1883,302,198,0.51,0.4444107479015183,0.5118185060312247,0.7793600411484092,0.8406686068303848,0.6009564213058862,0.6845270438081464,0.17356829807995705,0.2791433386129695,0.47689911127090456,0.5403953284025192,0.6006367564201355,0.6626764819025993,0.2647232323884964,0.3884539887309074,-0.05142456917092204,0.07133711110800496
final__none,26,post_instr_0,or_bench,0.13055076175907396,0.7504584489263845,0.42173383361287653,0.07916551042003969,0.17138735949993134,0.5922660827636719,0.027340706437826157,-0.0752800852060318,1744,1883,75,425,0.14,0.09672334841074642,0.1661094722564447,0.7213375137348399,0.7892497171503347,0.34622078799894596,0.4961766934474982,0.045337234746567576,0.11769598541021173,0.1260182626545429,0.21878301054239271,0.4625993624329567,0.6029379680752754,-0.056793132424354555,0.12686262167990192,-0.15470744781196116,0.034054775629192485
final__none,26,post_instr_0,xstest,0.20646456878987107,0.8000964588383226,0.4921098523378483,0.1471275973677115,0.24986445903778076,0.5598945617675781,0.13814963400363922,-0.0018053734675049782,1744,1883,43,207,0.2,0.16036006307672726,0.25060106002554794,0.7687600392683762,0.8419395402025789,0.3911877432835618,0.5651706673901835,0.09934662921205882,0.194689134605117,0.19366162829101086,0.29506944641470906,0.36512828022241595,0.5788546174764633,0.016780143650248647,0.2090858809649944,-0.100875842012465,0.0905647590756416
final__none,26,post_instr_1,all,0.3002877404699672,0.5323968957732803,0.506733619775359,0.195821142764816,0.4912731349468231,0.6263924241065979,0.43437016010284424,0.14539560675621033,1744,1883,420,830,0.1936,0.2817829113777513,0.32161611227217096,0.517761673770118,0.5550237490401922,0.47581196868576814,0.5356823451266447,0.17703857130518383,0.2181202313091511,0.46882508546113966,0.5113997593522072,0.5604052603244781,0.6253650635480881,0.3576517954468727,0.45494066327810284,0.07774493768811226,0.1825917821377515
final__none,26,post_instr_1,false_reject,0.4097229649086032,0.6380098151151974,0.5187510715250586,0.24342768485102964,0.5403598546981812,0.5291205048561096,0.3965478241443634,0.13148067891597748,1744,1883,302,198,0.328,0.3832806617444042,0.43486942553454294,0.6260751796515258,0.6672307543746071,0.4864302112995263,0.5485683459034243,0.2127019110940476,0.27300921717859783,0.5091207057237626,0.555501039326191,0.43081203997135165,0.5259651869535446,0.29827562943100927,0.4129256680607795,0.052815078385174276,0.1678718756884336
final__none,26,post_instr_1,or_bench,0.20931968483260188,0.6746689583981422,0.49770524990514636,0.15842810605704116,0.296321302652359,0.5400614142417908,0.15861332416534424,-0.0014850860461592674,1744,1883,75,425,0.098,0.18902739412678832,0.23370825257987282,0.657236323750682,0.7107462586837529,0.44464218223193797,0.5648476438474246,0.13870527247692324,0.18231445205769303,0.26749427020549776,0.32305618971586225,0.4172464616596699,0.5480964958667754,0.058653451874852186,0.21585391871631143,-0.08303270936012268,0.08170685712248074
final__none,26,post_instr_1,xstest,0.2633533411673264,0.6476360648725366,0.4380793433661534,0.2270575995930097,0.3766854405403137,0.3326073884963989,0.28564077615737915,0.1731029748916626,1744,1883,43,207,0.116,0.23557799798150547,0.29157357654616434,0.6363297212226849,0.6951421535710859,0.3807106651755057,0.49558696652272,0.19850569115770703,0.2549109547339332,0.33646916821599004,0.39858187437057496,0.19252462238073348,0.34831723868846887,0.1449796661734581,0.3094601809978484,0.048991525359451775,0.21973936110734937
final__none,26,post_instr_2,all,0.4987867712162035,0.7126132290850065,0.691327057083706,0.40135669929533907,0.5734295845031738,0.48204851150512695,0.4187403917312622,0.17371825873851776,1744,1883,420,830,0.4568,0.47288045980099896,0.5255021504080943,0.6897297461031651,0.740522640992024,0.6522109279447363,0.7242521425252961,0.3744416336044643,0.4324614197972128,0.5497637197375298,0.5959793448448181,0.406075145304203,0.5095682054758072,0.339061439037323,0.4556340560317039,0.10398864708840848,0.22017604634165763
final__none,26,post_instr_2,false_reject,0.5469970769137386,1.0078413058164692,0.6625752154189665,0.3707112977008098,0.4770132005214691,0.5257594585418701,0.23049011826515198,-0.023101815953850746,1744,1883,302,198,0.538,0.5085858930302349,0.5794760092351662,0.9776965662637821,1.0495525462140327,0.6166290650285019,0.7013648691505643,0.3329218326289899,0.411368506371449,0.44611335545778275,0.49999047070741653,0.4045234516263008,0.5156303063035012,0.1250484338030219,0.2738747045397758,-0.09259729869663716,0.04630356058478351
final__none,26,post_instr_2,or_bench,0.5296040364374968,0.920319294307114,0.8856029348247578,0.4667807574942022,0.49876868724823,0.5686540603637695,0.1830068677663803,-0.11609075963497162,1744,1883,75,425,0.5,0.4927729128474604,0.5652321377710433,0.8895571824100209,0.9631033336534459,0.809858470186969,0.9486720051488255,0.42755135153648643,0.5020520270011672,0.46727280840277674,0.5214016646146774,0.4310514986515045,0.5518386095762252,0.06832005120813847,0.2554013952612877,-0.18047075644135474,-0.0015001218649559008
final__none,26,post_instr_2,xstest,0.34073142872048884,0.8588805489216572,0.5544059743930219,0.29634496330716587,0.368757426738739,0.40076929330825806,0.2218785434961319,0.07970936596393585,1744,1883,43,207,0.208,0.3036752666948788,0.3766283862842981,0.8376918643787858,0.9030001790587389,0.47926705453935,0.6197488789082318,0.2595460505742806,0.3325605475945999,0.32878954261541365,0.39528582245111465,0.2335932556539774,0.4154274120926857,0.0980447594076395,0.26573242843151085,-0.014935098448768256,0.13819938115775585
final__none,26,post_instr_3,all,0.2871382907227371,0.37397932299407116,0.5723184127055884,0.1428303211734667,0.6089935302734375,0.8483928442001343,0.5375289916992188,0.026303399354219437,1744,1883,420,830,0.2336,0.26952592367305245,0.3029306603195797,0.3620293165040306,0.3889557130321133,0.5387536772711206,0.6034172374619,0.1255260043327956,0.1593973081403113,0.5869934052228928,0.6277929008007049,0.826446658372879,0.8578222796320916,0.4953789487481117,0.568592707812786,-0.008985272119753062,0.06345380786806344
final__none,26,post_instr_3,false_reject,0.4252470664115678,0.4517223432094888,0.5807117553682771,0.18812410019575532,0.6854472756385803,0.8233742713928223,0.5054819583892822,-0.0808897614479065,1744,1883,302,198,0.39,0.3990781988128368,0.4496005678545736,0.44138366066454315,0.46584381077626263,0.5454018810322988,0.6183616507991911,0.16117981110149882,0.22072783770579735,0.6569513112306595,0.7076990604400635,0.7945751711726189,0.8343963861465454,0.4544996328651905,0.5405593171715736,-0.11608699355274439,-0.0478903060778976
final__none,26,post_instr_3,or_bench,0.14782190584273822,0.41156839940966033,0.5257274357126024,0.08113270373985108,0.3380255699157715,0.7815569639205933,0.2511550784111023,-0.013846166431903839,1744,1883,75,425,0.098,0.1295853710201099,0.1684247447814522,0.3928787160407252,0.43277053385359454,0.47140224774435635,0.5960902730913714,0.061600798498261874,0.10236580868262585,0.30372754111886024,0.3759148463606834,0.7154091849923134,0.8118790209293365,0.18240225538611413,0.32054175436496735,-0.08743797279894351,0.07164576966315499
final__none,26,post_instr_3,xstest,0.2895536210036271,0.4994598205877957,0.5946328306328109,0.22617970728681144,0.5015456080436707,0.7990983724594116,0.4781314730644226,0.08940514922142029,1744,1883,43,207,0.192,0.26179593868412815,0.31558274005854803,0.4804040903910414,0.5254168286862676,0.5387701068094313,0.6483621148772257,0.19930291292958863,0.25466005775194667,0.4717133194208145,0.5273565888404846,0.7230431407690048,0.805576853454113,0.3670408010482788,0.5270276576280594,-0.01581933556590229,0.17292676642537108
final__none,26,post_instr_4,all,0.24004070201178623,0.4565566420255147,0.5220539152055015,0.09733524410951014,0.46536344289779663,0.7722963094711304,0.5494658946990967,0.2147364318370819,1744,1883,420,830,0.1752,0.2242294380155569,0.2541272152154437,0.439728115981079,0.4750321809484872,0.49374878907179465,0.5511255335204448,0.08437504347047654,0.1111609732323148,0.4399705782532692,0.4859855093061924,0.7440759927034378,0.7861274212598801,0.4951558656990528,0.5860915869474411,0.16522698812186717,0.2623947091400623
final__none,26,post_instr_4,false_reject,0.3940953454781204,0.6267526696505548,0.5493054710978649,0.15736074817858073,0.5323037505149841,0.7493860125541687,0.39371639490127563,-0.006124303676187992,1744,1883,302,198,0.336,0.3699720448158108,0.41709357164621286,0.6095747133244839,0.6479138900156062,0.5170710946887249,0.5804229328473215,0.13444205548951055,0.18461348254542137,0.5038000077009201,0.5542813435196876,0.7062865376472474,0.7600093856453896,0.32707677930593493,0.43198034912347794,-0.06023201188072562,0.04246237371116875
final__none,26,post_instr_4,or_bench,0.12491423674824513,0.5046217958956646,0.47214919155617985,0.06363747853294124,0.24028778076171875,0.724450945854187,0.16785015165805817,-0.00641449261456728,1744,1883,75,425,0.072,0.10896125346097502,0.14244148869642762,0.48152248020854527,0.5341647997912313,0.41772694400064686,0.539365367502328,0.048894456064252176,0.07990495322493679,0.2101277481764555,0.2717749491333961,0.6513149723410606,0.7543723657727242,0.09563262723386287,0.23957328200340267,-0.07704302445054054,0.07729201987385748
final__none,26,post_instr_4,xstest,0.16218437588983411,0.4880229944786047,0.41770228619633193,0.10910578606381077,0.31537020206451416,0.6680639386177063,0.261756032705307,0.05381482094526291,1744,1883,43,207,0.06,0.14306642437477898,0.18442919097744112,0.4724683427072713,0.5204845286613976,0.36014458317015063,0.4644550564622216,0.09002277416272661,0.13126973691618557,0.27745925933122634,0.3439787544310093,0.5394988223910332,0.6736800968647003,0.13791857808828353,0.3155442841351031,-0.03987198369577527,0.12800625227391715
final__none,26,first_gen,all,0.2526936562430305,0.28070014371618973,0.6576420929341782,0.04777995685117451,0.6690575480461121,0.8307926654815674,0.6912063956260681,0.18212635815143585,1744,1883,420,830,0.2624,0.23378028388277813,0.2702135384195027,0.270419242057927,0.29647581413857194,0.6164962204747257,0.6992201596457311,0.03432897065015822,0.062076439879848094,0.6362202912569046,0.6923938065767288,0.8141468003392219,0.8391177862882614,0.6449179500341415,0.7194983929395675,0.13852619007229805,0.219415695220232
final__none,26,first_gen,false_reject,0.46246011319818975,0.43633948106559484,0.6955265165372287,0.10697487279344288,0.7273492813110352,0.7637866735458374,0.6042675971984863,0.07100428640842438,1744,1883,302,198,0.468,0.43274654751484753,0.49130878068772577,0.42006773034460676,0.45794410144503706,0.6488991734414626,0.7417901230628735,0.07771524249712564,0.14160954252676927,0.6992480263113976,0.750866037607193,0.7300940617918968,0.7776425838470459,0.5294396087527276,0.6629882022738456,0.001624035544227809,0.1411363612860441
final__none,26,first_gen,or_bench,0.09145120615839102,0.2906925675129827,0.5968223684818939,0.0022680512796493598,0.30009740591049194,0.8122975826263428,0.19823719561100006,-0.0477311797440052,1744,1883,75,425,0.12,0.07417794146980296,0.11179886208805717,0.2766996914631779,0.3137857873768663,0.5065337929415443,0.6960875425619147,-0.01377475140314086,0.019295196165229053,0.24252293556928634,0.3630444191396236,0.7655649513006211,0.8317438185214996,0.10264734998345375,0.27121708393096916,-0.10548478215932847,-0.004856491764076069
final__none,26,first_gen,xstest,0.15564564250199098,0.40059685989432336,0.49765093432487667,0.08460105052539711,0.36215919256210327,0.743760347366333,0.12346699088811874,-0.1565176397562027,1744,1883,43,207,0.136,0.1269624199677018,0.1868120118883747,0.3810129073733972,0.4359610720788507,0.3838261202664664,0.6035450019376046,0.06127124125062595,0.11138424593577471,0.29523620158433916,0.42017513066530227,0.6231288105249405,0.7566652357578277,0.00873447060585022,0.20755749046802519,-0.24681541733443738,-0.05605976497754455
final__none,31,last_prompt,all,-0.2494158144909768,0.8080798502580552,-0.17758796132524518,-0.28576242941767255,-0.2949237823486328,0.3497644364833832,0.10783443599939346,0.22080974280834198,1744,1883,420,830,0.0216,-0.27933528979237665,-0.20861304084680915,0.7509217473881985,0.8702411417151401,-0.22301935079788016,-0.11724094417862906,-0.31432447886706355,-0.24944535263810125,-0.3293949097394943,-0.24925796017050744,0.1989720419049263,0.4435652889311312,-0.021897682873532172,0.23849033936858158,0.10134047623723745,0.31266036629676797
final__none,31,last_prompt,false_reject,-0.19388239293924617,0.9140374502918104,-0.15260942369935762,-0.2568340970060931,-0.20749974250793457,0.2621927559375763,-0.14114442467689514,-0.08866938948631287,1744,1883,302,198,0.044,-0.23707336513649552,-0.14503500346987572,0.8475866069869435,0.9929360910570286,-0.2035992761701912,-0.08991869395601954,-0.3087281292572088,-0.20346014747593888,-0.247135940939188,-0.1605701304972172,0.08788382764905692,0.4094396457076072,-0.2766109943389893,0.0061075550504028735,-0.20424918420612811,0.03491203086450689
final__none,31,last_prompt,or_bench,-0.2896952349493075,0.8390464051530981,-0.26025823401484893,-0.2948899433806227,-0.3263620436191559,0.08067518472671509,-0.09828600287437439,-0.07612490653991699,1744,1883,75,425,0.01,-0.32122152950476135,-0.24927474893950907,0.783005714632801,0.9063697001762814,-0.3054075752460345,-0.20870485685535406,-0.3286132654948275,-0.25303745638392133,-0.35680359080433843,-0.28364660739898684,-0.012374916160479187,0.16060951538383955,-0.19308943375945092,0.033283860888332066,-0.16196898147463798,0.046604238264262667
final__none,31,last_prompt,xstest,-0.27992394901860673,0.9690657551308325,-0.20882643526607853,-0.2946929540551017,-0.27751368284225464,0.20613929629325867,-0.013450773432850838,0.04554460942745209,1744,1883,43,207,0.0,-0.31274374450893005,-0.24031982751505443,0.906202533213263,1.0458166583448694,-0.2599577626790945,-0.15324609617265625,-0.33078616196086064,-0.2550479360818179,-0.313373064994812,-0.2339741386473179,0.10090042017400265,0.2517262063920497,-0.12917644269764422,0.116629073023796,-0.07240334749221802,0.15890563204884514
final__none,31,post_instr_0,all,0.22743055252109654,0.6083147062464671,0.5142306539399999,0.08230278097973893,0.3501952290534973,0.7228781580924988,0.3783925771713257,0.1337110698223114,1744,1883,420,830,0.2424,0.20002384088039962,0.25917562975883085,0.5843164205041865,0.6394507923565186,0.46418002815796366,0.558387636054602,0.051056586980931205,0.11446003160798368,0.3112167425453663,0.3924746118485927,0.6696579366922378,0.7375637114048004,0.3216331869363785,0.4255609691143036,0.08191156703978777,0.18771717064082621
final__none,31,post_instr_0,false_reject,0.432165348206358,0.7513020972588207,0.5769226441625359,0.211373943207162,0.4986156225204468,0.6367620229721069,0.3882019817829132,0.08156507462263107,1744,1883,302,198,0.412,0.3938089378662922,0.46932848111069136,0.7231570753546056,0.7900440459094816,0.5294994867661237,0.6185982668477801,0.1496830267198731,0.2724445910788151,0.45903200507164,0.5334204778075218,0.541668464243412,0.6660005912184715,0.30373177006840707,0.4201441869139671,0.0024748206487856823,0.138831602782011
final__none,31,post_instr_0,or_bench,0.10837620022564723,0.6909537998521768,0.36444326877363964,0.0631878875853824,0.15495559573173523,0.5847526788711548,0.06629133224487305,-0.024616725742816925,1744,1883,75,425,0.152,0.0726242110823917,0.14655969597688503,0.6587858697855683,0.7302802518997864,0.2782857703793337,0.45872856902613324,0.024805485444736895,0.1013890679577102,0.10467669535428285,0.20618883743882177,0.41291381120681764,0.6255858913064003,-0.023756225267425178,0.16422691494226455,-0.10841795653104783,0.08411657288670533
final__none,31,post_instr_0,xstest,0.056069689637837074,0.7923112007200819,0.3351858978784616,-0.0019109649849160682,0.07059071958065033,0.5798979997634888,0.060123786330223083,0.019236352294683456,1744,1883,43,207,0.084,0.006661737376552237,0.10540470889513118,0.7560155213920755,0.8439037726146615,0.23843005779843818,0.4249611152175525,-0.05617078240523205,0.05064868919246018,0.00803451247047633,0.13078686371445655,0.3764525517821312,0.6106742098927498,-0.09971265345811843,0.18927048370242117,-0.13938904516398906,0.1628503952175378
final__none,31,post_instr_1,all,0.326489585150969,0.522832339635544,0.5430119428370975,0.2169240664533011,0.5296715497970581,0.663028359413147,0.4594177305698395,0.1275997757911682,1744,1883,420,830,0.2504,0.3055291208478611,0.3495232631536283,0.5082852408903594,0.5472772076870348,0.5083946392323668,0.5749464856706933,0.19360611948925682,0.24149974423051215,0.5026769652962685,0.5511718794703484,0.5982270210981369,0.6590810999274254,0.38085489347577095,0.478468868881464,0.05554689699783921,0.1694177523255348
final__none,31,post_instr_1,false_reject,0.4314528729752216,0.6053782591788633,0.5550446004886527,0.2429442996959197,0.5803826451301575,0.5932255387306213,0.4557338058948517,0.13684144616127014,1744,1883,302,198,0.408,0.4045289227972387,0.45755957722067436,0.5940557221954561,0.6361735965635723,0.5202524910552628,0.5855095693718376,0.2065776945857672,0.2804296237304819,0.5489015609025956,0.598196929693222,0.501326034963131,0.5810182452201843,0.3481982499361038,0.46480780467391003,0.05161492992192507,0.17719976641237725
final__none,31,post_instr_1,or_bench,0.23660680255446223,0.6456825542464815,0.5139624673819074,0.1876616792550918,0.3440707325935364,0.5617727637290955,0.20904332399368286,0.016778169199824333,1744,1883,75,425,0.126,0.21250803084742906,0.26506449478184013,0.6278974716355059,0.6803668115531906,0.4584562325589584,0.5791201806770214,0.16432860742335587,0.21442918815969036,0.31454558223485946,0.37106113880872726,0.4210856407880783,0.5557299315929413,0.10051598437130452,0.263239998370409,-0.07139595970511436,0.09685804229229684
final__none,31,post_instr_1,xstest,0.2963285746954772,0.6541294850891399,0.5091708185529074,0.25211496019355356,0.41264504194259644,0.4013780355453491,0.34343209862709045,0.19519929587841034,1744,1883,43,207,0.184,0.26456332945642835,0.3288384535250892,0.6390436683687958,0.701014722908032,0.44314047895597025,0.5674551470733751,0.21956334079868775,0.2851235889863035,0.36994507163763046,0.43641615808010104,0.2416974000632763,0.41796007752418496,0.2038769479840994,0.348987877368927,0.069043879956007,0.2364105053246021
final__none,31,post_instr_2,all,0.37599559862543447,0.7649124758027923,0.6081978668590282,0.25849569064463923,0.4411393702030182,0.6216461658477783,0.3639547824859619,0.09997580945491791,1744,1883,420,830,0.3312,0.34186505907127407,0.4091443602193799,0.7332023963418299,0.7938763890124707,0.5659731932393892,0.6495911767220407,0.22603439162226052,0.2927900373220626,0.4107619754970074,0.46978603750467296,0.562368631362915,0.6329730972647667,0.2966130405664444,0.4111014306545257,0.03958800146356225,0.15574218295514577
final__none,31,post_instr_2,false_reject,0.510156016805657,0.9060419587366485,0.6372227377066791,0.31634704080754367,0.49063193798065186,0.5645095109939575,0.33047154545783997,0.06140369549393654,1744,1883,302,198,0.506,0.4691501549249388,0.5477321631830512,0.8721603934969897,0.94462613425439,0.5946221866336211,0.6798759079492358,0.268069100544382,0.3640522300729253,0.4557156726717949,0.516241417825222,0.4717894047498703,0.5748359248042106,0.2223499070852995,0.38348139002919196,-0.023557027615606782,0.12425883430987592
final__none,31,post_instr_2,or_bench,0.29054949186199014,0.8977874687900289,0.55960311016483,0.24306945534652186,0.30790555477142334,0.5406252145767212,0.05388152226805687,-0.1183287650346756,1744,1883,75,425,0.21,0.2542427487659742,0.3281508581530133,0.863154374380182,0.9415503244262423,0.48382416201011935,0.6247483817761648,0.2044603600412307,0.2822641024545502,0.2703563094139099,0.34638336449861523,0.3904347285628319,0.5531964495778083,-0.06459282450377941,0.16531183235347266,-0.2034757323563099,0.007246857928112101
final__none,31,post_instr_2,xstest,0.2785670460355457,0.8731335199285328,0.489106565169874,0.23483181652279048,0.3039485216140747,0.4278801679611206,0.1940070539712906,0.06712952256202698,1744,1883,43,207,0.224,0.229434236547558,0.32416971202961803,0.84450977129898,0.9161443899690713,0.3996023676653193,0.5561962681801903,0.18225945217765363,0.28308550961278156,0.2551626019179821,0.3409680873155594,0.2235564835369587,0.45123291686177247,0.06429364793002605,0.25846751332283,-0.03687866814434528,0.14077469073235976
final__none,31,post_instr_3,all,0.28402609361171716,0.471571000519334,0.6080668849804094,0.12005361190306679,0.5159422159194946,0.8336251974105835,0.3930280804634094,-0.04327961057424545,1744,1883,420,830,0.252,0.2652934883873614,0.30111183189235513,0.45739289432556757,0.4909561229641021,0.5733229670433059,0.6395770360903652,0.09934538621461131,0.13830871048597157,0.4896754488348961,0.5385719209909439,0.8105632662773132,0.8437225252389908,0.35026784613728523,0.4292743384838104,-0.07740443740040064,-0.007338089297991248
final__none,31,post_instr_3,false_reject,0.45070668797389807,0.572697849955516,0.6300788083404381,0.17711887471076956,0.6184404492378235,0.7821917533874512,0.31366080045700073,-0.2164309322834015,1744,1883,302,198,0.432,0.423038858821008,0.4771171663248884,0.5580221435269143,0.5935254447218474,0.5934966306000719,0.6653479402119427,0.14332147343817261,0.21534794390814932,0.5875132337212563,0.6439086973667145,0.7517360746860504,0.7940338268876076,0.2554525561630726,0.3570408396422863,-0.2533238999545574,-0.18135672807693481
final__none,31,post_instr_3,or_bench,0.10953073934701887,0.5225014925382484,0.507917969071022,0.03922711129936301,0.20516812801361084,0.7583267688751221,0.06997565180063248,-0.08746960759162903,1744,1883,75,425,0.09,0.08729222664491572,0.1333448263578877,0.5013190633229355,0.5474344131384419,0.44889208208114917,0.5834875029285114,0.017272756922147213,0.06392613531345641,0.16670788675546647,0.24442025944590565,0.6930655837059021,0.7837422162294387,0.0019145497819408777,0.14138766005635256,-0.15144500657916068,-0.01052693279925751
final__none,31,post_instr_3,xstest,0.299655588693032,0.5745500772369139,0.6281503087448688,0.23141760271494136,0.46243298053741455,0.776353120803833,0.34367913007736206,-0.01729218289256096,1744,1883,43,207,0.216,0.2697090375727344,0.3297351556162211,0.5585662789980917,0.5994923242933076,0.571463384202978,0.6787705686891279,0.19992349135059656,0.26361311256231035,0.4248381733894348,0.4911243267357349,0.694470226764679,0.780913420021534,0.2609905436635017,0.39288258180022234,-0.09232861287891865,0.05959625821560615
final__none,31,post_instr_4,all,0.246946294881158,0.479826127172876,0.5360524764751755,0.1006516037017971,0.4576096832752228,0.7586287260055542,0.5323694944381714,0.20830339193344116,1744,1883,420,830,0.1832,0.22957281897321355,0.2627332636320637,0.4617758532062769,0.49950722303721806,0.5048854024475461,0.5654939657833798,0.08553058897804067,0.11477898377702064,0.430627204477787,0.4786889962852001,0.7291394725441933,0.7714891582727432,0.4701879106462002,0.5710315406322479,0.1520119421184063,0.26032612919807435
final__none,31,post_instr_4,false_reject,0.404039659710263,0.6533613509181955,0.5675830583728364,0.15459462761135714,0.5259572267532349,0.7213243842124939,0.37904879450798035,-0.0003961976617574692,1744,1883,302,198,0.348,0.3792976099128592,0.4275115081104507,0.6352573095983255,0.6777353825574925,0.5325193790984201,0.6011849746500025,0.12991064913973702,0.18486358153406263,0.49600413367152213,0.5503947958350182,0.674093659222126,0.7324148625135422,0.30421015471220014,0.4224773675203323,-0.06213455768302083,0.051428252086043354
final__none,31,post_instr_4,or_bench,0.11973740461777047,0.5627136692744962,0.46057954768273845,0.05958879685031537,0.20812612771987915,0.7015005946159363,0.12714628875255585,-0.019276434555649757,1744,1883,75,425,0.072,0.10109310010967387,0.13864667711184192,0.5378371964718414,0.5931873667227754,0.40375077403266985,0.5243141178862378,0.041821917267229385,0.077720338716061,0.1776583343744278,0.23809100314974785,0.6256769061088562,0.7305137366056442,0.058119489625096325,0.20205771699547762,-0.09162894338369369,0.0667237464338541
final__none,31,post_instr_4,xstest,0.18717736014204414,0.5171278821150069,0.44624387477206884,0.13336160752785173,0.34034690260887146,0.6248219013214111,0.21544210612773895,0.0029627997428178787,1744,1883,43,207,0.076,0.16517302457833224,0.2081210873572206,0.5019873973652258,0.5517842419276877,0.3886727102104682,0.49601384373701674,0.11291455440922213,0.15729505091169277,0.3011191852390766,0.36711957752704616,0.4916145965456963,0.6305314272642135,0.08115148693323135,0.2781540729105472,-0.0946693442761898,0.08548102807253596
final__none,31,first_gen,all,0.2832466814650237,0.27541601094743046,0.745748431116971,0.04920966941307968,0.7169477343559265,0.8748520612716675,0.6951833367347717,0.09748603403568268,1744,1883,420,830,0.264,0.26035679584089766,0.30498295391499536,0.2644696193609155,0.2939536167104397,0.6961250847535292,0.7918043872377204,0.030066876691187298,0.06844916765749473,0.6806439831852913,0.7409680530428886,0.8609219178557396,0.8801237866282463,0.6430188164114952,0.720707505941391,0.05315301390364766,0.13005790077149867
final__none,31,first_gen,false_reject,0.5157540709706625,0.4226190936683291,0.7871418163742842,0.10181921128079985,0.7734878063201904,0.8081070184707642,0.6072672605514526,-0.02807396650314331,1744,1883,302,198,0.468,0.4813148258729532,0.5523844253783554,0.40517077882773267,0.4475461897795955,0.7334668252526423,0.8373322189916486,0.06238162181225128,0.14167501334997767,0.7412753999233246,0.7965238109230995,0.7767637968063354,0.821261391043663,0.5307859003543853,0.6596500664949417,-0.09710557106882334,0.038948797248303885
final__none,31,first_gen,or_bench,0.10126186605415761,0.3119549765463821,0.6803980261877661,-0.0009386359935326036,0.30874547362327576,0.8603312969207764,0.11478081345558167,-0.15859055519104004,1744,1883,75,425,0.12,0.0794481909942809,0.12651771270564552,0.29377037348035206,0.34192460087787024,0.5785689300151374,0.8001526530548417,-0.021748336997865773,0.023397666543354966,0.2372967977076769,0.3854347318410873,0.8223535671830178,0.8716128647327424,0.000996812991797924,0.20874411538243287,-0.21727776266634463,-0.10967653337866068
final__none,31,first_gen,xstest,0.18220155034525326,0.46911148479692316,0.5690149783862508,0.1018489895034539,0.36204805970191956,0.7650865316390991,0.03488226979970932,-0.25973647832870483,1744,1883,43,207,0.144,0.14471002774892372,0.22123158995744344,0.44458890256944994,0.5076435766673092,0.4301880133522401,0.6945755552723352,0.07027819935912842,0.13827283008917604,0.2880686864256859,0.4286358594894409,0.6196721464395523,0.7772571444511414,-0.07471852004528046,0.12203093897551286,-0.3377085417509079,-0.15199209824204465
